2026-04-28 15:52:21,384 - __main__ - INFO - ==================================================
2026-04-28 15:52:21,384 - __main__ - INFO - EliteUniteTime Bot Starting...
2026-04-28 15:52:21,384 - __main__ - INFO - ==================================================
2026-04-28 15:52:22,063 - database.db - INFO - Table 'users' initialized successfully
2026-04-28 15:52:22,085 - database.db - INFO - Table 'reports' initialized successfully
2026-04-28 15:52:22,107 - database.db - INFO - Table 'penalties' initialized successfully
2026-04-28 15:52:22,107 - bot - INFO - Database initialized
2026-04-28 15:52:22,108 - bot - INFO - Scheduler service initialized
2026-04-28 15:52:22,108 - bot - INFO - All handlers initialized
2026-04-28 15:52:22,109 - bot - INFO - Bale client initialized
2026-04-28 15:52:22,116 - __main__ - ERROR - Fatal error: 'Client' object has no attribute 'on_message_updates'
Traceback (most recent call last):
  File "C:\Users\afraa\Desktop\EliteUniteTime\app.py", line 46, in main
    bot = EliteUniteTimeBot()
          ^^^^^^^^^^^^^^^^^^^
  File "C:\Users\afraa\Desktop\EliteUniteTime\bot.py", line 52, in __init__
    self._register_handlers()
  File "C:\Users\afraa\Desktop\EliteUniteTime\bot.py", line 56, in _register_handlers
    self.client.on_message_updates()(self._handle_message)
    ^^^^^^^^^^^^^^^^^^^^^^^^^^^^^^
AttributeError: 'Client' object has no attribute 'on_message_updates'
2026-04-28 15:52:40,274 - __main__ - INFO - ==================================================
2026-04-28 15:52:40,275 - __main__ - INFO - EliteUniteTime Bot Starting...
2026-04-28 15:52:40,275 - __main__ - INFO - ==================================================
2026-04-28 15:52:40,896 - database.db - INFO - Table 'users' initialized successfully
2026-04-28 15:52:40,896 - database.db - INFO - Table 'reports' initialized successfully
2026-04-28 15:52:40,897 - database.db - INFO - Table 'penalties' initialized successfully
2026-04-28 15:52:40,897 - bot - INFO - Database initialized
2026-04-28 15:52:40,897 - bot - INFO - Scheduler service initialized
2026-04-28 15:52:40,897 - bot - INFO - All handlers initialized
2026-04-28 15:52:40,897 - bot - INFO - Bale client initialized
2026-04-28 15:52:40,898 - __main__ - ERROR - Fatal error: 'Client' object has no attribute 'on_message_updates'
Traceback (most recent call last):
  File "C:\Users\afraa\Desktop\EliteUniteTime\app.py", line 46, in main
    bot = EliteUniteTimeBot()
          ^^^^^^^^^^^^^^^^^^^
  File "C:\Users\afraa\Desktop\EliteUniteTime\bot.py", line 52, in __init__
    self._register_handlers()
  File "C:\Users\afraa\Desktop\EliteUniteTime\bot.py", line 56, in _register_handlers
    self.client.on_message_updates()(self._handle_message)
    ^^^^^^^^^^^^^^^^^^^^^^^^^^^^^^
AttributeError: 'Client' object has no attribute 'on_message_updates'
2026-04-28 15:54:09,515 - __main__ - INFO - ==================================================
2026-04-28 15:54:09,516 - __main__ - INFO - EliteUniteTime Bot Starting...
2026-04-28 15:54:09,516 - __main__ - INFO - ==================================================
2026-04-28 15:54:10,252 - database.db - INFO - Table 'users' initialized successfully
2026-04-28 15:54:10,252 - database.db - INFO - Table 'reports' initialized successfully
2026-04-28 15:54:10,253 - database.db - INFO - Table 'penalties' initialized successfully
2026-04-28 15:54:10,253 - bot - INFO - Database initialized
2026-04-28 15:54:10,253 - bot - INFO - Scheduler service initialized
2026-04-28 15:54:10,253 - bot - INFO - All handlers initialized
2026-04-28 15:54:10,253 - bot - INFO - Bale client initialized
2026-04-28 15:54:10,254 - bot - INFO - Message and callback handlers registered
2026-04-28 15:54:10,254 - bot - INFO - Starting EliteUniteTime bot...
2026-04-28 15:54:10,255 - apscheduler.scheduler - INFO - Adding job tentatively -- it will be properly scheduled when the scheduler starts
2026-04-28 15:54:10,255 - services.scheduler - INFO - Missing report check job added: daily at 10:00 Asia/Tehran
2026-04-28 15:54:10,256 - apscheduler.scheduler - INFO - Added job "Check missing daily reports" to job store "default"
2026-04-28 15:54:10,256 - apscheduler.scheduler - INFO - Scheduler started
2026-04-28 15:54:10,257 - services.scheduler - INFO - Scheduler started successfully
2026-04-28 15:54:10,257 - bot - INFO - Scheduler started successfully
2026-04-28 15:54:13,326 - httpx - INFO - HTTP Request: GET https://tapi.bale.ai/bot2029474166:MzkMDmPbKHhF6JT0Dn9AYuq84mnTq20L1wk/getMe "HTTP/1.1 200 OK"
2026-04-28 15:54:13,637 - httpx - INFO - HTTP Request: GET https://tapi.bale.ai/bot2029474166:MzkMDmPbKHhF6JT0Dn9AYuq84mnTq20L1wk/deleteWebhook "HTTP/1.1 200 OK"
2026-04-28 15:54:13,895 - httpx - INFO - HTTP Request: POST https://tapi.bale.ai/bot2029474166:MzkMDmPbKHhF6JT0Dn9AYuq84mnTq20L1wk/getUpdates "HTTP/1.1 200 OK"
2026-04-28 15:54:13,906 - balethon.network.connection - INFO - [getUpdates] JSON{'offset': 2}
2026-04-28 15:54:13,909 - bot - ERROR - Error handling message: 'Message' object has no attribute 'user_id'
Traceback (most recent call last):
  File "C:\Users\afraa\Desktop\EliteUniteTime\bot.py", line 72, in _handle_message
    user_id = message.user_id
              ^^^^^^^^^^^^^^^
AttributeError: 'Message' object has no attribute 'user_id'
2026-04-28 15:54:19,184 - httpx - INFO - HTTP Request: POST https://tapi.bale.ai/bot2029474166:MzkMDmPbKHhF6JT0Dn9AYuq84mnTq20L1wk/getUpdates "HTTP/1.1 200 OK"
2026-04-28 15:54:19,192 - balethon.network.connection - INFO - [getUpdates] JSON{'offset': 2}
2026-04-28 15:54:24,950 - httpx - INFO - HTTP Request: POST https://tapi.bale.ai/bot2029474166:MzkMDmPbKHhF6JT0Dn9AYuq84mnTq20L1wk/getUpdates "HTTP/1.1 200 OK"
2026-04-28 15:54:24,955 - balethon.network.connection - INFO - [getUpdates] JSON{'offset': 2}
2026-04-28 15:54:26,755 - bot - INFO - Bot started successfully
2026-04-28 15:54:32,764 - __main__ - INFO - ==================================================
2026-04-28 15:54:32,765 - __main__ - INFO - EliteUniteTime Bot Starting...
2026-04-28 15:54:32,765 - __main__ - INFO - ==================================================
2026-04-28 15:54:33,673 - database.db - INFO - Table 'users' initialized successfully
2026-04-28 15:54:33,673 - database.db - INFO - Table 'reports' initialized successfully
2026-04-28 15:54:33,673 - database.db - INFO - Table 'penalties' initialized successfully
2026-04-28 15:54:33,673 - bot - INFO - Database initialized
2026-04-28 15:54:33,673 - bot - INFO - Scheduler service initialized
2026-04-28 15:54:33,674 - bot - INFO - All handlers initialized
2026-04-28 15:54:33,674 - bot - INFO - Bale client initialized
2026-04-28 15:54:33,674 - bot - INFO - Message and callback handlers registered
2026-04-28 15:54:33,674 - bot - INFO - Starting EliteUniteTime bot...
2026-04-28 15:54:33,674 - apscheduler.scheduler - INFO - Adding job tentatively -- it will be properly scheduled when the scheduler starts
2026-04-28 15:54:33,674 - services.scheduler - INFO - Missing report check job added: daily at 10:00 Asia/Tehran
2026-04-28 15:54:33,675 - apscheduler.scheduler - INFO - Added job "Check missing daily reports" to job store "default"
2026-04-28 15:54:33,675 - apscheduler.scheduler - INFO - Scheduler started
2026-04-28 15:54:33,676 - services.scheduler - INFO - Scheduler started successfully
2026-04-28 15:54:33,676 - bot - INFO - Scheduler started successfully
2026-04-28 15:54:34,041 - httpx - INFO - HTTP Request: GET https://tapi.bale.ai/bot2029474166:MzkMDmPbKHhF6JT0Dn9AYuq84mnTq20L1wk/getMe "HTTP/1.1 200 OK"
2026-04-28 15:54:34,068 - httpx - INFO - HTTP Request: GET https://tapi.bale.ai/bot2029474166:MzkMDmPbKHhF6JT0Dn9AYuq84mnTq20L1wk/deleteWebhook "HTTP/1.1 200 OK"
2026-04-28 15:54:39,105 - httpx - INFO - HTTP Request: POST https://tapi.bale.ai/bot2029474166:MzkMDmPbKHhF6JT0Dn9AYuq84mnTq20L1wk/getUpdates "HTTP/1.1 200 OK"
2026-04-28 15:54:44,134 - httpx - INFO - HTTP Request: POST https://tapi.bale.ai/bot2029474166:MzkMDmPbKHhF6JT0Dn9AYuq84mnTq20L1wk/getUpdates "HTTP/1.1 200 OK"
2026-04-28 15:54:44,313 - httpx - INFO - HTTP Request: POST https://tapi.bale.ai/bot2029474166:MzkMDmPbKHhF6JT0Dn9AYuq84mnTq20L1wk/getUpdates "HTTP/1.1 200 OK"
2026-04-28 15:54:44,332 - balethon.network.connection - INFO - [getUpdates] JSON{'offset': 3}
2026-04-28 15:54:44,334 - bot - ERROR - Error handling message: 'Message' object has no attribute 'user_id'
Traceback (most recent call last):
  File "C:\Users\afraa\Desktop\EliteUniteTime\bot.py", line 72, in _handle_message
    user_id = message.user_id
              ^^^^^^^^^^^^^^^
AttributeError: 'Message' object has no attribute 'user_id'
2026-04-28 15:54:49,350 - httpx - INFO - HTTP Request: POST https://tapi.bale.ai/bot2029474166:MzkMDmPbKHhF6JT0Dn9AYuq84mnTq20L1wk/getUpdates "HTTP/1.1 200 OK"
2026-04-28 15:54:49,358 - balethon.network.connection - INFO - [getUpdates] JSON{'offset': 3}
2026-04-28 15:54:50,521 - httpx - INFO - HTTP Request: POST https://tapi.bale.ai/bot2029474166:MzkMDmPbKHhF6JT0Dn9AYuq84mnTq20L1wk/getUpdates "HTTP/1.1 200 OK"
2026-04-28 15:54:50,539 - balethon.network.connection - INFO - [getUpdates] JSON{'offset': 4}
2026-04-28 15:54:50,543 - bot - ERROR - Error handling message: 'Message' object has no attribute 'user_id'
Traceback (most recent call last):
  File "C:\Users\afraa\Desktop\EliteUniteTime\bot.py", line 72, in _handle_message
    user_id = message.user_id
              ^^^^^^^^^^^^^^^
AttributeError: 'Message' object has no attribute 'user_id'
2026-04-28 15:54:55,564 - httpx - INFO - HTTP Request: POST https://tapi.bale.ai/bot2029474166:MzkMDmPbKHhF6JT0Dn9AYuq84mnTq20L1wk/getUpdates "HTTP/1.1 200 OK"
2026-04-28 15:54:55,570 - balethon.network.connection - INFO - [getUpdates] JSON{'offset': 4}
2026-04-28 15:55:00,595 - httpx - INFO - HTTP Request: POST https://tapi.bale.ai/bot2029474166:MzkMDmPbKHhF6JT0Dn9AYuq84mnTq20L1wk/getUpdates "HTTP/1.1 200 OK"
2026-04-28 15:55:00,600 - balethon.network.connection - INFO - [getUpdates] JSON{'offset': 4}
2026-04-28 15:55:05,619 - httpx - INFO - HTTP Request: POST https://tapi.bale.ai/bot2029474166:MzkMDmPbKHhF6JT0Dn9AYuq84mnTq20L1wk/getUpdates "HTTP/1.1 200 OK"
2026-04-28 15:55:05,627 - balethon.network.connection - INFO - [getUpdates] JSON{'offset': 4}
2026-04-28 15:55:10,649 - httpx - INFO - HTTP Request: POST https://tapi.bale.ai/bot2029474166:MzkMDmPbKHhF6JT0Dn9AYuq84mnTq20L1wk/getUpdates "HTTP/1.1 200 OK"
2026-04-28 15:55:10,658 - balethon.network.connection - INFO - [getUpdates] JSON{'offset': 4}
2026-04-28 15:55:15,675 - httpx - INFO - HTTP Request: POST https://tapi.bale.ai/bot2029474166:MzkMDmPbKHhF6JT0Dn9AYuq84mnTq20L1wk/getUpdates "HTTP/1.1 200 OK"
2026-04-28 15:55:15,682 - balethon.network.connection - INFO - [getUpdates] JSON{'offset': 4}
2026-04-28 15:55:20,701 - httpx - INFO - HTTP Request: POST https://tapi.bale.ai/bot2029474166:MzkMDmPbKHhF6JT0Dn9AYuq84mnTq20L1wk/getUpdates "HTTP/1.1 200 OK"
2026-04-28 15:55:20,712 - balethon.network.connection - INFO - [getUpdates] JSON{'offset': 4}
2026-04-28 15:55:25,731 - httpx - INFO - HTTP Request: POST https://tapi.bale.ai/bot2029474166:MzkMDmPbKHhF6JT0Dn9AYuq84mnTq20L1wk/getUpdates "HTTP/1.1 200 OK"
2026-04-28 15:55:25,735 - balethon.network.connection - INFO - [getUpdates] JSON{'offset': 4}
2026-04-28 15:55:30,821 - httpx - INFO - HTTP Request: POST https://tapi.bale.ai/bot2029474166:MzkMDmPbKHhF6JT0Dn9AYuq84mnTq20L1wk/getUpdates "HTTP/1.1 200 OK"
2026-04-28 15:55:30,830 - balethon.network.connection - INFO - [getUpdates] JSON{'offset': 4}
2026-04-28 15:55:36,116 - httpx - INFO - HTTP Request: POST https://tapi.bale.ai/bot2029474166:MzkMDmPbKHhF6JT0Dn9AYuq84mnTq20L1wk/getUpdates "HTTP/1.1 200 OK"
2026-04-28 15:55:36,123 - balethon.network.connection - INFO - [getUpdates] JSON{'offset': 4}
2026-04-28 15:55:41,186 - httpx - INFO - HTTP Request: POST https://tapi.bale.ai/bot2029474166:MzkMDmPbKHhF6JT0Dn9AYuq84mnTq20L1wk/getUpdates "HTTP/1.1 200 OK"
2026-04-28 15:55:41,193 - balethon.network.connection - INFO - [getUpdates] JSON{'offset': 4}
2026-04-28 15:55:46,214 - httpx - INFO - HTTP Request: POST https://tapi.bale.ai/bot2029474166:MzkMDmPbKHhF6JT0Dn9AYuq84mnTq20L1wk/getUpdates "HTTP/1.1 200 OK"
2026-04-28 15:55:46,223 - balethon.network.connection - INFO - [getUpdates] JSON{'offset': 4}
2026-04-28 15:55:51,244 - httpx - INFO - HTTP Request: POST https://tapi.bale.ai/bot2029474166:MzkMDmPbKHhF6JT0Dn9AYuq84mnTq20L1wk/getUpdates "HTTP/1.1 200 OK"
2026-04-28 15:55:51,252 - balethon.network.connection - INFO - [getUpdates] JSON{'offset': 4}
2026-04-28 15:55:56,272 - httpx - INFO - HTTP Request: POST https://tapi.bale.ai/bot2029474166:MzkMDmPbKHhF6JT0Dn9AYuq84mnTq20L1wk/getUpdates "HTTP/1.1 200 OK"
2026-04-28 15:55:56,276 - balethon.network.connection - INFO - [getUpdates] JSON{'offset': 4}
2026-04-28 15:56:01,293 - httpx - INFO - HTTP Request: POST https://tapi.bale.ai/bot2029474166:MzkMDmPbKHhF6JT0Dn9AYuq84mnTq20L1wk/getUpdates "HTTP/1.1 200 OK"
2026-04-28 15:56:01,304 - balethon.network.connection - INFO - [getUpdates] JSON{'offset': 4}
2026-04-28 15:56:06,322 - httpx - INFO - HTTP Request: POST https://tapi.bale.ai/bot2029474166:MzkMDmPbKHhF6JT0Dn9AYuq84mnTq20L1wk/getUpdates "HTTP/1.1 200 OK"
2026-04-28 15:56:06,331 - balethon.network.connection - INFO - [getUpdates] JSON{'offset': 4}
2026-04-28 15:56:11,393 - httpx - INFO - HTTP Request: POST https://tapi.bale.ai/bot2029474166:MzkMDmPbKHhF6JT0Dn9AYuq84mnTq20L1wk/getUpdates "HTTP/1.1 200 OK"
2026-04-28 15:56:11,401 - balethon.network.connection - INFO - [getUpdates] JSON{'offset': 4}
2026-04-28 15:56:16,419 - httpx - INFO - HTTP Request: POST https://tapi.bale.ai/bot2029474166:MzkMDmPbKHhF6JT0Dn9AYuq84mnTq20L1wk/getUpdates "HTTP/1.1 200 OK"
2026-04-28 15:56:16,426 - balethon.network.connection - INFO - [getUpdates] JSON{'offset': 4}
2026-04-28 15:56:21,493 - httpx - INFO - HTTP Request: POST https://tapi.bale.ai/bot2029474166:MzkMDmPbKHhF6JT0Dn9AYuq84mnTq20L1wk/getUpdates "HTTP/1.1 200 OK"
2026-04-28 15:56:21,496 - balethon.network.connection - INFO - [getUpdates] JSON{'offset': 4}
2026-04-28 15:56:26,516 - httpx - INFO - HTTP Request: POST https://tapi.bale.ai/bot2029474166:MzkMDmPbKHhF6JT0Dn9AYuq84mnTq20L1wk/getUpdates "HTTP/1.1 200 OK"
2026-04-28 15:56:26,520 - balethon.network.connection - INFO - [getUpdates] JSON{'offset': 4}
2026-04-28 15:56:31,596 - httpx - INFO - HTTP Request: POST https://tapi.bale.ai/bot2029474166:MzkMDmPbKHhF6JT0Dn9AYuq84mnTq20L1wk/getUpdates "HTTP/1.1 200 OK"
2026-04-28 15:56:31,601 - balethon.network.connection - INFO - [getUpdates] JSON{'offset': 4}
2026-04-28 15:56:36,620 - httpx - INFO - HTTP Request: POST https://tapi.bale.ai/bot2029474166:MzkMDmPbKHhF6JT0Dn9AYuq84mnTq20L1wk/getUpdates "HTTP/1.1 200 OK"
2026-04-28 15:56:36,625 - balethon.network.connection - INFO - [getUpdates] JSON{'offset': 4}
2026-04-28 15:56:41,648 - httpx - INFO - HTTP Request: POST https://tapi.bale.ai/bot2029474166:MzkMDmPbKHhF6JT0Dn9AYuq84mnTq20L1wk/getUpdates "HTTP/1.1 200 OK"
2026-04-28 15:56:41,652 - balethon.network.connection - INFO - [getUpdates] JSON{'offset': 4}
2026-04-28 15:56:46,669 - httpx - INFO - HTTP Request: POST https://tapi.bale.ai/bot2029474166:MzkMDmPbKHhF6JT0Dn9AYuq84mnTq20L1wk/getUpdates "HTTP/1.1 200 OK"
2026-04-28 15:56:46,672 - balethon.network.connection - INFO - [getUpdates] JSON{'offset': 4}
2026-04-28 15:56:51,708 - httpx - INFO - HTTP Request: POST https://tapi.bale.ai/bot2029474166:MzkMDmPbKHhF6JT0Dn9AYuq84mnTq20L1wk/getUpdates "HTTP/1.1 200 OK"
2026-04-28 15:56:51,713 - balethon.network.connection - INFO - [getUpdates] JSON{'offset': 4}
2026-04-28 15:56:56,734 - httpx - INFO - HTTP Request: POST https://tapi.bale.ai/bot2029474166:MzkMDmPbKHhF6JT0Dn9AYuq84mnTq20L1wk/getUpdates "HTTP/1.1 200 OK"
2026-04-28 15:56:56,740 - balethon.network.connection - INFO - [getUpdates] JSON{'offset': 4}
2026-04-28 15:57:01,762 - httpx - INFO - HTTP Request: POST https://tapi.bale.ai/bot2029474166:MzkMDmPbKHhF6JT0Dn9AYuq84mnTq20L1wk/getUpdates "HTTP/1.1 200 OK"
2026-04-28 15:57:01,765 - balethon.network.connection - INFO - [getUpdates] JSON{'offset': 4}
2026-04-28 15:57:06,788 - httpx - INFO - HTTP Request: POST https://tapi.bale.ai/bot2029474166:MzkMDmPbKHhF6JT0Dn9AYuq84mnTq20L1wk/getUpdates "HTTP/1.1 200 OK"
2026-04-28 15:57:06,795 - balethon.network.connection - INFO - [getUpdates] JSON{'offset': 4}
2026-04-28 15:57:11,811 - httpx - INFO - HTTP Request: POST https://tapi.bale.ai/bot2029474166:MzkMDmPbKHhF6JT0Dn9AYuq84mnTq20L1wk/getUpdates "HTTP/1.1 200 OK"
2026-04-28 15:57:11,818 - balethon.network.connection - INFO - [getUpdates] JSON{'offset': 4}
2026-04-28 15:57:16,838 - httpx - INFO - HTTP Request: POST https://tapi.bale.ai/bot2029474166:MzkMDmPbKHhF6JT0Dn9AYuq84mnTq20L1wk/getUpdates "HTTP/1.1 200 OK"
2026-04-28 15:57:16,843 - balethon.network.connection - INFO - [getUpdates] JSON{'offset': 4}
2026-04-28 15:57:21,892 - httpx - INFO - HTTP Request: POST https://tapi.bale.ai/bot2029474166:MzkMDmPbKHhF6JT0Dn9AYuq84mnTq20L1wk/getUpdates "HTTP/1.1 200 OK"
2026-04-28 15:57:21,899 - balethon.network.connection - INFO - [getUpdates] JSON{'offset': 4}
2026-04-28 15:57:26,922 - httpx - INFO - HTTP Request: POST https://tapi.bale.ai/bot2029474166:MzkMDmPbKHhF6JT0Dn9AYuq84mnTq20L1wk/getUpdates "HTTP/1.1 200 OK"
2026-04-28 15:57:26,926 - balethon.network.connection - INFO - [getUpdates] JSON{'offset': 4}
2026-04-28 15:57:31,946 - httpx - INFO - HTTP Request: POST https://tapi.bale.ai/bot2029474166:MzkMDmPbKHhF6JT0Dn9AYuq84mnTq20L1wk/getUpdates "HTTP/1.1 200 OK"
2026-04-28 15:57:31,953 - balethon.network.connection - INFO - [getUpdates] JSON{'offset': 4}
2026-04-28 15:57:36,974 - httpx - INFO - HTTP Request: POST https://tapi.bale.ai/bot2029474166:MzkMDmPbKHhF6JT0Dn9AYuq84mnTq20L1wk/getUpdates "HTTP/1.1 200 OK"
2026-04-28 15:57:36,979 - balethon.network.connection - INFO - [getUpdates] JSON{'offset': 4}
2026-04-28 15:57:42,013 - httpx - INFO - HTTP Request: POST https://tapi.bale.ai/bot2029474166:MzkMDmPbKHhF6JT0Dn9AYuq84mnTq20L1wk/getUpdates "HTTP/1.1 200 OK"
2026-04-28 15:57:42,018 - balethon.network.connection - INFO - [getUpdates] JSON{'offset': 4}
2026-04-28 15:57:47,040 - httpx - INFO - HTTP Request: POST https://tapi.bale.ai/bot2029474166:MzkMDmPbKHhF6JT0Dn9AYuq84mnTq20L1wk/getUpdates "HTTP/1.1 200 OK"
2026-04-28 15:57:47,043 - balethon.network.connection - INFO - [getUpdates] JSON{'offset': 4}
2026-04-28 15:57:52,063 - httpx - INFO - HTTP Request: POST https://tapi.bale.ai/bot2029474166:MzkMDmPbKHhF6JT0Dn9AYuq84mnTq20L1wk/getUpdates "HTTP/1.1 200 OK"
2026-04-28 15:57:52,070 - balethon.network.connection - INFO - [getUpdates] JSON{'offset': 4}
2026-04-28 15:57:57,088 - httpx - INFO - HTTP Request: POST https://tapi.bale.ai/bot2029474166:MzkMDmPbKHhF6JT0Dn9AYuq84mnTq20L1wk/getUpdates "HTTP/1.1 200 OK"
2026-04-28 15:57:57,095 - balethon.network.connection - INFO - [getUpdates] JSON{'offset': 4}
2026-04-28 15:58:02,117 - httpx - INFO - HTTP Request: POST https://tapi.bale.ai/bot2029474166:MzkMDmPbKHhF6JT0Dn9AYuq84mnTq20L1wk/getUpdates "HTTP/1.1 200 OK"
2026-04-28 15:58:02,123 - balethon.network.connection - INFO - [getUpdates] JSON{'offset': 4}
2026-04-28 15:58:07,143 - httpx - INFO - HTTP Request: POST https://tapi.bale.ai/bot2029474166:MzkMDmPbKHhF6JT0Dn9AYuq84mnTq20L1wk/getUpdates "HTTP/1.1 200 OK"
2026-04-28 15:58:07,147 - balethon.network.connection - INFO - [getUpdates] JSON{'offset': 4}
2026-04-28 15:58:12,318 - httpx - INFO - HTTP Request: POST https://tapi.bale.ai/bot2029474166:MzkMDmPbKHhF6JT0Dn9AYuq84mnTq20L1wk/getUpdates "HTTP/1.1 200 OK"
2026-04-28 15:58:12,322 - balethon.network.connection - INFO - [getUpdates] JSON{'offset': 4}
2026-04-28 15:58:17,342 - httpx - INFO - HTTP Request: POST https://tapi.bale.ai/bot2029474166:MzkMDmPbKHhF6JT0Dn9AYuq84mnTq20L1wk/getUpdates "HTTP/1.1 200 OK"
2026-04-28 15:58:17,349 - balethon.network.connection - INFO - [getUpdates] JSON{'offset': 4}
2026-04-28 15:58:22,398 - httpx - INFO - HTTP Request: POST https://tapi.bale.ai/bot2029474166:MzkMDmPbKHhF6JT0Dn9AYuq84mnTq20L1wk/getUpdates "HTTP/1.1 200 OK"
2026-04-28 15:58:22,401 - balethon.network.connection - INFO - [getUpdates] JSON{'offset': 4}
2026-04-28 15:58:27,415 - httpx - INFO - HTTP Request: POST https://tapi.bale.ai/bot2029474166:MzkMDmPbKHhF6JT0Dn9AYuq84mnTq20L1wk/getUpdates "HTTP/1.1 200 OK"
2026-04-28 15:58:27,418 - balethon.network.connection - INFO - [getUpdates] JSON{'offset': 4}
2026-04-28 15:58:28,303 - bot - INFO - Bot started successfully
2026-04-28 15:58:29,848 - __main__ - INFO - ==================================================
2026-04-28 15:58:29,848 - __main__ - INFO - EliteUniteTime Bot Starting...
2026-04-28 15:58:29,848 - __main__ - INFO - ==================================================
2026-04-28 15:58:30,599 - database.db - INFO - Table 'users' initialized successfully
2026-04-28 15:58:30,600 - database.db - INFO - Table 'reports' initialized successfully
2026-04-28 15:58:30,600 - database.db - INFO - Table 'penalties' initialized successfully
2026-04-28 15:58:30,601 - bot - INFO - Database initialized
2026-04-28 15:58:30,601 - bot - INFO - Scheduler service initialized
2026-04-28 15:58:30,601 - bot - INFO - All handlers initialized
2026-04-28 15:58:30,602 - bot - INFO - Bale client initialized
2026-04-28 15:58:30,602 - bot - INFO - Message and callback handlers registered
2026-04-28 15:58:30,602 - bot - INFO - Starting EliteUniteTime bot...
2026-04-28 15:58:30,602 - apscheduler.scheduler - INFO - Adding job tentatively -- it will be properly scheduled when the scheduler starts
2026-04-28 15:58:30,602 - services.scheduler - INFO - Missing report check job added: daily at 10:00 Asia/Tehran
2026-04-28 15:58:30,603 - apscheduler.scheduler - INFO - Added job "Check missing daily reports" to job store "default"
2026-04-28 15:58:30,603 - apscheduler.scheduler - INFO - Scheduler started
2026-04-28 15:58:30,604 - services.scheduler - INFO - Scheduler started successfully
2026-04-28 15:58:30,604 - bot - INFO - Scheduler started successfully
2026-04-28 15:58:31,934 - httpx - INFO - HTTP Request: GET https://tapi.bale.ai/bot2029474166:MzkMDmPbKHhF6JT0Dn9AYuq84mnTq20L1wk/getMe "HTTP/1.1 200 OK"
2026-04-28 15:58:32,312 - httpx - INFO - HTTP Request: GET https://tapi.bale.ai/bot2029474166:MzkMDmPbKHhF6JT0Dn9AYuq84mnTq20L1wk/deleteWebhook "HTTP/1.1 200 OK"
2026-04-28 15:58:37,977 - httpx - INFO - HTTP Request: POST https://tapi.bale.ai/bot2029474166:MzkMDmPbKHhF6JT0Dn9AYuq84mnTq20L1wk/getUpdates "HTTP/1.1 200 OK"
2026-04-28 15:58:38,445 - httpx - INFO - HTTP Request: POST https://tapi.bale.ai/bot2029474166:MzkMDmPbKHhF6JT0Dn9AYuq84mnTq20L1wk/getUpdates "HTTP/1.1 200 OK"
2026-04-28 15:58:38,456 - balethon.network.connection - INFO - [getUpdates] JSON{'offset': 5}
2026-04-28 15:58:38,458 - bot - INFO - Message from user 2062332444: /start
2026-04-28 15:58:39,670 - httpx - INFO - HTTP Request: POST https://tapi.bale.ai/bot2029474166:MzkMDmPbKHhF6JT0Dn9AYuq84mnTq20L1wk/sendMessage "HTTP/1.1 200 OK"
2026-04-28 15:58:43,991 - httpx - INFO - HTTP Request: POST https://tapi.bale.ai/bot2029474166:MzkMDmPbKHhF6JT0Dn9AYuq84mnTq20L1wk/getUpdates "HTTP/1.1 200 OK"
2026-04-28 15:58:43,996 - balethon.network.connection - INFO - [getUpdates] JSON{'offset': 5}
2026-04-28 15:58:46,821 - httpx - INFO - HTTP Request: POST https://tapi.bale.ai/bot2029474166:MzkMDmPbKHhF6JT0Dn9AYuq84mnTq20L1wk/getUpdates "HTTP/1.1 200 OK"
2026-04-28 15:58:46,838 - balethon.network.connection - INFO - [getUpdates] JSON{'offset': 6}
2026-04-28 15:58:48,260 - httpx - INFO - HTTP Request: POST https://tapi.bale.ai/bot2029474166:MzkMDmPbKHhF6JT0Dn9AYuq84mnTq20L1wk/sendMessage "HTTP/1.1 200 OK"
2026-04-28 15:58:52,296 - httpx - INFO - HTTP Request: POST https://tapi.bale.ai/bot2029474166:MzkMDmPbKHhF6JT0Dn9AYuq84mnTq20L1wk/getUpdates "HTTP/1.1 200 OK"
2026-04-28 15:58:52,300 - balethon.network.connection - INFO - [getUpdates] JSON{'offset': 6}
2026-04-28 15:58:55,564 - httpx - INFO - HTTP Request: POST https://tapi.bale.ai/bot2029474166:MzkMDmPbKHhF6JT0Dn9AYuq84mnTq20L1wk/getUpdates "HTTP/1.1 200 OK"
2026-04-28 15:58:55,578 - balethon.network.connection - INFO - [getUpdates] JSON{'offset': 7}
2026-04-28 15:58:55,580 - bot - INFO - Message from user 2062332444: 09394573866
2026-04-28 15:58:57,434 - httpx - INFO - HTTP Request: POST https://tapi.bale.ai/bot2029474166:MzkMDmPbKHhF6JT0Dn9AYuq84mnTq20L1wk/sendMessage "HTTP/1.1 200 OK"
2026-04-28 15:59:00,548 - httpx - INFO - HTTP Request: POST https://tapi.bale.ai/bot2029474166:MzkMDmPbKHhF6JT0Dn9AYuq84mnTq20L1wk/getUpdates "HTTP/1.1 200 OK"
2026-04-28 15:59:00,569 - balethon.network.connection - INFO - [getUpdates] JSON{'offset': 8}
2026-04-28 15:59:00,571 - bot - INFO - Message from user 2062332444: /start
2026-04-28 15:59:01,030 - httpx - INFO - HTTP Request: POST https://tapi.bale.ai/bot2029474166:MzkMDmPbKHhF6JT0Dn9AYuq84mnTq20L1wk/sendMessage "HTTP/1.1 200 OK"
2026-04-28 15:59:06,520 - httpx - INFO - HTTP Request: POST https://tapi.bale.ai/bot2029474166:MzkMDmPbKHhF6JT0Dn9AYuq84mnTq20L1wk/getUpdates "HTTP/1.1 200 OK"
2026-04-28 15:59:06,528 - balethon.network.connection - INFO - [getUpdates] JSON{'offset': 8}
2026-04-28 15:59:10,282 - httpx - INFO - HTTP Request: POST https://tapi.bale.ai/bot2029474166:MzkMDmPbKHhF6JT0Dn9AYuq84mnTq20L1wk/getUpdates "HTTP/1.1 200 OK"
2026-04-28 15:59:10,301 - balethon.network.connection - INFO - [getUpdates] JSON{'offset': 9}
2026-04-28 15:59:10,303 - bot - INFO - Message from user 2062332444: /admin
2026-04-28 15:59:11,576 - httpx - INFO - HTTP Request: POST https://tapi.bale.ai/bot2029474166:MzkMDmPbKHhF6JT0Dn9AYuq84mnTq20L1wk/sendMessage "HTTP/1.1 200 OK"
2026-04-28 15:59:15,707 - httpx - INFO - HTTP Request: POST https://tapi.bale.ai/bot2029474166:MzkMDmPbKHhF6JT0Dn9AYuq84mnTq20L1wk/getUpdates "HTTP/1.1 200 OK"
2026-04-28 15:59:15,711 - balethon.network.connection - INFO - [getUpdates] JSON{'offset': 9}
2026-04-28 15:59:21,148 - httpx - INFO - HTTP Request: POST https://tapi.bale.ai/bot2029474166:MzkMDmPbKHhF6JT0Dn9AYuq84mnTq20L1wk/getUpdates "HTTP/1.1 200 OK"
2026-04-28 15:59:21,159 - balethon.network.connection - INFO - [getUpdates] JSON{'offset': 9}
2026-04-28 15:59:24,841 - httpx - INFO - HTTP Request: POST https://tapi.bale.ai/bot2029474166:MzkMDmPbKHhF6JT0Dn9AYuq84mnTq20L1wk/getUpdates "HTTP/1.1 200 OK"
2026-04-28 15:59:24,855 - balethon.network.connection - INFO - [getUpdates] JSON{'offset': 10}
2026-04-28 15:59:24,857 - bot - INFO - Message from user 2062332444: /admin
2026-04-28 15:59:26,875 - httpx - INFO - HTTP Request: POST https://tapi.bale.ai/bot2029474166:MzkMDmPbKHhF6JT0Dn9AYuq84mnTq20L1wk/sendMessage "HTTP/1.1 200 OK"
2026-04-28 15:59:30,265 - httpx - INFO - HTTP Request: POST https://tapi.bale.ai/bot2029474166:MzkMDmPbKHhF6JT0Dn9AYuq84mnTq20L1wk/getUpdates "HTTP/1.1 200 OK"
2026-04-28 15:59:30,270 - balethon.network.connection - INFO - [getUpdates] JSON{'offset': 10}
2026-04-28 15:59:30,897 - balethon.network.connection - INFO - [getUpdates] JSON{'offset': 10}
2026-04-28 15:59:30,899 - balethon.network.connection - INFO - [getUpdates] JSON{'offset': 10}
2026-04-28 15:59:30,903 - balethon.network.connection - INFO - [getUpdates] JSON{'offset': 10}
2026-04-28 15:59:30,905 - balethon.network.connection - INFO - [getUpdates] JSON{'offset': 10}
2026-04-28 15:59:30,907 - balethon.network.connection - INFO - [getUpdates] JSON{'offset': 10}
2026-04-28 15:59:30,910 - balethon.network.connection - INFO - [getUpdates] JSON{'offset': 10}
2026-04-28 15:59:30,912 - balethon.network.connection - INFO - [getUpdates] JSON{'offset': 10}
2026-04-28 15:59:30,914 - balethon.network.connection - INFO - [getUpdates] JSON{'offset': 10}
2026-04-28 15:59:30,916 - balethon.network.connection - INFO - [getUpdates] JSON{'offset': 10}
2026-04-28 15:59:30,919 - balethon.network.connection - INFO - [getUpdates] JSON{'offset': 10}
2026-04-28 15:59:30,921 - balethon.network.connection - INFO - [getUpdates] JSON{'offset': 10}
2026-04-28 15:59:30,924 - balethon.network.connection - INFO - [getUpdates] JSON{'offset': 10}
2026-04-28 15:59:30,927 - balethon.network.connection - INFO - [getUpdates] JSON{'offset': 10}
2026-04-28 15:59:30,929 - balethon.network.connection - INFO - [getUpdates] JSON{'offset': 10}
2026-04-28 15:59:30,932 - balethon.network.connection - INFO - [getUpdates] JSON{'offset': 10}
2026-04-28 15:59:30,934 - balethon.network.connection - INFO - [getUpdates] JSON{'offset': 10}
2026-04-28 15:59:30,938 - balethon.network.connection - INFO - [getUpdates] JSON{'offset': 10}
2026-04-28 15:59:30,941 - balethon.network.connection - INFO - [getUpdates] JSON{'offset': 10}
2026-04-28 15:59:30,944 - balethon.network.connection - INFO - [getUpdates] JSON{'offset': 10}
2026-04-28 15:59:30,946 - balethon.network.connection - INFO - [getUpdates] JSON{'offset': 10}
2026-04-28 15:59:30,950 - balethon.network.connection - INFO - [getUpdates] JSON{'offset': 10}
2026-04-28 15:59:30,952 - balethon.network.connection - INFO - [getUpdates] JSON{'offset': 10}
2026-04-28 15:59:30,955 - balethon.network.connection - INFO - [getUpdates] JSON{'offset': 10}
2026-04-28 15:59:30,957 - balethon.network.connection - INFO - [getUpdates] JSON{'offset': 10}
2026-04-28 15:59:30,960 - balethon.network.connection - INFO - [getUpdates] JSON{'offset': 10}
2026-04-28 15:59:30,963 - balethon.network.connection - INFO - [getUpdates] JSON{'offset': 10}
2026-04-28 15:59:30,966 - balethon.network.connection - INFO - [getUpdates] JSON{'offset': 10}
2026-04-28 15:59:30,969 - balethon.network.connection - INFO - [getUpdates] JSON{'offset': 10}
2026-04-28 15:59:30,972 - balethon.network.connection - INFO - [getUpdates] JSON{'offset': 10}
2026-04-28 15:59:30,974 - balethon.network.connection - INFO - [getUpdates] JSON{'offset': 10}
2026-04-28 15:59:30,977 - balethon.network.connection - INFO - [getUpdates] JSON{'offset': 10}
2026-04-28 15:59:30,980 - balethon.network.connection - INFO - [getUpdates] JSON{'offset': 10}
2026-04-28 15:59:30,982 - balethon.network.connection - INFO - [getUpdates] JSON{'offset': 10}
2026-04-28 15:59:30,984 - balethon.network.connection - INFO - [getUpdates] JSON{'offset': 10}
2026-04-28 15:59:30,987 - balethon.network.connection - INFO - [getUpdates] JSON{'offset': 10}
2026-04-28 15:59:30,990 - balethon.network.connection - INFO - [getUpdates] JSON{'offset': 10}
2026-04-28 15:59:30,993 - balethon.network.connection - INFO - [getUpdates] JSON{'offset': 10}
2026-04-28 15:59:30,995 - balethon.network.connection - INFO - [getUpdates] JSON{'offset': 10}
2026-04-28 15:59:30,998 - balethon.network.connection - INFO - [getUpdates] JSON{'offset': 10}
2026-04-28 15:59:31,001 - balethon.network.connection - INFO - [getUpdates] JSON{'offset': 10}
2026-04-28 15:59:31,003 - balethon.network.connection - INFO - [getUpdates] JSON{'offset': 10}
2026-04-28 15:59:31,007 - balethon.network.connection - INFO - [getUpdates] JSON{'offset': 10}
2026-04-28 15:59:31,009 - balethon.network.connection - INFO - [getUpdates] JSON{'offset': 10}
2026-04-28 15:59:31,012 - balethon.network.connection - INFO - [getUpdates] JSON{'offset': 10}
2026-04-28 15:59:31,015 - balethon.network.connection - INFO - [getUpdates] JSON{'offset': 10}
2026-04-28 15:59:31,017 - balethon.network.connection - INFO - [getUpdates] JSON{'offset': 10}
2026-04-28 15:59:31,019 - balethon.network.connection - INFO - [getUpdates] JSON{'offset': 10}
2026-04-28 15:59:31,022 - balethon.network.connection - INFO - [getUpdates] JSON{'offset': 10}
2026-04-28 15:59:31,024 - balethon.network.connection - INFO - [getUpdates] JSON{'offset': 10}
2026-04-28 15:59:31,026 - balethon.network.connection - INFO - [getUpdates] JSON{'offset': 10}
2026-04-28 15:59:31,029 - balethon.network.connection - INFO - [getUpdates] JSON{'offset': 10}
2026-04-28 15:59:31,032 - balethon.network.connection - INFO - [getUpdates] JSON{'offset': 10}
2026-04-28 15:59:31,035 - balethon.network.connection - INFO - [getUpdates] JSON{'offset': 10}
2026-04-28 15:59:31,037 - balethon.network.connection - INFO - [getUpdates] JSON{'offset': 10}
2026-04-28 15:59:31,041 - balethon.network.connection - INFO - [getUpdates] JSON{'offset': 10}
2026-04-28 15:59:31,044 - balethon.network.connection - INFO - [getUpdates] JSON{'offset': 10}
2026-04-28 15:59:31,047 - balethon.network.connection - INFO - [getUpdates] JSON{'offset': 10}
2026-04-28 15:59:31,049 - balethon.network.connection - INFO - [getUpdates] JSON{'offset': 10}
2026-04-28 15:59:31,052 - balethon.network.connection - INFO - [getUpdates] JSON{'offset': 10}
2026-04-28 15:59:31,054 - balethon.network.connection - INFO - [getUpdates] JSON{'offset': 10}
2026-04-28 15:59:31,056 - balethon.network.connection - INFO - [getUpdates] JSON{'offset': 10}
2026-04-28 15:59:31,058 - balethon.network.connection - INFO - [getUpdates] JSON{'offset': 10}
2026-04-28 15:59:31,062 - balethon.network.connection - INFO - [getUpdates] JSON{'offset': 10}
2026-04-28 15:59:31,064 - balethon.network.connection - INFO - [getUpdates] JSON{'offset': 10}
2026-04-28 15:59:31,067 - balethon.network.connection - INFO - [getUpdates] JSON{'offset': 10}
2026-04-28 15:59:31,069 - balethon.network.connection - INFO - [getUpdates] JSON{'offset': 10}
2026-04-28 15:59:31,072 - balethon.network.connection - INFO - [getUpdates] JSON{'offset': 10}
2026-04-28 15:59:31,076 - balethon.network.connection - INFO - [getUpdates] JSON{'offset': 10}
2026-04-28 15:59:31,078 - balethon.network.connection - INFO - [getUpdates] JSON{'offset': 10}
2026-04-28 15:59:31,081 - balethon.network.connection - INFO - [getUpdates] JSON{'offset': 10}
2026-04-28 15:59:31,083 - balethon.network.connection - INFO - [getUpdates] JSON{'offset': 10}
2026-04-28 15:59:31,085 - balethon.network.connection - INFO - [getUpdates] JSON{'offset': 10}
2026-04-28 15:59:31,089 - balethon.network.connection - INFO - [getUpdates] JSON{'offset': 10}
2026-04-28 15:59:31,092 - balethon.network.connection - INFO - [getUpdates] JSON{'offset': 10}
2026-04-28 15:59:31,095 - balethon.network.connection - INFO - [getUpdates] JSON{'offset': 10}
2026-04-28 15:59:31,097 - balethon.network.connection - INFO - [getUpdates] JSON{'offset': 10}
2026-04-28 15:59:31,100 - balethon.network.connection - INFO - [getUpdates] JSON{'offset': 10}
2026-04-28 15:59:31,102 - balethon.network.connection - INFO - [getUpdates] JSON{'offset': 10}
2026-04-28 15:59:31,104 - balethon.network.connection - INFO - [getUpdates] JSON{'offset': 10}
2026-04-28 15:59:31,107 - balethon.network.connection - INFO - [getUpdates] JSON{'offset': 10}
2026-04-28 15:59:31,109 - balethon.network.connection - INFO - [getUpdates] JSON{'offset': 10}
2026-04-28 15:59:31,111 - balethon.network.connection - INFO - [getUpdates] JSON{'offset': 10}
2026-04-28 15:59:31,114 - balethon.network.connection - INFO - [getUpdates] JSON{'offset': 10}
2026-04-28 15:59:31,117 - balethon.network.connection - INFO - [getUpdates] JSON{'offset': 10}
2026-04-28 15:59:31,120 - balethon.network.connection - INFO - [getUpdates] JSON{'offset': 10}
2026-04-28 15:59:31,122 - balethon.network.connection - INFO - [getUpdates] JSON{'offset': 10}
2026-04-28 15:59:31,125 - balethon.network.connection - INFO - [getUpdates] JSON{'offset': 10}
2026-04-28 15:59:31,127 - balethon.network.connection - INFO - [getUpdates] JSON{'offset': 10}
2026-04-28 15:59:31,130 - balethon.network.connection - INFO - [getUpdates] JSON{'offset': 10}
2026-04-28 15:59:31,133 - balethon.network.connection - INFO - [getUpdates] JSON{'offset': 10}
2026-04-28 15:59:31,136 - balethon.network.connection - INFO - [getUpdates] JSON{'offset': 10}
2026-04-28 15:59:31,138 - balethon.network.connection - INFO - [getUpdates] JSON{'offset': 10}
2026-04-28 15:59:31,140 - balethon.network.connection - INFO - [getUpdates] JSON{'offset': 10}
2026-04-28 15:59:31,143 - balethon.network.connection - INFO - [getUpdates] JSON{'offset': 10}
2026-04-28 15:59:31,146 - balethon.network.connection - INFO - [getUpdates] JSON{'offset': 10}
2026-04-28 15:59:31,148 - balethon.network.connection - INFO - [getUpdates] JSON{'offset': 10}
2026-04-28 15:59:31,151 - balethon.network.connection - INFO - [getUpdates] JSON{'offset': 10}
2026-04-28 15:59:31,153 - balethon.network.connection - INFO - [getUpdates] JSON{'offset': 10}
2026-04-28 15:59:31,155 - balethon.network.connection - INFO - [getUpdates] JSON{'offset': 10}
2026-04-28 15:59:31,158 - balethon.network.connection - INFO - [getUpdates] JSON{'offset': 10}
2026-04-28 15:59:31,161 - balethon.network.connection - INFO - [getUpdates] JSON{'offset': 10}
2026-04-28 15:59:31,163 - balethon.network.connection - INFO - [getUpdates] JSON{'offset': 10}
2026-04-28 15:59:31,166 - balethon.network.connection - INFO - [getUpdates] JSON{'offset': 10}
2026-04-28 15:59:31,168 - balethon.network.connection - INFO - [getUpdates] JSON{'offset': 10}
2026-04-28 15:59:31,171 - balethon.network.connection - INFO - [getUpdates] JSON{'offset': 10}
2026-04-28 15:59:31,173 - balethon.network.connection - INFO - [getUpdates] JSON{'offset': 10}
2026-04-28 15:59:31,177 - balethon.network.connection - INFO - [getUpdates] JSON{'offset': 10}
2026-04-28 15:59:31,179 - balethon.network.connection - INFO - [getUpdates] JSON{'offset': 10}
2026-04-28 15:59:31,182 - balethon.network.connection - INFO - [getUpdates] JSON{'offset': 10}
2026-04-28 15:59:31,185 - balethon.network.connection - INFO - [getUpdates] JSON{'offset': 10}
2026-04-28 15:59:31,187 - balethon.network.connection - INFO - [getUpdates] JSON{'offset': 10}
2026-04-28 15:59:31,191 - balethon.network.connection - INFO - [getUpdates] JSON{'offset': 10}
2026-04-28 15:59:31,194 - balethon.network.connection - INFO - [getUpdates] JSON{'offset': 10}
2026-04-28 15:59:31,197 - balethon.network.connection - INFO - [getUpdates] JSON{'offset': 10}
2026-04-28 15:59:31,200 - balethon.network.connection - INFO - [getUpdates] JSON{'offset': 10}
2026-04-28 15:59:31,204 - balethon.network.connection - INFO - [getUpdates] JSON{'offset': 10}
2026-04-28 15:59:31,206 - balethon.network.connection - INFO - [getUpdates] JSON{'offset': 10}
2026-04-28 15:59:31,210 - balethon.network.connection - INFO - [getUpdates] JSON{'offset': 10}
2026-04-28 15:59:31,213 - balethon.network.connection - INFO - [getUpdates] JSON{'offset': 10}
2026-04-28 15:59:31,217 - balethon.network.connection - INFO - [getUpdates] JSON{'offset': 10}
2026-04-28 15:59:31,219 - balethon.network.connection - INFO - [getUpdates] JSON{'offset': 10}
2026-04-28 15:59:31,222 - balethon.network.connection - INFO - [getUpdates] JSON{'offset': 10}
2026-04-28 15:59:31,225 - balethon.network.connection - INFO - [getUpdates] JSON{'offset': 10}
2026-04-28 15:59:31,228 - balethon.network.connection - INFO - [getUpdates] JSON{'offset': 10}
2026-04-28 15:59:31,232 - balethon.network.connection - INFO - [getUpdates] JSON{'offset': 10}
2026-04-28 15:59:31,235 - balethon.network.connection - INFO - [getUpdates] JSON{'offset': 10}
2026-04-28 15:59:31,237 - balethon.network.connection - INFO - [getUpdates] JSON{'offset': 10}
2026-04-28 15:59:31,240 - balethon.network.connection - INFO - [getUpdates] JSON{'offset': 10}
2026-04-28 15:59:31,244 - balethon.network.connection - INFO - [getUpdates] JSON{'offset': 10}
2026-04-28 15:59:31,255 - balethon.network.connection - INFO - [getUpdates] JSON{'offset': 10}
2026-04-28 15:59:31,258 - balethon.network.connection - INFO - [getUpdates] JSON{'offset': 10}
2026-04-28 15:59:31,261 - balethon.network.connection - INFO - [getUpdates] JSON{'offset': 10}
2026-04-28 15:59:31,264 - balethon.network.connection - INFO - [getUpdates] JSON{'offset': 10}
2026-04-28 15:59:31,268 - balethon.network.connection - INFO - [getUpdates] JSON{'offset': 10}
2026-04-28 15:59:31,271 - balethon.network.connection - INFO - [getUpdates] JSON{'offset': 10}
2026-04-28 15:59:31,274 - balethon.network.connection - INFO - [getUpdates] JSON{'offset': 10}
2026-04-28 15:59:31,277 - balethon.network.connection - INFO - [getUpdates] JSON{'offset': 10}
2026-04-28 15:59:31,280 - balethon.network.connection - INFO - [getUpdates] JSON{'offset': 10}
2026-04-28 15:59:31,284 - balethon.network.connection - INFO - [getUpdates] JSON{'offset': 10}
2026-04-28 15:59:31,287 - balethon.network.connection - INFO - [getUpdates] JSON{'offset': 10}
2026-04-28 15:59:31,289 - balethon.network.connection - INFO - [getUpdates] JSON{'offset': 10}
2026-04-28 15:59:31,294 - balethon.network.connection - INFO - [getUpdates] JSON{'offset': 10}
2026-04-28 15:59:31,297 - balethon.network.connection - INFO - [getUpdates] JSON{'offset': 10}
2026-04-28 15:59:31,299 - balethon.network.connection - INFO - [getUpdates] JSON{'offset': 10}
2026-04-28 15:59:31,303 - balethon.network.connection - INFO - [getUpdates] JSON{'offset': 10}
2026-04-28 15:59:31,306 - balethon.network.connection - INFO - [getUpdates] JSON{'offset': 10}
2026-04-28 15:59:31,310 - balethon.network.connection - INFO - [getUpdates] JSON{'offset': 10}
2026-04-28 15:59:31,312 - balethon.network.connection - INFO - [getUpdates] JSON{'offset': 10}
2026-04-28 15:59:31,315 - balethon.network.connection - INFO - [getUpdates] JSON{'offset': 10}
2026-04-28 15:59:31,317 - balethon.network.connection - INFO - [getUpdates] JSON{'offset': 10}
2026-04-28 15:59:31,319 - balethon.network.connection - INFO - [getUpdates] JSON{'offset': 10}
2026-04-28 15:59:31,322 - balethon.network.connection - INFO - [getUpdates] JSON{'offset': 10}
2026-04-28 15:59:31,325 - balethon.network.connection - INFO - [getUpdates] JSON{'offset': 10}
2026-04-28 15:59:31,327 - balethon.network.connection - INFO - [getUpdates] JSON{'offset': 10}
2026-04-28 15:59:31,329 - balethon.network.connection - INFO - [getUpdates] JSON{'offset': 10}
2026-04-28 15:59:31,332 - balethon.network.connection - INFO - [getUpdates] JSON{'offset': 10}
2026-04-28 15:59:31,334 - balethon.network.connection - INFO - [getUpdates] JSON{'offset': 10}
2026-04-28 15:59:31,338 - balethon.network.connection - INFO - [getUpdates] JSON{'offset': 10}
2026-04-28 15:59:31,340 - balethon.network.connection - INFO - [getUpdates] JSON{'offset': 10}
2026-04-28 15:59:31,344 - balethon.network.connection - INFO - [getUpdates] JSON{'offset': 10}
2026-04-28 15:59:31,348 - balethon.network.connection - INFO - [getUpdates] JSON{'offset': 10}
2026-04-28 15:59:31,358 - balethon.network.connection - INFO - [getUpdates] JSON{'offset': 10}
2026-04-28 15:59:31,364 - balethon.network.connection - INFO - [getUpdates] JSON{'offset': 10}
2026-04-28 15:59:31,367 - balethon.network.connection - INFO - [getUpdates] JSON{'offset': 10}
2026-04-28 15:59:31,373 - balethon.network.connection - INFO - [getUpdates] JSON{'offset': 10}
2026-04-28 15:59:31,378 - balethon.network.connection - INFO - [getUpdates] JSON{'offset': 10}
2026-04-28 15:59:31,382 - balethon.network.connection - INFO - [getUpdates] JSON{'offset': 10}
2026-04-28 15:59:31,385 - balethon.network.connection - INFO - [getUpdates] JSON{'offset': 10}
2026-04-28 15:59:31,388 - balethon.network.connection - INFO - [getUpdates] JSON{'offset': 10}
2026-04-28 15:59:31,391 - balethon.network.connection - INFO - [getUpdates] JSON{'offset': 10}
2026-04-28 15:59:31,395 - balethon.network.connection - INFO - [getUpdates] JSON{'offset': 10}
2026-04-28 15:59:31,397 - balethon.network.connection - INFO - [getUpdates] JSON{'offset': 10}
2026-04-28 15:59:31,400 - balethon.network.connection - INFO - [getUpdates] JSON{'offset': 10}
2026-04-28 15:59:31,405 - balethon.network.connection - INFO - [getUpdates] JSON{'offset': 10}
2026-04-28 15:59:31,409 - balethon.network.connection - INFO - [getUpdates] JSON{'offset': 10}
2026-04-28 15:59:31,412 - balethon.network.connection - INFO - [getUpdates] JSON{'offset': 10}
2026-04-28 15:59:31,414 - balethon.network.connection - INFO - [getUpdates] JSON{'offset': 10}
2026-04-28 15:59:31,417 - balethon.network.connection - INFO - [getUpdates] JSON{'offset': 10}
2026-04-28 15:59:31,419 - balethon.network.connection - INFO - [getUpdates] JSON{'offset': 10}
2026-04-28 15:59:31,421 - balethon.network.connection - INFO - [getUpdates] JSON{'offset': 10}
2026-04-28 15:59:31,424 - balethon.network.connection - INFO - [getUpdates] JSON{'offset': 10}
2026-04-28 15:59:31,427 - balethon.network.connection - INFO - [getUpdates] JSON{'offset': 10}
2026-04-28 15:59:31,429 - balethon.network.connection - INFO - [getUpdates] JSON{'offset': 10}
2026-04-28 15:59:31,432 - balethon.network.connection - INFO - [getUpdates] JSON{'offset': 10}
2026-04-28 15:59:31,434 - balethon.network.connection - INFO - [getUpdates] JSON{'offset': 10}
2026-04-28 15:59:31,437 - balethon.network.connection - INFO - [getUpdates] JSON{'offset': 10}
2026-04-28 15:59:31,439 - balethon.network.connection - INFO - [getUpdates] JSON{'offset': 10}
2026-04-28 15:59:31,442 - balethon.network.connection - INFO - [getUpdates] JSON{'offset': 10}
2026-04-28 15:59:31,444 - balethon.network.connection - INFO - [getUpdates] JSON{'offset': 10}
2026-04-28 15:59:31,447 - balethon.network.connection - INFO - [getUpdates] JSON{'offset': 10}
2026-04-28 15:59:31,449 - balethon.network.connection - INFO - [getUpdates] JSON{'offset': 10}
2026-04-28 15:59:31,452 - balethon.network.connection - INFO - [getUpdates] JSON{'offset': 10}
2026-04-28 15:59:31,454 - balethon.network.connection - INFO - [getUpdates] JSON{'offset': 10}
2026-04-28 15:59:31,457 - balethon.network.connection - INFO - [getUpdates] JSON{'offset': 10}
2026-04-28 15:59:31,460 - balethon.network.connection - INFO - [getUpdates] JSON{'offset': 10}
2026-04-28 15:59:31,463 - balethon.network.connection - INFO - [getUpdates] JSON{'offset': 10}
2026-04-28 15:59:31,466 - balethon.network.connection - INFO - [getUpdates] JSON{'offset': 10}
2026-04-28 15:59:31,468 - balethon.network.connection - INFO - [getUpdates] JSON{'offset': 10}
2026-04-28 15:59:31,471 - balethon.network.connection - INFO - [getUpdates] JSON{'offset': 10}
2026-04-28 15:59:31,473 - balethon.network.connection - INFO - [getUpdates] JSON{'offset': 10}
2026-04-28 15:59:31,476 - balethon.network.connection - INFO - [getUpdates] JSON{'offset': 10}
2026-04-28 15:59:31,478 - balethon.network.connection - INFO - [getUpdates] JSON{'offset': 10}
2026-04-28 15:59:31,480 - balethon.network.connection - INFO - [getUpdates] JSON{'offset': 10}
2026-04-28 15:59:31,483 - balethon.network.connection - INFO - [getUpdates] JSON{'offset': 10}
2026-04-28 15:59:31,486 - balethon.network.connection - INFO - [getUpdates] JSON{'offset': 10}
2026-04-28 15:59:31,488 - balethon.network.connection - INFO - [getUpdates] JSON{'offset': 10}
2026-04-28 15:59:31,490 - balethon.network.connection - INFO - [getUpdates] JSON{'offset': 10}
2026-04-28 15:59:31,494 - balethon.network.connection - INFO - [getUpdates] JSON{'offset': 10}
2026-04-28 15:59:31,498 - balethon.network.connection - INFO - [getUpdates] JSON{'offset': 10}
2026-04-28 15:59:31,500 - balethon.network.connection - INFO - [getUpdates] JSON{'offset': 10}
2026-04-28 15:59:31,503 - balethon.network.connection - INFO - [getUpdates] JSON{'offset': 10}
2026-04-28 15:59:31,506 - balethon.network.connection - INFO - [getUpdates] JSON{'offset': 10}
2026-04-28 15:59:31,508 - balethon.network.connection - INFO - [getUpdates] JSON{'offset': 10}
2026-04-28 15:59:31,510 - balethon.network.connection - INFO - [getUpdates] JSON{'offset': 10}
2026-04-28 15:59:31,513 - balethon.network.connection - INFO - [getUpdates] JSON{'offset': 10}
2026-04-28 15:59:31,516 - balethon.network.connection - INFO - [getUpdates] JSON{'offset': 10}
2026-04-28 15:59:31,518 - balethon.network.connection - INFO - [getUpdates] JSON{'offset': 10}
2026-04-28 15:59:31,520 - balethon.network.connection - INFO - [getUpdates] JSON{'offset': 10}
2026-04-28 15:59:31,522 - balethon.network.connection - INFO - [getUpdates] JSON{'offset': 10}
2026-04-28 15:59:31,524 - balethon.network.connection - INFO - [getUpdates] JSON{'offset': 10}
2026-04-28 15:59:31,528 - balethon.network.connection - INFO - [getUpdates] JSON{'offset': 10}
2026-04-28 15:59:31,530 - balethon.network.connection - INFO - [getUpdates] JSON{'offset': 10}
2026-04-28 15:59:31,532 - balethon.network.connection - INFO - [getUpdates] JSON{'offset': 10}
2026-04-28 15:59:31,534 - balethon.network.connection - INFO - [getUpdates] JSON{'offset': 10}
2026-04-28 15:59:31,537 - balethon.network.connection - INFO - [getUpdates] JSON{'offset': 10}
2026-04-28 15:59:31,539 - balethon.network.connection - INFO - [getUpdates] JSON{'offset': 10}
2026-04-28 15:59:31,542 - balethon.network.connection - INFO - [getUpdates] JSON{'offset': 10}
2026-04-28 15:59:31,545 - balethon.network.connection - INFO - [getUpdates] JSON{'offset': 10}
2026-04-28 15:59:31,547 - balethon.network.connection - INFO - [getUpdates] JSON{'offset': 10}
2026-04-28 15:59:31,549 - balethon.network.connection - INFO - [getUpdates] JSON{'offset': 10}
2026-04-28 15:59:31,552 - balethon.network.connection - INFO - [getUpdates] JSON{'offset': 10}
2026-04-28 15:59:31,554 - balethon.network.connection - INFO - [getUpdates] JSON{'offset': 10}
2026-04-28 15:59:31,557 - balethon.network.connection - INFO - [getUpdates] JSON{'offset': 10}
2026-04-28 15:59:31,561 - balethon.network.connection - INFO - [getUpdates] JSON{'offset': 10}
2026-04-28 15:59:31,564 - balethon.network.connection - INFO - [getUpdates] JSON{'offset': 10}
2026-04-28 15:59:31,566 - balethon.network.connection - INFO - [getUpdates] JSON{'offset': 10}
2026-04-28 15:59:31,568 - balethon.network.connection - INFO - [getUpdates] JSON{'offset': 10}
2026-04-28 15:59:31,572 - balethon.network.connection - INFO - [getUpdates] JSON{'offset': 10}
2026-04-28 15:59:31,575 - balethon.network.connection - INFO - [getUpdates] JSON{'offset': 10}
2026-04-28 15:59:31,578 - balethon.network.connection - INFO - [getUpdates] JSON{'offset': 10}
2026-04-28 15:59:31,580 - balethon.network.connection - INFO - [getUpdates] JSON{'offset': 10}
2026-04-28 15:59:31,582 - balethon.network.connection - INFO - [getUpdates] JSON{'offset': 10}
2026-04-28 15:59:31,585 - balethon.network.connection - INFO - [getUpdates] JSON{'offset': 10}
2026-04-28 15:59:31,588 - balethon.network.connection - INFO - [getUpdates] JSON{'offset': 10}
2026-04-28 15:59:31,590 - balethon.network.connection - INFO - [getUpdates] JSON{'offset': 10}
2026-04-28 15:59:31,592 - balethon.network.connection - INFO - [getUpdates] JSON{'offset': 10}
2026-04-28 15:59:31,595 - balethon.network.connection - INFO - [getUpdates] JSON{'offset': 10}
2026-04-28 15:59:31,597 - balethon.network.connection - INFO - [getUpdates] JSON{'offset': 10}
2026-04-28 15:59:31,599 - balethon.network.connection - INFO - [getUpdates] JSON{'offset': 10}
2026-04-28 15:59:31,602 - balethon.network.connection - INFO - [getUpdates] JSON{'offset': 10}
2026-04-28 15:59:31,604 - balethon.network.connection - INFO - [getUpdates] JSON{'offset': 10}
2026-04-28 15:59:31,607 - balethon.network.connection - INFO - [getUpdates] JSON{'offset': 10}
2026-04-28 15:59:31,610 - balethon.network.connection - INFO - [getUpdates] JSON{'offset': 10}
2026-04-28 15:59:31,612 - balethon.network.connection - INFO - [getUpdates] JSON{'offset': 10}
2026-04-28 15:59:31,615 - balethon.network.connection - INFO - [getUpdates] JSON{'offset': 10}
2026-04-28 15:59:31,617 - balethon.network.connection - INFO - [getUpdates] JSON{'offset': 10}
2026-04-28 15:59:31,619 - balethon.network.connection - INFO - [getUpdates] JSON{'offset': 10}
2026-04-28 15:59:31,621 - balethon.network.connection - INFO - [getUpdates] JSON{'offset': 10}
2026-04-28 15:59:31,623 - balethon.network.connection - INFO - [getUpdates] JSON{'offset': 10}
2026-04-28 15:59:31,626 - balethon.network.connection - INFO - [getUpdates] JSON{'offset': 10}
2026-04-28 15:59:31,629 - balethon.network.connection - INFO - [getUpdates] JSON{'offset': 10}
2026-04-28 15:59:31,631 - balethon.network.connection - INFO - [getUpdates] JSON{'offset': 10}
2026-04-28 15:59:31,634 - balethon.network.connection - INFO - [getUpdates] JSON{'offset': 10}
2026-04-28 15:59:31,637 - balethon.network.connection - INFO - [getUpdates] JSON{'offset': 10}
2026-04-28 15:59:31,639 - balethon.network.connection - INFO - [getUpdates] JSON{'offset': 10}
2026-04-28 15:59:31,642 - balethon.network.connection - INFO - [getUpdates] JSON{'offset': 10}
2026-04-28 15:59:31,645 - balethon.network.connection - INFO - [getUpdates] JSON{'offset': 10}
2026-04-28 15:59:31,647 - balethon.network.connection - INFO - [getUpdates] JSON{'offset': 10}
2026-04-28 15:59:31,649 - balethon.network.connection - INFO - [getUpdates] JSON{'offset': 10}
2026-04-28 15:59:31,651 - balethon.network.connection - INFO - [getUpdates] JSON{'offset': 10}
2026-04-28 15:59:31,655 - balethon.network.connection - INFO - [getUpdates] JSON{'offset': 10}
2026-04-28 15:59:31,657 - balethon.network.connection - INFO - [getUpdates] JSON{'offset': 10}
2026-04-28 15:59:31,660 - balethon.network.connection - INFO - [getUpdates] JSON{'offset': 10}
2026-04-28 15:59:31,663 - balethon.network.connection - INFO - [getUpdates] JSON{'offset': 10}
2026-04-28 15:59:31,665 - balethon.network.connection - INFO - [getUpdates] JSON{'offset': 10}
2026-04-28 15:59:31,667 - balethon.network.connection - INFO - [getUpdates] JSON{'offset': 10}
2026-04-28 15:59:31,671 - balethon.network.connection - INFO - [getUpdates] JSON{'offset': 10}
2026-04-28 15:59:31,674 - balethon.network.connection - INFO - [getUpdates] JSON{'offset': 10}
2026-04-28 15:59:31,677 - balethon.network.connection - INFO - [getUpdates] JSON{'offset': 10}
2026-04-28 15:59:31,680 - balethon.network.connection - INFO - [getUpdates] JSON{'offset': 10}
2026-04-28 15:59:31,683 - balethon.network.connection - INFO - [getUpdates] JSON{'offset': 10}
2026-04-28 15:59:31,685 - balethon.network.connection - INFO - [getUpdates] JSON{'offset': 10}
2026-04-28 15:59:31,687 - balethon.network.connection - INFO - [getUpdates] JSON{'offset': 10}
2026-04-28 15:59:31,690 - balethon.network.connection - INFO - [getUpdates] JSON{'offset': 10}
2026-04-28 15:59:31,693 - balethon.network.connection - INFO - [getUpdates] JSON{'offset': 10}
2026-04-28 15:59:31,695 - balethon.network.connection - INFO - [getUpdates] JSON{'offset': 10}
2026-04-28 15:59:31,698 - balethon.network.connection - INFO - [getUpdates] JSON{'offset': 10}
2026-04-28 15:59:31,701 - balethon.network.connection - INFO - [getUpdates] JSON{'offset': 10}
2026-04-28 15:59:31,704 - balethon.network.connection - INFO - [getUpdates] JSON{'offset': 10}
2026-04-28 15:59:31,706 - balethon.network.connection - INFO - [getUpdates] JSON{'offset': 10}
2026-04-28 15:59:31,708 - balethon.network.connection - INFO - [getUpdates] JSON{'offset': 10}
2026-04-28 15:59:31,710 - balethon.network.connection - INFO - [getUpdates] JSON{'offset': 10}
2026-04-28 15:59:31,714 - balethon.network.connection - INFO - [getUpdates] JSON{'offset': 10}
2026-04-28 15:59:31,716 - balethon.network.connection - INFO - [getUpdates] JSON{'offset': 10}
2026-04-28 15:59:31,719 - balethon.network.connection - INFO - [getUpdates] JSON{'offset': 10}
2026-04-28 15:59:31,721 - balethon.network.connection - INFO - [getUpdates] JSON{'offset': 10}
2026-04-28 15:59:31,724 - balethon.network.connection - INFO - [getUpdates] JSON{'offset': 10}
2026-04-28 15:59:31,726 - balethon.network.connection - INFO - [getUpdates] JSON{'offset': 10}
2026-04-28 15:59:31,729 - balethon.network.connection - INFO - [getUpdates] JSON{'offset': 10}
2026-04-28 15:59:31,732 - balethon.network.connection - INFO - [getUpdates] JSON{'offset': 10}
2026-04-28 15:59:31,735 - balethon.network.connection - INFO - [getUpdates] JSON{'offset': 10}
2026-04-28 15:59:31,737 - balethon.network.connection - INFO - [getUpdates] JSON{'offset': 10}
2026-04-28 15:59:31,739 - balethon.network.connection - INFO - [getUpdates] JSON{'offset': 10}
2026-04-28 15:59:31,742 - balethon.network.connection - INFO - [getUpdates] JSON{'offset': 10}
2026-04-28 15:59:31,744 - balethon.network.connection - INFO - [getUpdates] JSON{'offset': 10}
2026-04-28 15:59:31,746 - balethon.network.connection - INFO - [getUpdates] JSON{'offset': 10}
2026-04-28 15:59:31,749 - balethon.network.connection - INFO - [getUpdates] JSON{'offset': 10}
2026-04-28 15:59:31,751 - balethon.network.connection - INFO - [getUpdates] JSON{'offset': 10}
2026-04-28 15:59:31,753 - balethon.network.connection - INFO - [getUpdates] JSON{'offset': 10}
2026-04-28 15:59:31,756 - balethon.network.connection - INFO - [getUpdates] JSON{'offset': 10}
2026-04-28 15:59:31,758 - balethon.network.connection - INFO - [getUpdates] JSON{'offset': 10}
2026-04-28 15:59:31,761 - balethon.network.connection - INFO - [getUpdates] JSON{'offset': 10}
2026-04-28 15:59:31,764 - balethon.network.connection - INFO - [getUpdates] JSON{'offset': 10}
2026-04-28 15:59:31,766 - balethon.network.connection - INFO - [getUpdates] JSON{'offset': 10}
2026-04-28 15:59:31,769 - balethon.network.connection - INFO - [getUpdates] JSON{'offset': 10}
2026-04-28 15:59:31,771 - balethon.network.connection - INFO - [getUpdates] JSON{'offset': 10}
2026-04-28 15:59:31,773 - balethon.network.connection - INFO - [getUpdates] JSON{'offset': 10}
2026-04-28 15:59:31,776 - balethon.network.connection - INFO - [getUpdates] JSON{'offset': 10}
2026-04-28 15:59:31,778 - balethon.network.connection - INFO - [getUpdates] JSON{'offset': 10}
2026-04-28 15:59:31,781 - balethon.network.connection - INFO - [getUpdates] JSON{'offset': 10}
2026-04-28 15:59:31,784 - balethon.network.connection - INFO - [getUpdates] JSON{'offset': 10}
2026-04-28 15:59:31,787 - balethon.network.connection - INFO - [getUpdates] JSON{'offset': 10}
2026-04-28 15:59:31,790 - balethon.network.connection - INFO - [getUpdates] JSON{'offset': 10}
2026-04-28 15:59:31,792 - balethon.network.connection - INFO - [getUpdates] JSON{'offset': 10}
2026-04-28 15:59:31,795 - balethon.network.connection - INFO - [getUpdates] JSON{'offset': 10}
2026-04-28 15:59:31,798 - balethon.network.connection - INFO - [getUpdates] JSON{'offset': 10}
2026-04-28 15:59:31,800 - balethon.network.connection - INFO - [getUpdates] JSON{'offset': 10}
2026-04-28 15:59:31,803 - balethon.network.connection - INFO - [getUpdates] JSON{'offset': 10}
2026-04-28 15:59:31,805 - balethon.network.connection - INFO - [getUpdates] JSON{'offset': 10}
2026-04-28 15:59:31,808 - balethon.network.connection - INFO - [getUpdates] JSON{'offset': 10}
2026-04-28 15:59:31,810 - balethon.network.connection - INFO - [getUpdates] JSON{'offset': 10}
2026-04-28 15:59:31,813 - balethon.network.connection - INFO - [getUpdates] JSON{'offset': 10}
2026-04-28 15:59:31,817 - balethon.network.connection - INFO - [getUpdates] JSON{'offset': 10}
2026-04-28 15:59:31,819 - balethon.network.connection - INFO - [getUpdates] JSON{'offset': 10}
2026-04-28 15:59:31,823 - balethon.network.connection - INFO - [getUpdates] JSON{'offset': 10}
2026-04-28 15:59:31,825 - balethon.network.connection - INFO - [getUpdates] JSON{'offset': 10}
2026-04-28 15:59:31,828 - balethon.network.connection - INFO - [getUpdates] JSON{'offset': 10}
2026-04-28 15:59:31,830 - balethon.network.connection - INFO - [getUpdates] JSON{'offset': 10}
2026-04-28 15:59:31,833 - balethon.network.connection - INFO - [getUpdates] JSON{'offset': 10}
2026-04-28 15:59:31,835 - balethon.network.connection - INFO - [getUpdates] JSON{'offset': 10}
2026-04-28 15:59:31,838 - balethon.network.connection - INFO - [getUpdates] JSON{'offset': 10}
2026-04-28 15:59:31,841 - balethon.network.connection - INFO - [getUpdates] JSON{'offset': 10}
2026-04-28 15:59:31,844 - balethon.network.connection - INFO - [getUpdates] JSON{'offset': 10}
2026-04-28 15:59:31,846 - balethon.network.connection - INFO - [getUpdates] JSON{'offset': 10}
2026-04-28 15:59:31,849 - balethon.network.connection - INFO - [getUpdates] JSON{'offset': 10}
2026-04-28 15:59:31,851 - balethon.network.connection - INFO - [getUpdates] JSON{'offset': 10}
2026-04-28 15:59:31,853 - balethon.network.connection - INFO - [getUpdates] JSON{'offset': 10}
2026-04-28 15:59:31,855 - balethon.network.connection - INFO - [getUpdates] JSON{'offset': 10}
2026-04-28 15:59:31,859 - balethon.network.connection - INFO - [getUpdates] JSON{'offset': 10}
2026-04-28 15:59:31,861 - balethon.network.connection - INFO - [getUpdates] JSON{'offset': 10}
2026-04-28 15:59:31,864 - balethon.network.connection - INFO - [getUpdates] JSON{'offset': 10}
2026-04-28 15:59:31,867 - balethon.network.connection - INFO - [getUpdates] JSON{'offset': 10}
2026-04-28 15:59:31,870 - balethon.network.connection - INFO - [getUpdates] JSON{'offset': 10}
2026-04-28 15:59:31,873 - balethon.network.connection - INFO - [getUpdates] JSON{'offset': 10}
2026-04-28 15:59:31,875 - balethon.network.connection - INFO - [getUpdates] JSON{'offset': 10}
2026-04-28 15:59:31,877 - balethon.network.connection - INFO - [getUpdates] JSON{'offset': 10}
2026-04-28 15:59:31,880 - balethon.network.connection - INFO - [getUpdates] JSON{'offset': 10}
2026-04-28 15:59:31,882 - balethon.network.connection - INFO - [getUpdates] JSON{'offset': 10}
2026-04-28 15:59:31,885 - balethon.network.connection - INFO - [getUpdates] JSON{'offset': 10}
2026-04-28 15:59:31,887 - balethon.network.connection - INFO - [getUpdates] JSON{'offset': 10}
2026-04-28 15:59:31,889 - balethon.network.connection - INFO - [getUpdates] JSON{'offset': 10}
2026-04-28 15:59:31,892 - balethon.network.connection - INFO - [getUpdates] JSON{'offset': 10}
2026-04-28 15:59:31,894 - balethon.network.connection - INFO - [getUpdates] JSON{'offset': 10}
2026-04-28 15:59:31,896 - balethon.network.connection - INFO - [getUpdates] JSON{'offset': 10}
2026-04-28 15:59:31,899 - balethon.network.connection - INFO - [getUpdates] JSON{'offset': 10}
2026-04-28 15:59:31,902 - balethon.network.connection - INFO - [getUpdates] JSON{'offset': 10}
2026-04-28 15:59:31,905 - balethon.network.connection - INFO - [getUpdates] JSON{'offset': 10}
2026-04-28 15:59:31,907 - balethon.network.connection - INFO - [getUpdates] JSON{'offset': 10}
2026-04-28 15:59:31,909 - balethon.network.connection - INFO - [getUpdates] JSON{'offset': 10}
2026-04-28 15:59:31,912 - balethon.network.connection - INFO - [getUpdates] JSON{'offset': 10}
2026-04-28 15:59:31,915 - balethon.network.connection - INFO - [getUpdates] JSON{'offset': 10}
2026-04-28 15:59:31,918 - balethon.network.connection - INFO - [getUpdates] JSON{'offset': 10}
2026-04-28 15:59:31,920 - balethon.network.connection - INFO - [getUpdates] JSON{'offset': 10}
2026-04-28 15:59:31,923 - balethon.network.connection - INFO - [getUpdates] JSON{'offset': 10}
2026-04-28 15:59:31,925 - balethon.network.connection - INFO - [getUpdates] JSON{'offset': 10}
2026-04-28 15:59:31,928 - balethon.network.connection - INFO - [getUpdates] JSON{'offset': 10}
2026-04-28 15:59:31,930 - balethon.network.connection - INFO - [getUpdates] JSON{'offset': 10}
2026-04-28 15:59:31,932 - balethon.network.connection - INFO - [getUpdates] JSON{'offset': 10}
2026-04-28 15:59:31,935 - balethon.network.connection - INFO - [getUpdates] JSON{'offset': 10}
2026-04-28 15:59:31,938 - balethon.network.connection - INFO - [getUpdates] JSON{'offset': 10}
2026-04-28 15:59:31,940 - balethon.network.connection - INFO - [getUpdates] JSON{'offset': 10}
2026-04-28 15:59:31,943 - balethon.network.connection - INFO - [getUpdates] JSON{'offset': 10}
2026-04-28 15:59:31,945 - balethon.network.connection - INFO - [getUpdates] JSON{'offset': 10}
2026-04-28 15:59:31,948 - balethon.network.connection - INFO - [getUpdates] JSON{'offset': 10}
2026-04-28 15:59:31,951 - balethon.network.connection - INFO - [getUpdates] JSON{'offset': 10}
2026-04-28 15:59:31,953 - balethon.network.connection - INFO - [getUpdates] JSON{'offset': 10}
2026-04-28 15:59:31,956 - balethon.network.connection - INFO - [getUpdates] JSON{'offset': 10}
2026-04-28 15:59:31,958 - balethon.network.connection - INFO - [getUpdates] JSON{'offset': 10}
2026-04-28 15:59:31,961 - balethon.network.connection - INFO - [getUpdates] JSON{'offset': 10}
2026-04-28 15:59:31,963 - balethon.network.connection - INFO - [getUpdates] JSON{'offset': 10}
2026-04-28 15:59:31,966 - balethon.network.connection - INFO - [getUpdates] JSON{'offset': 10}
2026-04-28 15:59:31,968 - balethon.network.connection - INFO - [getUpdates] JSON{'offset': 10}
2026-04-28 15:59:31,970 - balethon.network.connection - INFO - [getUpdates] JSON{'offset': 10}
2026-04-28 15:59:31,972 - balethon.network.connection - INFO - [getUpdates] JSON{'offset': 10}
2026-04-28 15:59:31,975 - balethon.network.connection - INFO - [getUpdates] JSON{'offset': 10}
2026-04-28 15:59:31,978 - balethon.network.connection - INFO - [getUpdates] JSON{'offset': 10}
2026-04-28 15:59:31,980 - balethon.network.connection - INFO - [getUpdates] JSON{'offset': 10}
2026-04-28 15:59:31,983 - balethon.network.connection - INFO - [getUpdates] JSON{'offset': 10}
2026-04-28 15:59:31,985 - balethon.network.connection - INFO - [getUpdates] JSON{'offset': 10}
2026-04-28 15:59:31,987 - balethon.network.connection - INFO - [getUpdates] JSON{'offset': 10}
2026-04-28 15:59:31,990 - balethon.network.connection - INFO - [getUpdates] JSON{'offset': 10}
2026-04-28 15:59:31,993 - balethon.network.connection - INFO - [getUpdates] JSON{'offset': 10}
2026-04-28 15:59:31,995 - balethon.network.connection - INFO - [getUpdates] JSON{'offset': 10}
2026-04-28 15:59:31,998 - balethon.network.connection - INFO - [getUpdates] JSON{'offset': 10}
2026-04-28 15:59:32,000 - balethon.network.connection - INFO - [getUpdates] JSON{'offset': 10}
2026-04-28 15:59:32,003 - balethon.network.connection - INFO - [getUpdates] JSON{'offset': 10}
2026-04-28 15:59:32,006 - balethon.network.connection - INFO - [getUpdates] JSON{'offset': 10}
2026-04-28 15:59:32,008 - balethon.network.connection - INFO - [getUpdates] JSON{'offset': 10}
2026-04-28 15:59:32,011 - balethon.network.connection - INFO - [getUpdates] JSON{'offset': 10}
2026-04-28 15:59:32,013 - balethon.network.connection - INFO - [getUpdates] JSON{'offset': 10}
2026-04-28 15:59:32,015 - balethon.network.connection - INFO - [getUpdates] JSON{'offset': 10}
2026-04-28 15:59:32,018 - balethon.network.connection - INFO - [getUpdates] JSON{'offset': 10}
2026-04-28 15:59:32,021 - balethon.network.connection - INFO - [getUpdates] JSON{'offset': 10}
2026-04-28 15:59:32,023 - balethon.network.connection - INFO - [getUpdates] JSON{'offset': 10}
2026-04-28 15:59:32,025 - balethon.network.connection - INFO - [getUpdates] JSON{'offset': 10}
2026-04-28 15:59:32,028 - balethon.network.connection - INFO - [getUpdates] JSON{'offset': 10}
2026-04-28 15:59:32,031 - balethon.network.connection - INFO - [getUpdates] JSON{'offset': 10}
2026-04-28 15:59:32,032 - balethon.network.connection - INFO - [getUpdates] JSON{'offset': 10}
2026-04-28 15:59:32,035 - balethon.network.connection - INFO - [getUpdates] JSON{'offset': 10}
2026-04-28 15:59:32,037 - balethon.network.connection - INFO - [getUpdates] JSON{'offset': 10}
2026-04-28 15:59:32,041 - balethon.network.connection - INFO - [getUpdates] JSON{'offset': 10}
2026-04-28 15:59:32,043 - balethon.network.connection - INFO - [getUpdates] JSON{'offset': 10}
2026-04-28 15:59:32,048 - balethon.network.connection - INFO - [getUpdates] JSON{'offset': 10}
2026-04-28 15:59:32,051 - balethon.network.connection - INFO - [getUpdates] JSON{'offset': 10}
2026-04-28 15:59:32,053 - balethon.network.connection - INFO - [getUpdates] JSON{'offset': 10}
2026-04-28 15:59:32,055 - balethon.network.connection - INFO - [getUpdates] JSON{'offset': 10}
2026-04-28 15:59:32,058 - balethon.network.connection - INFO - [getUpdates] JSON{'offset': 10}
2026-04-28 15:59:32,060 - balethon.network.connection - INFO - [getUpdates] JSON{'offset': 10}
2026-04-28 15:59:32,063 - balethon.network.connection - INFO - [getUpdates] JSON{'offset': 10}
2026-04-28 15:59:32,065 - balethon.network.connection - INFO - [getUpdates] JSON{'offset': 10}
2026-04-28 15:59:32,068 - balethon.network.connection - INFO - [getUpdates] JSON{'offset': 10}
2026-04-28 15:59:32,070 - balethon.network.connection - INFO - [getUpdates] JSON{'offset': 10}
2026-04-28 15:59:32,073 - balethon.network.connection - INFO - [getUpdates] JSON{'offset': 10}
2026-04-28 15:59:32,075 - balethon.network.connection - INFO - [getUpdates] JSON{'offset': 10}
2026-04-28 15:59:32,077 - balethon.network.connection - INFO - [getUpdates] JSON{'offset': 10}
2026-04-28 15:59:32,080 - balethon.network.connection - INFO - [getUpdates] JSON{'offset': 10}
2026-04-28 15:59:32,083 - balethon.network.connection - INFO - [getUpdates] JSON{'offset': 10}
2026-04-28 15:59:32,088 - balethon.network.connection - INFO - [getUpdates] JSON{'offset': 10}
2026-04-28 15:59:32,090 - balethon.network.connection - INFO - [getUpdates] JSON{'offset': 10}
2026-04-28 15:59:32,093 - balethon.network.connection - INFO - [getUpdates] JSON{'offset': 10}
2026-04-28 15:59:32,096 - balethon.network.connection - INFO - [getUpdates] JSON{'offset': 10}
2026-04-28 15:59:32,098 - balethon.network.connection - INFO - [getUpdates] JSON{'offset': 10}
2026-04-28 15:59:32,100 - balethon.network.connection - INFO - [getUpdates] JSON{'offset': 10}
2026-04-28 15:59:32,103 - balethon.network.connection - INFO - [getUpdates] JSON{'offset': 10}
2026-04-28 15:59:32,106 - balethon.network.connection - INFO - [getUpdates] JSON{'offset': 10}
2026-04-28 15:59:32,109 - balethon.network.connection - INFO - [getUpdates] JSON{'offset': 10}
2026-04-28 15:59:32,111 - balethon.network.connection - INFO - [getUpdates] JSON{'offset': 10}
2026-04-28 15:59:32,113 - balethon.network.connection - INFO - [getUpdates] JSON{'offset': 10}
2026-04-28 15:59:32,116 - balethon.network.connection - INFO - [getUpdates] JSON{'offset': 10}
2026-04-28 15:59:32,119 - balethon.network.connection - INFO - [getUpdates] JSON{'offset': 10}
2026-04-28 15:59:32,122 - balethon.network.connection - INFO - [getUpdates] JSON{'offset': 10}
2026-04-28 15:59:32,125 - balethon.network.connection - INFO - [getUpdates] JSON{'offset': 10}
2026-04-28 15:59:32,129 - balethon.network.connection - INFO - [getUpdates] JSON{'offset': 10}
2026-04-28 15:59:32,131 - balethon.network.connection - INFO - [getUpdates] JSON{'offset': 10}
2026-04-28 15:59:32,133 - balethon.network.connection - INFO - [getUpdates] JSON{'offset': 10}
2026-04-28 15:59:32,136 - balethon.network.connection - INFO - [getUpdates] JSON{'offset': 10}
2026-04-28 15:59:32,138 - balethon.network.connection - INFO - [getUpdates] JSON{'offset': 10}
2026-04-28 15:59:32,140 - balethon.network.connection - INFO - [getUpdates] JSON{'offset': 10}
2026-04-28 15:59:32,142 - balethon.network.connection - INFO - [getUpdates] JSON{'offset': 10}
2026-04-28 15:59:32,145 - balethon.network.connection - INFO - [getUpdates] JSON{'offset': 10}
2026-04-28 15:59:32,147 - balethon.network.connection - INFO - [getUpdates] JSON{'offset': 10}
2026-04-28 15:59:32,150 - balethon.network.connection - INFO - [getUpdates] JSON{'offset': 10}
2026-04-28 15:59:32,152 - balethon.network.connection - INFO - [getUpdates] JSON{'offset': 10}
2026-04-28 15:59:32,155 - balethon.network.connection - INFO - [getUpdates] JSON{'offset': 10}
2026-04-28 15:59:32,157 - balethon.network.connection - INFO - [getUpdates] JSON{'offset': 10}
2026-04-28 15:59:32,159 - balethon.network.connection - INFO - [getUpdates] JSON{'offset': 10}
2026-04-28 15:59:32,162 - balethon.network.connection - INFO - [getUpdates] JSON{'offset': 10}
2026-04-28 15:59:32,165 - balethon.network.connection - INFO - [getUpdates] JSON{'offset': 10}
2026-04-28 15:59:32,167 - balethon.network.connection - INFO - [getUpdates] JSON{'offset': 10}
2026-04-28 15:59:32,170 - balethon.network.connection - INFO - [getUpdates] JSON{'offset': 10}
2026-04-28 15:59:32,172 - balethon.network.connection - INFO - [getUpdates] JSON{'offset': 10}
2026-04-28 15:59:32,175 - balethon.network.connection - INFO - [getUpdates] JSON{'offset': 10}
2026-04-28 15:59:32,177 - balethon.network.connection - INFO - [getUpdates] JSON{'offset': 10}
2026-04-28 15:59:32,180 - balethon.network.connection - INFO - [getUpdates] JSON{'offset': 10}
2026-04-28 15:59:32,182 - balethon.network.connection - INFO - [getUpdates] JSON{'offset': 10}
2026-04-28 15:59:32,185 - balethon.network.connection - INFO - [getUpdates] JSON{'offset': 10}
2026-04-28 15:59:32,187 - balethon.network.connection - INFO - [getUpdates] JSON{'offset': 10}
2026-04-28 15:59:32,189 - balethon.network.connection - INFO - [getUpdates] JSON{'offset': 10}
2026-04-28 15:59:32,192 - balethon.network.connection - INFO - [getUpdates] JSON{'offset': 10}
2026-04-28 15:59:32,197 - balethon.network.connection - INFO - [getUpdates] JSON{'offset': 10}
2026-04-28 15:59:32,199 - balethon.network.connection - INFO - [getUpdates] JSON{'offset': 10}
2026-04-28 15:59:32,202 - balethon.network.connection - INFO - [getUpdates] JSON{'offset': 10}
2026-04-28 15:59:32,205 - balethon.network.connection - INFO - [getUpdates] JSON{'offset': 10}
2026-04-28 15:59:32,207 - balethon.network.connection - INFO - [getUpdates] JSON{'offset': 10}
2026-04-28 15:59:32,209 - balethon.network.connection - INFO - [getUpdates] JSON{'offset': 10}
2026-04-28 15:59:32,212 - balethon.network.connection - INFO - [getUpdates] JSON{'offset': 10}
2026-04-28 15:59:32,215 - balethon.network.connection - INFO - [getUpdates] JSON{'offset': 10}
2026-04-28 15:59:32,217 - balethon.network.connection - INFO - [getUpdates] JSON{'offset': 10}
2026-04-28 15:59:32,220 - balethon.network.connection - INFO - [getUpdates] JSON{'offset': 10}
2026-04-28 15:59:32,222 - balethon.network.connection - INFO - [getUpdates] JSON{'offset': 10}
2026-04-28 15:59:32,225 - balethon.network.connection - INFO - [getUpdates] JSON{'offset': 10}
2026-04-28 15:59:32,228 - balethon.network.connection - INFO - [getUpdates] JSON{'offset': 10}
2026-04-28 15:59:32,230 - balethon.network.connection - INFO - [getUpdates] JSON{'offset': 10}
2026-04-28 15:59:32,233 - balethon.network.connection - INFO - [getUpdates] JSON{'offset': 10}
2026-04-28 15:59:32,235 - balethon.network.connection - INFO - [getUpdates] JSON{'offset': 10}
2026-04-28 15:59:32,237 - balethon.network.connection - INFO - [getUpdates] JSON{'offset': 10}
2026-04-28 15:59:32,239 - balethon.network.connection - INFO - [getUpdates] JSON{'offset': 10}
2026-04-28 15:59:32,241 - balethon.network.connection - INFO - [getUpdates] JSON{'offset': 10}
2026-04-28 15:59:32,243 - balethon.network.connection - INFO - [getUpdates] JSON{'offset': 10}
2026-04-28 15:59:32,245 - balethon.network.connection - INFO - [getUpdates] JSON{'offset': 10}
2026-04-28 15:59:32,248 - balethon.network.connection - INFO - [getUpdates] JSON{'offset': 10}
2026-04-28 15:59:32,251 - balethon.network.connection - INFO - [getUpdates] JSON{'offset': 10}
2026-04-28 15:59:32,253 - balethon.network.connection - INFO - [getUpdates] JSON{'offset': 10}
2026-04-28 15:59:32,256 - balethon.network.connection - INFO - [getUpdates] JSON{'offset': 10}
2026-04-28 15:59:32,258 - balethon.network.connection - INFO - [getUpdates] JSON{'offset': 10}
2026-04-28 15:59:32,260 - balethon.network.connection - INFO - [getUpdates] JSON{'offset': 10}
2026-04-28 15:59:32,263 - balethon.network.connection - INFO - [getUpdates] JSON{'offset': 10}
2026-04-28 15:59:32,265 - balethon.network.connection - INFO - [getUpdates] JSON{'offset': 10}
2026-04-28 15:59:32,268 - balethon.network.connection - INFO - [getUpdates] JSON{'offset': 10}
2026-04-28 15:59:32,271 - balethon.network.connection - INFO - [getUpdates] JSON{'offset': 10}
2026-04-28 15:59:32,274 - balethon.network.connection - INFO - [getUpdates] JSON{'offset': 10}
2026-04-28 15:59:32,277 - balethon.network.connection - INFO - [getUpdates] JSON{'offset': 10}
2026-04-28 15:59:32,279 - balethon.network.connection - INFO - [getUpdates] JSON{'offset': 10}
2026-04-28 15:59:32,282 - balethon.network.connection - INFO - [getUpdates] JSON{'offset': 10}
2026-04-28 15:59:32,284 - balethon.network.connection - INFO - [getUpdates] JSON{'offset': 10}
2026-04-28 15:59:32,287 - balethon.network.connection - INFO - [getUpdates] JSON{'offset': 10}
2026-04-28 15:59:32,289 - balethon.network.connection - INFO - [getUpdates] JSON{'offset': 10}
2026-04-28 15:59:32,292 - balethon.network.connection - INFO - [getUpdates] JSON{'offset': 10}
2026-04-28 15:59:32,295 - balethon.network.connection - INFO - [getUpdates] JSON{'offset': 10}
2026-04-28 15:59:32,297 - balethon.network.connection - INFO - [getUpdates] JSON{'offset': 10}
2026-04-28 15:59:32,299 - balethon.network.connection - INFO - [getUpdates] JSON{'offset': 10}
2026-04-28 15:59:32,302 - balethon.network.connection - INFO - [getUpdates] JSON{'offset': 10}
2026-04-28 15:59:32,304 - balethon.network.connection - INFO - [getUpdates] JSON{'offset': 10}
2026-04-28 15:59:32,307 - balethon.network.connection - INFO - [getUpdates] JSON{'offset': 10}
2026-04-28 15:59:32,310 - balethon.network.connection - INFO - [getUpdates] JSON{'offset': 10}
2026-04-28 15:59:32,313 - balethon.network.connection - INFO - [getUpdates] JSON{'offset': 10}
2026-04-28 15:59:32,315 - balethon.network.connection - INFO - [getUpdates] JSON{'offset': 10}
2026-04-28 15:59:32,318 - balethon.network.connection - INFO - [getUpdates] JSON{'offset': 10}
2026-04-28 15:59:32,320 - balethon.network.connection - INFO - [getUpdates] JSON{'offset': 10}
2026-04-28 15:59:32,323 - balethon.network.connection - INFO - [getUpdates] JSON{'offset': 10}
2026-04-28 15:59:32,325 - balethon.network.connection - INFO - [getUpdates] JSON{'offset': 10}
2026-04-28 15:59:32,328 - balethon.network.connection - INFO - [getUpdates] JSON{'offset': 10}
2026-04-28 15:59:32,331 - balethon.network.connection - INFO - [getUpdates] JSON{'offset': 10}
2026-04-28 15:59:32,333 - balethon.network.connection - INFO - [getUpdates] JSON{'offset': 10}
2026-04-28 15:59:32,336 - balethon.network.connection - INFO - [getUpdates] JSON{'offset': 10}
2026-04-28 15:59:32,339 - balethon.network.connection - INFO - [getUpdates] JSON{'offset': 10}
2026-04-28 15:59:32,342 - balethon.network.connection - INFO - [getUpdates] JSON{'offset': 10}
2026-04-28 15:59:32,344 - balethon.network.connection - INFO - [getUpdates] JSON{'offset': 10}
2026-04-28 15:59:32,347 - balethon.network.connection - INFO - [getUpdates] JSON{'offset': 10}
2026-04-28 15:59:32,350 - balethon.network.connection - INFO - [getUpdates] JSON{'offset': 10}
2026-04-28 15:59:32,353 - balethon.network.connection - INFO - [getUpdates] JSON{'offset': 10}
2026-04-28 15:59:32,355 - balethon.network.connection - INFO - [getUpdates] JSON{'offset': 10}
2026-04-28 15:59:32,359 - balethon.network.connection - INFO - [getUpdates] JSON{'offset': 10}
2026-04-28 15:59:32,361 - balethon.network.connection - INFO - [getUpdates] JSON{'offset': 10}
2026-04-28 15:59:32,364 - balethon.network.connection - INFO - [getUpdates] JSON{'offset': 10}
2026-04-28 15:59:32,366 - balethon.network.connection - INFO - [getUpdates] JSON{'offset': 10}
2026-04-28 15:59:32,368 - balethon.network.connection - INFO - [getUpdates] JSON{'offset': 10}
2026-04-28 15:59:32,371 - balethon.network.connection - INFO - [getUpdates] JSON{'offset': 10}
2026-04-28 15:59:32,374 - balethon.network.connection - INFO - [getUpdates] JSON{'offset': 10}
2026-04-28 15:59:32,377 - balethon.network.connection - INFO - [getUpdates] JSON{'offset': 10}
2026-04-28 15:59:32,380 - balethon.network.connection - INFO - [getUpdates] JSON{'offset': 10}
2026-04-28 15:59:32,382 - balethon.network.connection - INFO - [getUpdates] JSON{'offset': 10}
2026-04-28 15:59:32,385 - balethon.network.connection - INFO - [getUpdates] JSON{'offset': 10}
2026-04-28 15:59:32,387 - balethon.network.connection - INFO - [getUpdates] JSON{'offset': 10}
2026-04-28 15:59:32,390 - balethon.network.connection - INFO - [getUpdates] JSON{'offset': 10}
2026-04-28 15:59:32,393 - balethon.network.connection - INFO - [getUpdates] JSON{'offset': 10}
2026-04-28 15:59:32,395 - balethon.network.connection - INFO - [getUpdates] JSON{'offset': 10}
2026-04-28 15:59:32,398 - balethon.network.connection - INFO - [getUpdates] JSON{'offset': 10}
2026-04-28 15:59:32,400 - balethon.network.connection - INFO - [getUpdates] JSON{'offset': 10}
2026-04-28 15:59:32,403 - balethon.network.connection - INFO - [getUpdates] JSON{'offset': 10}
2026-04-28 15:59:32,405 - balethon.network.connection - INFO - [getUpdates] JSON{'offset': 10}
2026-04-28 15:59:32,408 - balethon.network.connection - INFO - [getUpdates] JSON{'offset': 10}
2026-04-28 15:59:32,410 - balethon.network.connection - INFO - [getUpdates] JSON{'offset': 10}
2026-04-28 15:59:32,412 - balethon.network.connection - INFO - [getUpdates] JSON{'offset': 10}
2026-04-28 15:59:32,415 - balethon.network.connection - INFO - [getUpdates] JSON{'offset': 10}
2026-04-28 15:59:32,417 - balethon.network.connection - INFO - [getUpdates] JSON{'offset': 10}
2026-04-28 15:59:32,419 - balethon.network.connection - INFO - [getUpdates] JSON{'offset': 10}
2026-04-28 15:59:32,422 - balethon.network.connection - INFO - [getUpdates] JSON{'offset': 10}
2026-04-28 15:59:32,424 - balethon.network.connection - INFO - [getUpdates] JSON{'offset': 10}
2026-04-28 15:59:32,428 - balethon.network.connection - INFO - [getUpdates] JSON{'offset': 10}
2026-04-28 15:59:32,430 - balethon.network.connection - INFO - [getUpdates] JSON{'offset': 10}
2026-04-28 15:59:32,433 - balethon.network.connection - INFO - [getUpdates] JSON{'offset': 10}
2026-04-28 15:59:32,435 - balethon.network.connection - INFO - [getUpdates] JSON{'offset': 10}
2026-04-28 15:59:32,437 - balethon.network.connection - INFO - [getUpdates] JSON{'offset': 10}
2026-04-28 15:59:32,440 - balethon.network.connection - INFO - [getUpdates] JSON{'offset': 10}
2026-04-28 15:59:32,442 - balethon.network.connection - INFO - [getUpdates] JSON{'offset': 10}
2026-04-28 15:59:32,445 - balethon.network.connection - INFO - [getUpdates] JSON{'offset': 10}
2026-04-28 15:59:32,448 - balethon.network.connection - INFO - [getUpdates] JSON{'offset': 10}
2026-04-28 15:59:32,451 - balethon.network.connection - INFO - [getUpdates] JSON{'offset': 10}
2026-04-28 15:59:32,454 - balethon.network.connection - INFO - [getUpdates] JSON{'offset': 10}
2026-04-28 15:59:32,456 - balethon.network.connection - INFO - [getUpdates] JSON{'offset': 10}
2026-04-28 15:59:32,459 - balethon.network.connection - INFO - [getUpdates] JSON{'offset': 10}
2026-04-28 15:59:32,461 - balethon.network.connection - INFO - [getUpdates] JSON{'offset': 10}
2026-04-28 15:59:32,464 - balethon.network.connection - INFO - [getUpdates] JSON{'offset': 10}
2026-04-28 15:59:32,466 - balethon.network.connection - INFO - [getUpdates] JSON{'offset': 10}
2026-04-28 15:59:32,469 - balethon.network.connection - INFO - [getUpdates] JSON{'offset': 10}
2026-04-28 15:59:32,472 - balethon.network.connection - INFO - [getUpdates] JSON{'offset': 10}
2026-04-28 15:59:32,475 - balethon.network.connection - INFO - [getUpdates] JSON{'offset': 10}
2026-04-28 15:59:32,477 - balethon.network.connection - INFO - [getUpdates] JSON{'offset': 10}
2026-04-28 15:59:32,480 - balethon.network.connection - INFO - [getUpdates] JSON{'offset': 10}
2026-04-28 15:59:32,483 - balethon.network.connection - INFO - [getUpdates] JSON{'offset': 10}
2026-04-28 15:59:32,485 - balethon.network.connection - INFO - [getUpdates] JSON{'offset': 10}
2026-04-28 15:59:32,488 - balethon.network.connection - INFO - [getUpdates] JSON{'offset': 10}
2026-04-28 15:59:32,490 - balethon.network.connection - INFO - [getUpdates] JSON{'offset': 10}
2026-04-28 15:59:32,492 - balethon.network.connection - INFO - [getUpdates] JSON{'offset': 10}
2026-04-28 15:59:32,496 - balethon.network.connection - INFO - [getUpdates] JSON{'offset': 10}
2026-04-28 15:59:32,498 - balethon.network.connection - INFO - [getUpdates] JSON{'offset': 10}
2026-04-28 15:59:32,500 - balethon.network.connection - INFO - [getUpdates] JSON{'offset': 10}
2026-04-28 15:59:32,503 - balethon.network.connection - INFO - [getUpdates] JSON{'offset': 10}
2026-04-28 15:59:32,505 - balethon.network.connection - INFO - [getUpdates] JSON{'offset': 10}
2026-04-28 15:59:32,508 - balethon.network.connection - INFO - [getUpdates] JSON{'offset': 10}
2026-04-28 15:59:32,511 - balethon.network.connection - INFO - [getUpdates] JSON{'offset': 10}
2026-04-28 15:59:32,514 - balethon.network.connection - INFO - [getUpdates] JSON{'offset': 10}
2026-04-28 15:59:32,516 - balethon.network.connection - INFO - [getUpdates] JSON{'offset': 10}
2026-04-28 15:59:32,519 - balethon.network.connection - INFO - [getUpdates] JSON{'offset': 10}
2026-04-28 15:59:32,521 - balethon.network.connection - INFO - [getUpdates] JSON{'offset': 10}
2026-04-28 15:59:32,524 - balethon.network.connection - INFO - [getUpdates] JSON{'offset': 10}
2026-04-28 15:59:32,527 - balethon.network.connection - INFO - [getUpdates] JSON{'offset': 10}
2026-04-28 15:59:32,530 - balethon.network.connection - INFO - [getUpdates] JSON{'offset': 10}
2026-04-28 15:59:32,532 - balethon.network.connection - INFO - [getUpdates] JSON{'offset': 10}
2026-04-28 15:59:32,535 - balethon.network.connection - INFO - [getUpdates] JSON{'offset': 10}
2026-04-28 15:59:32,539 - balethon.network.connection - INFO - [getUpdates] JSON{'offset': 10}
2026-04-28 15:59:32,541 - balethon.network.connection - INFO - [getUpdates] JSON{'offset': 10}
2026-04-28 15:59:32,545 - balethon.network.connection - INFO - [getUpdates] JSON{'offset': 10}
2026-04-28 15:59:32,549 - balethon.network.connection - INFO - [getUpdates] JSON{'offset': 10}
2026-04-28 15:59:32,553 - balethon.network.connection - INFO - [getUpdates] JSON{'offset': 10}
2026-04-28 15:59:32,555 - balethon.network.connection - INFO - [getUpdates] JSON{'offset': 10}
2026-04-28 15:59:32,558 - balethon.network.connection - INFO - [getUpdates] JSON{'offset': 10}
2026-04-28 15:59:32,561 - balethon.network.connection - INFO - [getUpdates] JSON{'offset': 10}
2026-04-28 15:59:32,563 - balethon.network.connection - INFO - [getUpdates] JSON{'offset': 10}
2026-04-28 15:59:32,566 - balethon.network.connection - INFO - [getUpdates] JSON{'offset': 10}
2026-04-28 15:59:32,569 - balethon.network.connection - INFO - [getUpdates] JSON{'offset': 10}
2026-04-28 15:59:32,573 - balethon.network.connection - INFO - [getUpdates] JSON{'offset': 10}
2026-04-28 15:59:32,575 - balethon.network.connection - INFO - [getUpdates] JSON{'offset': 10}
2026-04-28 15:59:32,578 - balethon.network.connection - INFO - [getUpdates] JSON{'offset': 10}
2026-04-28 15:59:32,581 - balethon.network.connection - INFO - [getUpdates] JSON{'offset': 10}
2026-04-28 15:59:32,583 - balethon.network.connection - INFO - [getUpdates] JSON{'offset': 10}
2026-04-28 15:59:32,587 - balethon.network.connection - INFO - [getUpdates] JSON{'offset': 10}
2026-04-28 15:59:32,590 - balethon.network.connection - INFO - [getUpdates] JSON{'offset': 10}
2026-04-28 15:59:32,592 - balethon.network.connection - INFO - [getUpdates] JSON{'offset': 10}
2026-04-28 15:59:32,595 - balethon.network.connection - INFO - [getUpdates] JSON{'offset': 10}
2026-04-28 15:59:32,597 - balethon.network.connection - INFO - [getUpdates] JSON{'offset': 10}
2026-04-28 15:59:32,600 - balethon.network.connection - INFO - [getUpdates] JSON{'offset': 10}
2026-04-28 15:59:32,603 - balethon.network.connection - INFO - [getUpdates] JSON{'offset': 10}
2026-04-28 15:59:32,605 - balethon.network.connection - INFO - [getUpdates] JSON{'offset': 10}
2026-04-28 15:59:32,629 - balethon.network.connection - INFO - [getUpdates] JSON{'offset': 10}
2026-04-28 15:59:32,632 - balethon.network.connection - INFO - [getUpdates] JSON{'offset': 10}
2026-04-28 15:59:32,634 - balethon.network.connection - INFO - [getUpdates] JSON{'offset': 10}
2026-04-28 15:59:32,637 - balethon.network.connection - INFO - [getUpdates] JSON{'offset': 10}
2026-04-28 15:59:32,641 - balethon.network.connection - INFO - [getUpdates] JSON{'offset': 10}
2026-04-28 15:59:32,644 - balethon.network.connection - INFO - [getUpdates] JSON{'offset': 10}
2026-04-28 15:59:32,647 - balethon.network.connection - INFO - [getUpdates] JSON{'offset': 10}
2026-04-28 15:59:32,650 - balethon.network.connection - INFO - [getUpdates] JSON{'offset': 10}
2026-04-28 15:59:32,653 - balethon.network.connection - INFO - [getUpdates] JSON{'offset': 10}
2026-04-28 15:59:32,656 - balethon.network.connection - INFO - [getUpdates] JSON{'offset': 10}
2026-04-28 15:59:32,659 - balethon.network.connection - INFO - [getUpdates] JSON{'offset': 10}
2026-04-28 15:59:32,661 - balethon.network.connection - INFO - [getUpdates] JSON{'offset': 10}
2026-04-28 15:59:32,664 - balethon.network.connection - INFO - [getUpdates] JSON{'offset': 10}
2026-04-28 15:59:32,666 - balethon.network.connection - INFO - [getUpdates] JSON{'offset': 10}
2026-04-28 15:59:32,669 - balethon.network.connection - INFO - [getUpdates] JSON{'offset': 10}
2026-04-28 15:59:32,672 - balethon.network.connection - INFO - [getUpdates] JSON{'offset': 10}
2026-04-28 15:59:32,675 - balethon.network.connection - INFO - [getUpdates] JSON{'offset': 10}
2026-04-28 15:59:32,678 - balethon.network.connection - INFO - [getUpdates] JSON{'offset': 10}
2026-04-28 15:59:32,681 - balethon.network.connection - INFO - [getUpdates] JSON{'offset': 10}
2026-04-28 15:59:32,684 - balethon.network.connection - INFO - [getUpdates] JSON{'offset': 10}
2026-04-28 15:59:32,686 - balethon.network.connection - INFO - [getUpdates] JSON{'offset': 10}
2026-04-28 15:59:32,689 - balethon.network.connection - INFO - [getUpdates] JSON{'offset': 10}
2026-04-28 15:59:32,692 - balethon.network.connection - INFO - [getUpdates] JSON{'offset': 10}
2026-04-28 15:59:32,694 - balethon.network.connection - INFO - [getUpdates] JSON{'offset': 10}
2026-04-28 15:59:32,697 - balethon.network.connection - INFO - [getUpdates] JSON{'offset': 10}
2026-04-28 15:59:32,699 - balethon.network.connection - INFO - [getUpdates] JSON{'offset': 10}
2026-04-28 15:59:32,702 - balethon.network.connection - INFO - [getUpdates] JSON{'offset': 10}
2026-04-28 15:59:32,704 - balethon.network.connection - INFO - [getUpdates] JSON{'offset': 10}
2026-04-28 15:59:32,707 - balethon.network.connection - INFO - [getUpdates] JSON{'offset': 10}
2026-04-28 15:59:32,709 - balethon.network.connection - INFO - [getUpdates] JSON{'offset': 10}
2026-04-28 15:59:32,712 - balethon.network.connection - INFO - [getUpdates] JSON{'offset': 10}
2026-04-28 15:59:32,714 - balethon.network.connection - INFO - [getUpdates] JSON{'offset': 10}
2026-04-28 15:59:32,717 - balethon.network.connection - INFO - [getUpdates] JSON{'offset': 10}
2026-04-28 15:59:32,720 - balethon.network.connection - INFO - [getUpdates] JSON{'offset': 10}
2026-04-28 15:59:32,722 - balethon.network.connection - INFO - [getUpdates] JSON{'offset': 10}
2026-04-28 15:59:32,725 - balethon.network.connection - INFO - [getUpdates] JSON{'offset': 10}
2026-04-28 15:59:32,728 - balethon.network.connection - INFO - [getUpdates] JSON{'offset': 10}
2026-04-28 15:59:32,730 - balethon.network.connection - INFO - [getUpdates] JSON{'offset': 10}
2026-04-28 15:59:32,734 - balethon.network.connection - INFO - [getUpdates] JSON{'offset': 10}
2026-04-28 15:59:32,736 - balethon.network.connection - INFO - [getUpdates] JSON{'offset': 10}
2026-04-28 15:59:32,739 - balethon.network.connection - INFO - [getUpdates] JSON{'offset': 10}
2026-04-28 15:59:32,742 - balethon.network.connection - INFO - [getUpdates] JSON{'offset': 10}
2026-04-28 15:59:32,745 - balethon.network.connection - INFO - [getUpdates] JSON{'offset': 10}
2026-04-28 15:59:32,749 - balethon.network.connection - INFO - [getUpdates] JSON{'offset': 10}
2026-04-28 15:59:32,752 - balethon.network.connection - INFO - [getUpdates] JSON{'offset': 10}
2026-04-28 15:59:32,754 - balethon.network.connection - INFO - [getUpdates] JSON{'offset': 10}
2026-04-28 15:59:32,757 - balethon.network.connection - INFO - [getUpdates] JSON{'offset': 10}
2026-04-28 15:59:32,760 - balethon.network.connection - INFO - [getUpdates] JSON{'offset': 10}
2026-04-28 15:59:32,763 - balethon.network.connection - INFO - [getUpdates] JSON{'offset': 10}
2026-04-28 15:59:32,765 - balethon.network.connection - INFO - [getUpdates] JSON{'offset': 10}
2026-04-28 15:59:32,768 - balethon.network.connection - INFO - [getUpdates] JSON{'offset': 10}
2026-04-28 15:59:32,771 - balethon.network.connection - INFO - [getUpdates] JSON{'offset': 10}
2026-04-28 15:59:32,773 - balethon.network.connection - INFO - [getUpdates] JSON{'offset': 10}
2026-04-28 15:59:32,776 - balethon.network.connection - INFO - [getUpdates] JSON{'offset': 10}
2026-04-28 15:59:32,778 - balethon.network.connection - INFO - [getUpdates] JSON{'offset': 10}
2026-04-28 15:59:32,781 - balethon.network.connection - INFO - [getUpdates] JSON{'offset': 10}
2026-04-28 15:59:32,783 - balethon.network.connection - INFO - [getUpdates] JSON{'offset': 10}
2026-04-28 15:59:32,787 - balethon.network.connection - INFO - [getUpdates] JSON{'offset': 10}
2026-04-28 15:59:32,790 - balethon.network.connection - INFO - [getUpdates] JSON{'offset': 10}
2026-04-28 15:59:32,793 - balethon.network.connection - INFO - [getUpdates] JSON{'offset': 10}
2026-04-28 15:59:32,795 - balethon.network.connection - INFO - [getUpdates] JSON{'offset': 10}
2026-04-28 15:59:32,798 - balethon.network.connection - INFO - [getUpdates] JSON{'offset': 10}
2026-04-28 15:59:32,800 - balethon.network.connection - INFO - [getUpdates] JSON{'offset': 10}
2026-04-28 15:59:32,803 - balethon.network.connection - INFO - [getUpdates] JSON{'offset': 10}
2026-04-28 15:59:32,806 - balethon.network.connection - INFO - [getUpdates] JSON{'offset': 10}
2026-04-28 15:59:32,809 - balethon.network.connection - INFO - [getUpdates] JSON{'offset': 10}
2026-04-28 15:59:32,811 - balethon.network.connection - INFO - [getUpdates] JSON{'offset': 10}
2026-04-28 15:59:32,813 - balethon.network.connection - INFO - [getUpdates] JSON{'offset': 10}
2026-04-28 15:59:32,816 - balethon.network.connection - INFO - [getUpdates] JSON{'offset': 10}
2026-04-28 15:59:32,818 - balethon.network.connection - INFO - [getUpdates] JSON{'offset': 10}
2026-04-28 15:59:32,821 - balethon.network.connection - INFO - [getUpdates] JSON{'offset': 10}
2026-04-28 15:59:32,824 - balethon.network.connection - INFO - [getUpdates] JSON{'offset': 10}
2026-04-28 15:59:32,826 - balethon.network.connection - INFO - [getUpdates] JSON{'offset': 10}
2026-04-28 15:59:32,830 - balethon.network.connection - INFO - [getUpdates] JSON{'offset': 10}
2026-04-28 15:59:32,832 - balethon.network.connection - INFO - [getUpdates] JSON{'offset': 10}
2026-04-28 15:59:32,835 - balethon.network.connection - INFO - [getUpdates] JSON{'offset': 10}
2026-04-28 15:59:32,838 - balethon.network.connection - INFO - [getUpdates] JSON{'offset': 10}
2026-04-28 15:59:32,841 - balethon.network.connection - INFO - [getUpdates] JSON{'offset': 10}
2026-04-28 15:59:32,844 - balethon.network.connection - INFO - [getUpdates] JSON{'offset': 10}
2026-04-28 15:59:32,846 - balethon.network.connection - INFO - [getUpdates] JSON{'offset': 10}
2026-04-28 15:59:32,849 - balethon.network.connection - INFO - [getUpdates] JSON{'offset': 10}
2026-04-28 15:59:32,852 - balethon.network.connection - INFO - [getUpdates] JSON{'offset': 10}
2026-04-28 15:59:32,855 - balethon.network.connection - INFO - [getUpdates] JSON{'offset': 10}
2026-04-28 15:59:32,857 - balethon.network.connection - INFO - [getUpdates] JSON{'offset': 10}
2026-04-28 15:59:32,860 - balethon.network.connection - INFO - [getUpdates] JSON{'offset': 10}
2026-04-28 15:59:32,862 - balethon.network.connection - INFO - [getUpdates] JSON{'offset': 10}
2026-04-28 15:59:32,865 - balethon.network.connection - INFO - [getUpdates] JSON{'offset': 10}
2026-04-28 15:59:32,868 - balethon.network.connection - INFO - [getUpdates] JSON{'offset': 10}
2026-04-28 15:59:32,872 - balethon.network.connection - INFO - [getUpdates] JSON{'offset': 10}
2026-04-28 15:59:32,874 - balethon.network.connection - INFO - [getUpdates] JSON{'offset': 10}
2026-04-28 15:59:32,878 - balethon.network.connection - INFO - [getUpdates] JSON{'offset': 10}
2026-04-28 15:59:32,880 - balethon.network.connection - INFO - [getUpdates] JSON{'offset': 10}
2026-04-28 15:59:32,882 - balethon.network.connection - INFO - [getUpdates] JSON{'offset': 10}
2026-04-28 15:59:32,886 - balethon.network.connection - INFO - [getUpdates] JSON{'offset': 10}
2026-04-28 15:59:32,888 - balethon.network.connection - INFO - [getUpdates] JSON{'offset': 10}
2026-04-28 15:59:32,892 - balethon.network.connection - INFO - [getUpdates] JSON{'offset': 10}
2026-04-28 15:59:32,894 - balethon.network.connection - INFO - [getUpdates] JSON{'offset': 10}
2026-04-28 15:59:32,897 - balethon.network.connection - INFO - [getUpdates] JSON{'offset': 10}
2026-04-28 15:59:32,900 - balethon.network.connection - INFO - [getUpdates] JSON{'offset': 10}
2026-04-28 15:59:32,902 - balethon.network.connection - INFO - [getUpdates] JSON{'offset': 10}
2026-04-28 15:59:32,905 - balethon.network.connection - INFO - [getUpdates] JSON{'offset': 10}
2026-04-28 15:59:32,908 - balethon.network.connection - INFO - [getUpdates] JSON{'offset': 10}
2026-04-28 15:59:32,910 - balethon.network.connection - INFO - [getUpdates] JSON{'offset': 10}
2026-04-28 15:59:32,914 - balethon.network.connection - INFO - [getUpdates] JSON{'offset': 10}
2026-04-28 15:59:32,917 - balethon.network.connection - INFO - [getUpdates] JSON{'offset': 10}
2026-04-28 15:59:32,920 - balethon.network.connection - INFO - [getUpdates] JSON{'offset': 10}
2026-04-28 15:59:32,923 - balethon.network.connection - INFO - [getUpdates] JSON{'offset': 10}
2026-04-28 15:59:32,927 - balethon.network.connection - INFO - [getUpdates] JSON{'offset': 10}
2026-04-28 15:59:32,930 - balethon.network.connection - INFO - [getUpdates] JSON{'offset': 10}
2026-04-28 15:59:32,934 - balethon.network.connection - INFO - [getUpdates] JSON{'offset': 10}
2026-04-28 15:59:32,938 - balethon.network.connection - INFO - [getUpdates] JSON{'offset': 10}
2026-04-28 15:59:32,942 - balethon.network.connection - INFO - [getUpdates] JSON{'offset': 10}
2026-04-28 15:59:32,946 - balethon.network.connection - INFO - [getUpdates] JSON{'offset': 10}
2026-04-28 15:59:32,950 - balethon.network.connection - INFO - [getUpdates] JSON{'offset': 10}
2026-04-28 15:59:32,954 - balethon.network.connection - INFO - [getUpdates] JSON{'offset': 10}
2026-04-28 15:59:32,957 - balethon.network.connection - INFO - [getUpdates] JSON{'offset': 10}
2026-04-28 15:59:32,961 - balethon.network.connection - INFO - [getUpdates] JSON{'offset': 10}
2026-04-28 15:59:32,964 - balethon.network.connection - INFO - [getUpdates] JSON{'offset': 10}
2026-04-28 15:59:32,967 - balethon.network.connection - INFO - [getUpdates] JSON{'offset': 10}
2026-04-28 15:59:32,970 - balethon.network.connection - INFO - [getUpdates] JSON{'offset': 10}
2026-04-28 15:59:32,973 - balethon.network.connection - INFO - [getUpdates] JSON{'offset': 10}
2026-04-28 15:59:32,976 - balethon.network.connection - INFO - [getUpdates] JSON{'offset': 10}
2026-04-28 15:59:32,979 - balethon.network.connection - INFO - [getUpdates] JSON{'offset': 10}
2026-04-28 15:59:32,982 - balethon.network.connection - INFO - [getUpdates] JSON{'offset': 10}
2026-04-28 15:59:32,985 - balethon.network.connection - INFO - [getUpdates] JSON{'offset': 10}
2026-04-28 15:59:32,988 - balethon.network.connection - INFO - [getUpdates] JSON{'offset': 10}
2026-04-28 15:59:32,992 - balethon.network.connection - INFO - [getUpdates] JSON{'offset': 10}
2026-04-28 15:59:32,995 - balethon.network.connection - INFO - [getUpdates] JSON{'offset': 10}
2026-04-28 15:59:32,999 - balethon.network.connection - INFO - [getUpdates] JSON{'offset': 10}
2026-04-28 15:59:33,004 - balethon.network.connection - INFO - [getUpdates] JSON{'offset': 10}
2026-04-28 15:59:33,008 - balethon.network.connection - INFO - [getUpdates] JSON{'offset': 10}
2026-04-28 15:59:33,015 - balethon.network.connection - INFO - [getUpdates] JSON{'offset': 10}
2026-04-28 15:59:33,020 - balethon.network.connection - INFO - [getUpdates] JSON{'offset': 10}
2026-04-28 15:59:33,025 - balethon.network.connection - INFO - [getUpdates] JSON{'offset': 10}
2026-04-28 15:59:33,028 - balethon.network.connection - INFO - [getUpdates] JSON{'offset': 10}
2026-04-28 15:59:33,033 - balethon.network.connection - INFO - [getUpdates] JSON{'offset': 10}
2026-04-28 15:59:33,036 - balethon.network.connection - INFO - [getUpdates] JSON{'offset': 10}
2026-04-28 15:59:33,041 - balethon.network.connection - INFO - [getUpdates] JSON{'offset': 10}
2026-04-28 15:59:33,047 - balethon.network.connection - INFO - [getUpdates] JSON{'offset': 10}
2026-04-28 15:59:33,049 - balethon.network.connection - INFO - [getUpdates] JSON{'offset': 10}
2026-04-28 15:59:33,052 - balethon.network.connection - INFO - [getUpdates] JSON{'offset': 10}
2026-04-28 15:59:33,054 - balethon.network.connection - INFO - [getUpdates] JSON{'offset': 10}
2026-04-28 15:59:33,056 - balethon.network.connection - INFO - [getUpdates] JSON{'offset': 10}
2026-04-28 15:59:33,061 - balethon.network.connection - INFO - [getUpdates] JSON{'offset': 10}
2026-04-28 15:59:33,064 - balethon.network.connection - INFO - [getUpdates] JSON{'offset': 10}
2026-04-28 15:59:33,067 - balethon.network.connection - INFO - [getUpdates] JSON{'offset': 10}
2026-04-28 15:59:33,069 - balethon.network.connection - INFO - [getUpdates] JSON{'offset': 10}
2026-04-28 15:59:33,072 - balethon.network.connection - INFO - [getUpdates] JSON{'offset': 10}
2026-04-28 15:59:33,075 - balethon.network.connection - INFO - [getUpdates] JSON{'offset': 10}
2026-04-28 15:59:33,077 - balethon.network.connection - INFO - [getUpdates] JSON{'offset': 10}
2026-04-28 15:59:33,087 - balethon.network.connection - INFO - [getUpdates] JSON{'offset': 10}
2026-04-28 15:59:33,094 - balethon.network.connection - INFO - [getUpdates] JSON{'offset': 10}
2026-04-28 15:59:33,099 - balethon.network.connection - INFO - [getUpdates] JSON{'offset': 10}
2026-04-28 15:59:33,109 - balethon.network.connection - INFO - [getUpdates] JSON{'offset': 10}
2026-04-28 15:59:33,114 - balethon.network.connection - INFO - [getUpdates] JSON{'offset': 10}
2026-04-28 15:59:33,117 - balethon.network.connection - INFO - [getUpdates] JSON{'offset': 10}
2026-04-28 15:59:33,120 - balethon.network.connection - INFO - [getUpdates] JSON{'offset': 10}
2026-04-28 15:59:33,124 - balethon.network.connection - INFO - [getUpdates] JSON{'offset': 10}
2026-04-28 15:59:33,126 - balethon.network.connection - INFO - [getUpdates] JSON{'offset': 10}
2026-04-28 15:59:33,129 - balethon.network.connection - INFO - [getUpdates] JSON{'offset': 10}
2026-04-28 15:59:33,134 - balethon.network.connection - INFO - [getUpdates] JSON{'offset': 10}
2026-04-28 15:59:33,139 - balethon.network.connection - INFO - [getUpdates] JSON{'offset': 10}
2026-04-28 15:59:33,143 - balethon.network.connection - INFO - [getUpdates] JSON{'offset': 10}
2026-04-28 15:59:33,145 - balethon.network.connection - INFO - [getUpdates] JSON{'offset': 10}
2026-04-28 15:59:33,147 - balethon.network.connection - INFO - [getUpdates] JSON{'offset': 10}
2026-04-28 15:59:33,150 - balethon.network.connection - INFO - [getUpdates] JSON{'offset': 10}
2026-04-28 15:59:33,151 - bot - INFO - Bot interrupted by user
2026-04-28 15:59:33,152 - bot - INFO - Stopping EliteUniteTime bot...
2026-04-28 15:59:33,152 - apscheduler.scheduler - INFO - Scheduler has been shut down
2026-04-28 15:59:33,152 - services.scheduler - INFO - Scheduler stopped
2026-04-28 15:59:33,152 - bot - INFO - Scheduler stopped
2026-04-28 15:59:33,152 - bot - INFO - Bot stopped
2026-04-28 15:59:33,167 - asyncio - ERROR - Task exception was never retrieved
future: <Task finished name='Task-3' coro=<Client.start_polling() done, defined at C:\Users\afraa\Desktop\EliteUniteTime\.venv\Lib\site-packages\balethon\client\client.py:134> exception=KeyboardInterrupt()>
Traceback (most recent call last):
  File "C:\Users\afraa\Desktop\EliteUniteTime\bot.py", line 223, in start
    self.client.run()
  File "C:\Users\afraa\Desktop\EliteUniteTime\.venv\Lib\site-packages\balethon\client\client.py", line 180, in run
    self.disconnect()
  File "C:\Users\afraa\Desktop\EliteUniteTime\.venv\Lib\site-packages\balethon\sync_support.py", line 22, in dual_purpose_function
    return loop.run_until_complete(coroutine)
           ^^^^^^^^^^^^^^^^^^^^^^^^^^^^^^^^^^
  File "C:\Users\afraa\AppData\Local\Programs\Python\Python311\Lib\asyncio\base_events.py", line 637, in run_until_complete
    self.run_forever()
  File "C:\Users\afraa\AppData\Local\Programs\Python\Python311\Lib\asyncio\windows_events.py", line 321, in run_forever
    super().run_forever()
  File "C:\Users\afraa\AppData\Local\Programs\Python\Python311\Lib\asyncio\base_events.py", line 604, in run_forever
    self._run_once()
  File "C:\Users\afraa\AppData\Local\Programs\Python\Python311\Lib\asyncio\base_events.py", line 1909, in _run_once
    handle._run()
  File "C:\Users\afraa\AppData\Local\Programs\Python\Python311\Lib\asyncio\events.py", line 80, in _run
    self._context.run(self._callback, *self._args)
  File "C:\Users\afraa\Desktop\EliteUniteTime\.venv\Lib\site-packages\balethon\client\client.py", line 143, in start_polling
    updates = await self.get_updates(last_update_id + 1)
              ^^^^^^^^^^^^^^^^^^^^^^^^^^^^^^^^^^^^^^^^^^
  File "C:\Users\afraa\Desktop\EliteUniteTime\.venv\Lib\site-packages\balethon\client\updates\get_updates.py", line 14, in get_updates
    return await self.auto_execute("post", "getUpdates", locals())
           ^^^^^^^^^^^^^^^^^^^^^^^^^^^^^^^^^^^^^^^^^^^^^^^^^^^^^^^
  File "C:\Users\afraa\Desktop\EliteUniteTime\.venv\Lib\site-packages\balethon\client\client.py", line 114, in auto_execute
    bound_method_name = stack()[1].function
                        ^^^^^^^
  File "C:\Users\afraa\AppData\Local\Programs\Python\Python311\Lib\inspect.py", line 1760, in stack
    return getouterframes(sys._getframe(1), context)
           ^^^^^^^^^^^^^^^^^^^^^^^^^^^^^^^^^^^^^^^^^
  File "C:\Users\afraa\AppData\Local\Programs\Python\Python311\Lib\inspect.py", line 1735, in getouterframes
    traceback_info = getframeinfo(frame, context)
                     ^^^^^^^^^^^^^^^^^^^^^^^^^^^^
  File "C:\Users\afraa\AppData\Local\Programs\Python\Python311\Lib\inspect.py", line 1697, in getframeinfo
    lines, lnum = findsource(frame)
                  ^^^^^^^^^^^^^^^^^
  File "C:\Users\afraa\AppData\Local\Programs\Python\Python311\Lib\inspect.py", line 1063, in findsource
    file = getsourcefile(object)
           ^^^^^^^^^^^^^^^^^^^^^
  File "C:\Users\afraa\AppData\Local\Programs\Python\Python311\Lib\inspect.py", line 949, in getsourcefile
    if os.path.exists(filename):
       ^^^^^^^^^^^^^^^^^^^^^^^^
  File "<frozen genericpath>", line 19, in exists
KeyboardInterrupt
2026-04-28 15:59:34,606 - __main__ - INFO - ==================================================
2026-04-28 15:59:34,606 - __main__ - INFO - EliteUniteTime Bot Starting...
2026-04-28 15:59:34,607 - __main__ - INFO - ==================================================
2026-04-28 15:59:35,264 - database.db - INFO - Table 'users' initialized successfully
2026-04-28 15:59:35,265 - database.db - INFO - Table 'reports' initialized successfully
2026-04-28 15:59:35,265 - database.db - INFO - Table 'penalties' initialized successfully
2026-04-28 15:59:35,265 - bot - INFO - Database initialized
2026-04-28 15:59:35,266 - bot - INFO - Scheduler service initialized
2026-04-28 15:59:35,266 - bot - INFO - All handlers initialized
2026-04-28 15:59:35,266 - bot - INFO - Bale client initialized
2026-04-28 15:59:35,267 - bot - INFO - Message and callback handlers registered
2026-04-28 15:59:35,267 - bot - INFO - Starting EliteUniteTime bot...
2026-04-28 15:59:35,267 - apscheduler.scheduler - INFO - Adding job tentatively -- it will be properly scheduled when the scheduler starts
2026-04-28 15:59:35,267 - services.scheduler - INFO - Missing report check job added: daily at 10:00 Asia/Tehran
2026-04-28 15:59:35,268 - apscheduler.scheduler - INFO - Added job "Check missing daily reports" to job store "default"
2026-04-28 15:59:35,268 - apscheduler.scheduler - INFO - Scheduler started
2026-04-28 15:59:35,269 - services.scheduler - INFO - Scheduler started successfully
2026-04-28 15:59:35,269 - bot - INFO - Scheduler started successfully
2026-04-28 15:59:36,603 - httpx - INFO - HTTP Request: GET https://tapi.bale.ai/bot2029474166:MzkMDmPbKHhF6JT0Dn9AYuq84mnTq20L1wk/getMe "HTTP/1.1 200 OK"
2026-04-28 15:59:36,737 - bot - INFO - Bot started successfully
2026-04-28 15:59:40,628 - __main__ - INFO - ==================================================
2026-04-28 15:59:40,628 - __main__ - INFO - EliteUniteTime Bot Starting...
2026-04-28 15:59:40,629 - __main__ - INFO - ==================================================
2026-04-28 15:59:41,261 - database.db - INFO - Table 'users' initialized successfully
2026-04-28 15:59:41,262 - database.db - INFO - Table 'reports' initialized successfully
2026-04-28 15:59:41,262 - database.db - INFO - Table 'penalties' initialized successfully
2026-04-28 15:59:41,262 - bot - INFO - Database initialized
2026-04-28 15:59:41,262 - bot - INFO - Scheduler service initialized
2026-04-28 15:59:41,262 - bot - INFO - All handlers initialized
2026-04-28 15:59:41,263 - bot - INFO - Bale client initialized
2026-04-28 15:59:41,263 - bot - INFO - Message and callback handlers registered
2026-04-28 15:59:41,263 - bot - INFO - Starting EliteUniteTime bot...
2026-04-28 15:59:41,263 - apscheduler.scheduler - INFO - Adding job tentatively -- it will be properly scheduled when the scheduler starts
2026-04-28 15:59:41,264 - services.scheduler - INFO - Missing report check job added: daily at 10:00 Asia/Tehran
2026-04-28 15:59:41,264 - apscheduler.scheduler - INFO - Added job "Check missing daily reports" to job store "default"
2026-04-28 15:59:41,264 - apscheduler.scheduler - INFO - Scheduler started
2026-04-28 15:59:41,265 - services.scheduler - INFO - Scheduler started successfully
2026-04-28 15:59:41,265 - bot - INFO - Scheduler started successfully
2026-04-28 15:59:42,429 - httpx - INFO - HTTP Request: GET https://tapi.bale.ai/bot2029474166:MzkMDmPbKHhF6JT0Dn9AYuq84mnTq20L1wk/getMe "HTTP/1.1 200 OK"
2026-04-28 15:59:42,820 - httpx - INFO - HTTP Request: GET https://tapi.bale.ai/bot2029474166:MzkMDmPbKHhF6JT0Dn9AYuq84mnTq20L1wk/deleteWebhook "HTTP/1.1 200 OK"
2026-04-28 15:59:48,184 - httpx - INFO - HTTP Request: POST https://tapi.bale.ai/bot2029474166:MzkMDmPbKHhF6JT0Dn9AYuq84mnTq20L1wk/getUpdates "HTTP/1.1 200 OK"
2026-04-28 15:59:51,328 - httpx - INFO - HTTP Request: POST https://tapi.bale.ai/bot2029474166:MzkMDmPbKHhF6JT0Dn9AYuq84mnTq20L1wk/getUpdates "HTTP/1.1 200 OK"
2026-04-28 15:59:51,347 - balethon.network.connection - INFO - [getUpdates] JSON{'offset': 11}
2026-04-28 15:59:51,350 - bot - INFO - Message from user 2062332444: /admin
2026-04-28 15:59:52,779 - httpx - INFO - HTTP Request: POST https://tapi.bale.ai/bot2029474166:MzkMDmPbKHhF6JT0Dn9AYuq84mnTq20L1wk/sendMessage "HTTP/1.1 200 OK"
2026-04-28 15:59:56,781 - httpx - INFO - HTTP Request: POST https://tapi.bale.ai/bot2029474166:MzkMDmPbKHhF6JT0Dn9AYuq84mnTq20L1wk/getUpdates "HTTP/1.1 200 OK"
2026-04-28 15:59:56,790 - balethon.network.connection - INFO - [getUpdates] JSON{'offset': 11}
2026-04-28 16:00:02,108 - httpx - INFO - HTTP Request: POST https://tapi.bale.ai/bot2029474166:MzkMDmPbKHhF6JT0Dn9AYuq84mnTq20L1wk/getUpdates "HTTP/1.1 200 OK"
2026-04-28 16:00:02,119 - balethon.network.connection - INFO - [getUpdates] JSON{'offset': 11}
2026-04-28 16:00:05,605 - httpx - INFO - HTTP Request: POST https://tapi.bale.ai/bot2029474166:MzkMDmPbKHhF6JT0Dn9AYuq84mnTq20L1wk/getUpdates "HTTP/1.1 200 OK"
2026-04-28 16:00:05,627 - balethon.network.connection - INFO - [getUpdates] JSON{'offset': 12}
2026-04-28 16:00:05,629 - bot - INFO - Message from user 2062332444: /admin
2026-04-28 16:00:06,778 - httpx - INFO - HTTP Request: POST https://tapi.bale.ai/bot2029474166:MzkMDmPbKHhF6JT0Dn9AYuq84mnTq20L1wk/sendMessage "HTTP/1.1 200 OK"
2026-04-28 16:00:11,008 - httpx - INFO - HTTP Request: POST https://tapi.bale.ai/bot2029474166:MzkMDmPbKHhF6JT0Dn9AYuq84mnTq20L1wk/getUpdates "HTTP/1.1 200 OK"
2026-04-28 16:00:11,016 - balethon.network.connection - INFO - [getUpdates] JSON{'offset': 12}
2026-04-28 16:00:16,343 - httpx - INFO - HTTP Request: POST https://tapi.bale.ai/bot2029474166:MzkMDmPbKHhF6JT0Dn9AYuq84mnTq20L1wk/getUpdates "HTTP/1.1 200 OK"
2026-04-28 16:00:16,351 - balethon.network.connection - INFO - [getUpdates] JSON{'offset': 12}
2026-04-28 16:00:21,798 - httpx - INFO - HTTP Request: POST https://tapi.bale.ai/bot2029474166:MzkMDmPbKHhF6JT0Dn9AYuq84mnTq20L1wk/getUpdates "HTTP/1.1 200 OK"
2026-04-28 16:00:21,806 - balethon.network.connection - INFO - [getUpdates] JSON{'offset': 12}
2026-04-28 16:00:27,229 - httpx - INFO - HTTP Request: POST https://tapi.bale.ai/bot2029474166:MzkMDmPbKHhF6JT0Dn9AYuq84mnTq20L1wk/getUpdates "HTTP/1.1 200 OK"
2026-04-28 16:00:27,236 - balethon.network.connection - INFO - [getUpdates] JSON{'offset': 12}
2026-04-28 16:00:27,677 - bot - INFO - Bot started successfully
2026-04-28 16:00:33,710 - __main__ - INFO - ==================================================
2026-04-28 16:00:33,711 - __main__ - INFO - EliteUniteTime Bot Starting...
2026-04-28 16:00:33,711 - __main__ - INFO - ==================================================
2026-04-28 16:00:34,340 - database.db - INFO - Table 'users' initialized successfully
2026-04-28 16:00:34,340 - database.db - INFO - Table 'reports' initialized successfully
2026-04-28 16:00:34,341 - database.db - INFO - Table 'penalties' initialized successfully
2026-04-28 16:00:34,341 - bot - INFO - Database initialized
2026-04-28 16:00:34,341 - bot - INFO - Scheduler service initialized
2026-04-28 16:00:34,341 - bot - INFO - All handlers initialized
2026-04-28 16:00:34,341 - bot - INFO - Bale client initialized
2026-04-28 16:00:34,341 - bot - INFO - Message and callback handlers registered
2026-04-28 16:00:34,342 - bot - INFO - Starting EliteUniteTime bot...
2026-04-28 16:00:34,342 - apscheduler.scheduler - INFO - Adding job tentatively -- it will be properly scheduled when the scheduler starts
2026-04-28 16:00:34,342 - services.scheduler - INFO - Missing report check job added: daily at 10:00 Asia/Tehran
2026-04-28 16:00:34,342 - apscheduler.scheduler - INFO - Added job "Check missing daily reports" to job store "default"
2026-04-28 16:00:34,343 - apscheduler.scheduler - INFO - Scheduler started
2026-04-28 16:00:34,343 - services.scheduler - INFO - Scheduler started successfully
2026-04-28 16:00:34,343 - bot - INFO - Scheduler started successfully
2026-04-28 16:00:35,735 - httpx - INFO - HTTP Request: GET https://tapi.bale.ai/bot2029474166:MzkMDmPbKHhF6JT0Dn9AYuq84mnTq20L1wk/getMe "HTTP/1.1 200 OK"
2026-04-28 16:00:36,174 - httpx - INFO - HTTP Request: GET https://tapi.bale.ai/bot2029474166:MzkMDmPbKHhF6JT0Dn9AYuq84mnTq20L1wk/deleteWebhook "HTTP/1.1 200 OK"
2026-04-28 16:00:37,261 - httpx - INFO - HTTP Request: POST https://tapi.bale.ai/bot2029474166:MzkMDmPbKHhF6JT0Dn9AYuq84mnTq20L1wk/getUpdates "HTTP/1.1 200 OK"
2026-04-28 16:00:37,273 - balethon.network.connection - INFO - [getUpdates] JSON{'offset': 13}
2026-04-28 16:00:37,275 - bot - INFO - Message from user 2062332444: /start
2026-04-28 16:00:38,511 - httpx - INFO - HTTP Request: POST https://tapi.bale.ai/bot2029474166:MzkMDmPbKHhF6JT0Dn9AYuq84mnTq20L1wk/sendMessage "HTTP/1.1 200 OK"
2026-04-28 16:00:42,674 - httpx - INFO - HTTP Request: POST https://tapi.bale.ai/bot2029474166:MzkMDmPbKHhF6JT0Dn9AYuq84mnTq20L1wk/getUpdates "HTTP/1.1 200 OK"
2026-04-28 16:00:42,682 - balethon.network.connection - INFO - [getUpdates] JSON{'offset': 13}
2026-04-28 16:00:48,049 - httpx - INFO - HTTP Request: POST https://tapi.bale.ai/bot2029474166:MzkMDmPbKHhF6JT0Dn9AYuq84mnTq20L1wk/getUpdates "HTTP/1.1 200 OK"
2026-04-28 16:00:48,058 - balethon.network.connection - INFO - [getUpdates] JSON{'offset': 13}
2026-04-28 16:00:51,295 - httpx - INFO - HTTP Request: POST https://tapi.bale.ai/bot2029474166:MzkMDmPbKHhF6JT0Dn9AYuq84mnTq20L1wk/getUpdates "HTTP/1.1 200 OK"
2026-04-28 16:00:51,311 - balethon.network.connection - INFO - [getUpdates] JSON{'offset': 14}
2026-04-28 16:00:52,163 - httpx - INFO - HTTP Request: POST https://tapi.bale.ai/bot2029474166:MzkMDmPbKHhF6JT0Dn9AYuq84mnTq20L1wk/sendMessage "HTTP/1.1 200 OK"
2026-04-28 16:00:56,688 - httpx - INFO - HTTP Request: POST https://tapi.bale.ai/bot2029474166:MzkMDmPbKHhF6JT0Dn9AYuq84mnTq20L1wk/getUpdates "HTTP/1.1 200 OK"
2026-04-28 16:00:56,698 - balethon.network.connection - INFO - [getUpdates] JSON{'offset': 14}
2026-04-28 16:01:01,575 - httpx - INFO - HTTP Request: POST https://tapi.bale.ai/bot2029474166:MzkMDmPbKHhF6JT0Dn9AYuq84mnTq20L1wk/getUpdates "HTTP/1.1 200 OK"
2026-04-28 16:01:01,591 - balethon.network.connection - INFO - [getUpdates] JSON{'offset': 15}
2026-04-28 16:01:01,593 - bot - INFO - Message from user 2062332444: 09355174469
2026-04-28 16:01:03,119 - httpx - INFO - HTTP Request: POST https://tapi.bale.ai/bot2029474166:MzkMDmPbKHhF6JT0Dn9AYuq84mnTq20L1wk/sendMessage "HTTP/1.1 200 OK"
2026-04-28 16:01:06,614 - httpx - INFO - HTTP Request: POST https://tapi.bale.ai/bot2029474166:MzkMDmPbKHhF6JT0Dn9AYuq84mnTq20L1wk/getUpdates "HTTP/1.1 200 OK"
2026-04-28 16:01:06,629 - balethon.network.connection - INFO - [getUpdates] JSON{'offset': 16}
2026-04-28 16:01:06,630 - bot - INFO - Message from user 2062332444: /admin
2026-04-28 16:01:07,293 - httpx - INFO - HTTP Request: POST https://tapi.bale.ai/bot2029474166:MzkMDmPbKHhF6JT0Dn9AYuq84mnTq20L1wk/sendMessage "HTTP/1.1 200 OK"
2026-04-28 16:01:12,059 - httpx - INFO - HTTP Request: POST https://tapi.bale.ai/bot2029474166:MzkMDmPbKHhF6JT0Dn9AYuq84mnTq20L1wk/getUpdates "HTTP/1.1 200 OK"
2026-04-28 16:01:12,067 - balethon.network.connection - INFO - [getUpdates] JSON{'offset': 16}
2026-04-28 16:01:17,501 - httpx - INFO - HTTP Request: POST https://tapi.bale.ai/bot2029474166:MzkMDmPbKHhF6JT0Dn9AYuq84mnTq20L1wk/getUpdates "HTTP/1.1 200 OK"
2026-04-28 16:01:17,507 - balethon.network.connection - INFO - [getUpdates] JSON{'offset': 16}
2026-04-28 16:01:22,881 - httpx - INFO - HTTP Request: POST https://tapi.bale.ai/bot2029474166:MzkMDmPbKHhF6JT0Dn9AYuq84mnTq20L1wk/getUpdates "HTTP/1.1 200 OK"
2026-04-28 16:01:22,887 - balethon.network.connection - INFO - [getUpdates] JSON{'offset': 16}
2026-04-28 16:01:28,269 - httpx - INFO - HTTP Request: POST https://tapi.bale.ai/bot2029474166:MzkMDmPbKHhF6JT0Dn9AYuq84mnTq20L1wk/getUpdates "HTTP/1.1 200 OK"
2026-04-28 16:01:28,276 - balethon.network.connection - INFO - [getUpdates] JSON{'offset': 16}
2026-04-28 16:01:33,658 - httpx - INFO - HTTP Request: POST https://tapi.bale.ai/bot2029474166:MzkMDmPbKHhF6JT0Dn9AYuq84mnTq20L1wk/getUpdates "HTTP/1.1 200 OK"
2026-04-28 16:01:33,674 - balethon.network.connection - INFO - [getUpdates] JSON{'offset': 16}
2026-04-28 16:01:39,151 - httpx - INFO - HTTP Request: POST https://tapi.bale.ai/bot2029474166:MzkMDmPbKHhF6JT0Dn9AYuq84mnTq20L1wk/getUpdates "HTTP/1.1 200 OK"
2026-04-28 16:01:39,159 - balethon.network.connection - INFO - [getUpdates] JSON{'offset': 16}
2026-04-28 16:01:44,506 - httpx - INFO - HTTP Request: POST https://tapi.bale.ai/bot2029474166:MzkMDmPbKHhF6JT0Dn9AYuq84mnTq20L1wk/getUpdates "HTTP/1.1 200 OK"
2026-04-28 16:01:44,515 - balethon.network.connection - INFO - [getUpdates] JSON{'offset': 16}
2026-04-28 16:01:50,048 - httpx - INFO - HTTP Request: POST https://tapi.bale.ai/bot2029474166:MzkMDmPbKHhF6JT0Dn9AYuq84mnTq20L1wk/getUpdates "HTTP/1.1 200 OK"
2026-04-28 16:01:50,056 - balethon.network.connection - INFO - [getUpdates] JSON{'offset': 16}
2026-04-28 16:01:50,195 - bot - INFO - Bot started successfully
2026-04-28 16:14:53,249 - __main__ - INFO - ==================================================
2026-04-28 16:14:53,249 - __main__ - INFO - EliteUniteTime Bot Starting...
2026-04-28 16:14:53,249 - __main__ - INFO - ==================================================
2026-04-28 16:14:54,036 - database.db - INFO - Table 'users' initialized successfully
2026-04-28 16:14:54,037 - database.db - INFO - Table 'reports' initialized successfully
2026-04-28 16:14:54,037 - database.db - INFO - Table 'penalties' initialized successfully
2026-04-28 16:14:54,037 - bot - INFO - Database initialized
2026-04-28 16:14:54,037 - bot - INFO - Scheduler service initialized
2026-04-28 16:14:54,037 - bot - INFO - All handlers initialized
2026-04-28 16:14:54,038 - bot - INFO - Bale client initialized
2026-04-28 16:14:54,038 - bot - INFO - Message and callback handlers registered
2026-04-28 16:14:54,038 - bot - INFO - Starting EliteUniteTime bot...
2026-04-28 16:14:54,038 - apscheduler.scheduler - INFO - Adding job tentatively -- it will be properly scheduled when the scheduler starts
2026-04-28 16:14:54,038 - services.scheduler - INFO - Missing report check job added: daily at 10:00 Asia/Tehran
2026-04-28 16:14:54,039 - apscheduler.scheduler - INFO - Added job "Check missing daily reports" to job store "default"
2026-04-28 16:14:54,039 - apscheduler.scheduler - INFO - Scheduler started
2026-04-28 16:14:54,040 - services.scheduler - INFO - Scheduler started successfully
2026-04-28 16:14:54,040 - bot - INFO - Scheduler started successfully
2026-04-28 16:14:55,565 - asyncio - ERROR - Task exception was never retrieved
future: <Task finished name='Task-1' coro=<Client.connect() done, defined at C:\Users\afraa\Desktop\EliteUniteTime\.venv\Lib\site-packages\balethon\client\client.py:55> exception=ClosedResourceError()>
Traceback (most recent call last):
  File "C:\Users\afraa\Desktop\EliteUniteTime\.venv\Lib\site-packages\balethon\client\client.py", line 57, in connect
    self.user = await self.get_me()
                ^^^^^^^^^^^^^^^^^^^
  File "C:\Users\afraa\Desktop\EliteUniteTime\.venv\Lib\site-packages\balethon\client\users\get_me.py", line 10, in get_me
    return await self.auto_execute("get", "getMe", locals())
           ^^^^^^^^^^^^^^^^^^^^^^^^^^^^^^^^^^^^^^^^^^^^^^^^^
  File "C:\Users\afraa\Desktop\EliteUniteTime\.venv\Lib\site-packages\balethon\client\client.py", line 120, in auto_execute
    result = await self.execute(method, service, json, **data)
             ^^^^^^^^^^^^^^^^^^^^^^^^^^^^^^^^^^^^^^^^^^^^^^^^^
  File "C:\Users\afraa\Desktop\EliteUniteTime\.venv\Lib\site-packages\balethon\client\client.py", line 104, in execute
    return await self.connection.request(method, service, json=data)
           ^^^^^^^^^^^^^^^^^^^^^^^^^^^^^^^^^^^^^^^^^^^^^^^^^^^^^^^^^
  File "C:\Users\afraa\Desktop\EliteUniteTime\.venv\Lib\site-packages\balethon\network\connection.py", line 64, in request
    response = await self.client.request(
               ^^^^^^^^^^^^^^^^^^^^^^^^^^
  File "C:\Users\afraa\Desktop\EliteUniteTime\.venv\Lib\site-packages\httpx\_client.py", line 1540, in request
    return await self.send(request, auth=auth, follow_redirects=follow_redirects)
           ^^^^^^^^^^^^^^^^^^^^^^^^^^^^^^^^^^^^^^^^^^^^^^^^^^^^^^^^^^^^^^^^^^^^^^
  File "C:\Users\afraa\Desktop\EliteUniteTime\.venv\Lib\site-packages\httpx\_client.py", line 1629, in send
    response = await self._send_handling_auth(
               ^^^^^^^^^^^^^^^^^^^^^^^^^^^^^^^
  File "C:\Users\afraa\Desktop\EliteUniteTime\.venv\Lib\site-packages\httpx\_client.py", line 1657, in _send_handling_auth
    response = await self._send_handling_redirects(
               ^^^^^^^^^^^^^^^^^^^^^^^^^^^^^^^^^^^^
  File "C:\Users\afraa\Desktop\EliteUniteTime\.venv\Lib\site-packages\httpx\_client.py", line 1694, in _send_handling_redirects
    response = await self._send_single_request(request)
               ^^^^^^^^^^^^^^^^^^^^^^^^^^^^^^^^^^^^^^^^
  File "C:\Users\afraa\Desktop\EliteUniteTime\.venv\Lib\site-packages\httpx\_client.py", line 1730, in _send_single_request
    response = await transport.handle_async_request(request)
               ^^^^^^^^^^^^^^^^^^^^^^^^^^^^^^^^^^^^^^^^^^^^^
  File "C:\Users\afraa\Desktop\EliteUniteTime\.venv\Lib\site-packages\httpx\_transports\default.py", line 394, in handle_async_request
    resp = await self._pool.handle_async_request(req)
           ^^^^^^^^^^^^^^^^^^^^^^^^^^^^^^^^^^^^^^^^^^
  File "C:\Users\afraa\Desktop\EliteUniteTime\.venv\Lib\site-packages\httpcore\_async\connection_pool.py", line 256, in handle_async_request
    raise exc from None
  File "C:\Users\afraa\Desktop\EliteUniteTime\.venv\Lib\site-packages\httpcore\_async\connection_pool.py", line 236, in handle_async_request
    response = await connection.handle_async_request(
               ^^^^^^^^^^^^^^^^^^^^^^^^^^^^^^^^^^^^^^
  File "C:\Users\afraa\Desktop\EliteUniteTime\.venv\Lib\site-packages\httpcore\_async\http_proxy.py", line 316, in handle_async_request
    stream = await stream.start_tls(**kwargs)
             ^^^^^^^^^^^^^^^^^^^^^^^^^^^^^^^^
  File "C:\Users\afraa\Desktop\EliteUniteTime\.venv\Lib\site-packages\httpcore\_async\http11.py", line 376, in start_tls
    return await self._stream.start_tls(ssl_context, server_hostname, timeout)
           ^^^^^^^^^^^^^^^^^^^^^^^^^^^^^^^^^^^^^^^^^^^^^^^^^^^^^^^^^^^^^^^^^^^
  File "C:\Users\afraa\Desktop\EliteUniteTime\.venv\Lib\site-packages\httpcore\_backends\anyio.py", line 79, in start_tls
    raise exc
  File "C:\Users\afraa\Desktop\EliteUniteTime\.venv\Lib\site-packages\httpcore\_backends\anyio.py", line 70, in start_tls
    ssl_stream = await anyio.streams.tls.TLSStream.wrap(
                 ^^^^^^^^^^^^^^^^^^^^^^^^^^^^^^^^^^^^^^^
  File "C:\Users\afraa\Desktop\EliteUniteTime\.venv\Lib\site-packages\anyio\streams\tls.py", line 167, in wrap
    await wrapper._call_sslobject_method(ssl_object.do_handshake)
  File "C:\Users\afraa\Desktop\EliteUniteTime\.venv\Lib\site-packages\anyio\streams\tls.py", line 182, in _call_sslobject_method
    data = await self.transport_stream.receive()
           ^^^^^^^^^^^^^^^^^^^^^^^^^^^^^^^^^^^^^
  File "C:\Users\afraa\Desktop\EliteUniteTime\.venv\Lib\site-packages\anyio\_backends\_asyncio.py", line 1293, in receive
    raise ClosedResourceError from None
anyio.ClosedResourceError
2026-04-28 16:14:55,576 - bot - INFO - Bot started successfully
2026-04-28 16:14:58,675 - __main__ - INFO - ==================================================
2026-04-28 16:14:58,676 - __main__ - INFO - EliteUniteTime Bot Starting...
2026-04-28 16:14:58,676 - __main__ - INFO - ==================================================
2026-04-28 16:14:59,372 - database.db - INFO - Table 'users' initialized successfully
2026-04-28 16:14:59,373 - database.db - INFO - Table 'reports' initialized successfully
2026-04-28 16:14:59,373 - database.db - INFO - Table 'penalties' initialized successfully
2026-04-28 16:14:59,373 - bot - INFO - Database initialized
2026-04-28 16:14:59,373 - bot - INFO - Scheduler service initialized
2026-04-28 16:14:59,373 - bot - INFO - All handlers initialized
2026-04-28 16:14:59,374 - bot - INFO - Bale client initialized
2026-04-28 16:14:59,374 - bot - INFO - Message and callback handlers registered
2026-04-28 16:14:59,374 - bot - INFO - Starting EliteUniteTime bot...
2026-04-28 16:14:59,374 - apscheduler.scheduler - INFO - Adding job tentatively -- it will be properly scheduled when the scheduler starts
2026-04-28 16:14:59,374 - services.scheduler - INFO - Missing report check job added: daily at 10:00 Asia/Tehran
2026-04-28 16:14:59,375 - apscheduler.scheduler - INFO - Added job "Check missing daily reports" to job store "default"
2026-04-28 16:14:59,375 - apscheduler.scheduler - INFO - Scheduler started
2026-04-28 16:14:59,376 - services.scheduler - INFO - Scheduler started successfully
2026-04-28 16:14:59,376 - bot - INFO - Scheduler started successfully
2026-04-28 16:15:19,665 - bot - ERROR - Error starting bot: 
Traceback (most recent call last):
  File "C:\Users\afraa\Desktop\EliteUniteTime\.venv\Lib\site-packages\httpx\_transports\default.py", line 101, in map_httpcore_exceptions
    yield
  File "C:\Users\afraa\Desktop\EliteUniteTime\.venv\Lib\site-packages\httpx\_transports\default.py", line 394, in handle_async_request
    resp = await self._pool.handle_async_request(req)
           ^^^^^^^^^^^^^^^^^^^^^^^^^^^^^^^^^^^^^^^^^^
  File "C:\Users\afraa\Desktop\EliteUniteTime\.venv\Lib\site-packages\httpcore\_async\connection_pool.py", line 256, in handle_async_request
    raise exc from None
  File "C:\Users\afraa\Desktop\EliteUniteTime\.venv\Lib\site-packages\httpcore\_async\connection_pool.py", line 236, in handle_async_request
    response = await connection.handle_async_request(
               ^^^^^^^^^^^^^^^^^^^^^^^^^^^^^^^^^^^^^^
  File "C:\Users\afraa\Desktop\EliteUniteTime\.venv\Lib\site-packages\httpcore\_async\http_proxy.py", line 316, in handle_async_request
    stream = await stream.start_tls(**kwargs)
             ^^^^^^^^^^^^^^^^^^^^^^^^^^^^^^^^
  File "C:\Users\afraa\Desktop\EliteUniteTime\.venv\Lib\site-packages\httpcore\_async\http11.py", line 376, in start_tls
    return await self._stream.start_tls(ssl_context, server_hostname, timeout)
           ^^^^^^^^^^^^^^^^^^^^^^^^^^^^^^^^^^^^^^^^^^^^^^^^^^^^^^^^^^^^^^^^^^^
  File "C:\Users\afraa\Desktop\EliteUniteTime\.venv\Lib\site-packages\httpcore\_backends\anyio.py", line 67, in start_tls
    with map_exceptions(exc_map):
  File "C:\Users\afraa\AppData\Local\Programs\Python\Python311\Lib\contextlib.py", line 155, in __exit__
    self.gen.throw(typ, value, traceback)
  File "C:\Users\afraa\Desktop\EliteUniteTime\.venv\Lib\site-packages\httpcore\_exceptions.py", line 14, in map_exceptions
    raise to_exc(exc) from exc
httpcore.ConnectTimeout

The above exception was the direct cause of the following exception:

Traceback (most recent call last):
  File "C:\Users\afraa\Desktop\EliteUniteTime\bot.py", line 223, in start
    self.client.run()
  File "C:\Users\afraa\Desktop\EliteUniteTime\.venv\Lib\site-packages\balethon\client\client.py", line 162, in run
    self.connect()
  File "C:\Users\afraa\Desktop\EliteUniteTime\.venv\Lib\site-packages\balethon\sync_support.py", line 22, in dual_purpose_function
    return loop.run_until_complete(coroutine)
           ^^^^^^^^^^^^^^^^^^^^^^^^^^^^^^^^^^
  File "C:\Users\afraa\AppData\Local\Programs\Python\Python311\Lib\asyncio\base_events.py", line 650, in run_until_complete
    return future.result()
           ^^^^^^^^^^^^^^^
  File "C:\Users\afraa\Desktop\EliteUniteTime\.venv\Lib\site-packages\balethon\client\client.py", line 57, in connect
    self.user = await self.get_me()
                ^^^^^^^^^^^^^^^^^^^
  File "C:\Users\afraa\Desktop\EliteUniteTime\.venv\Lib\site-packages\balethon\client\users\get_me.py", line 10, in get_me
    return await self.auto_execute("get", "getMe", locals())
           ^^^^^^^^^^^^^^^^^^^^^^^^^^^^^^^^^^^^^^^^^^^^^^^^^
  File "C:\Users\afraa\Desktop\EliteUniteTime\.venv\Lib\site-packages\balethon\client\client.py", line 120, in auto_execute
    result = await self.execute(method, service, json, **data)
             ^^^^^^^^^^^^^^^^^^^^^^^^^^^^^^^^^^^^^^^^^^^^^^^^^
  File "C:\Users\afraa\Desktop\EliteUniteTime\.venv\Lib\site-packages\balethon\client\client.py", line 104, in execute
    return await self.connection.request(method, service, json=data)
           ^^^^^^^^^^^^^^^^^^^^^^^^^^^^^^^^^^^^^^^^^^^^^^^^^^^^^^^^^
  File "C:\Users\afraa\Desktop\EliteUniteTime\.venv\Lib\site-packages\balethon\network\connection.py", line 64, in request
    response = await self.client.request(
               ^^^^^^^^^^^^^^^^^^^^^^^^^^
  File "C:\Users\afraa\Desktop\EliteUniteTime\.venv\Lib\site-packages\httpx\_client.py", line 1540, in request
    return await self.send(request, auth=auth, follow_redirects=follow_redirects)
           ^^^^^^^^^^^^^^^^^^^^^^^^^^^^^^^^^^^^^^^^^^^^^^^^^^^^^^^^^^^^^^^^^^^^^^
  File "C:\Users\afraa\Desktop\EliteUniteTime\.venv\Lib\site-packages\httpx\_client.py", line 1629, in send
    response = await self._send_handling_auth(
               ^^^^^^^^^^^^^^^^^^^^^^^^^^^^^^^
  File "C:\Users\afraa\Desktop\EliteUniteTime\.venv\Lib\site-packages\httpx\_client.py", line 1657, in _send_handling_auth
    response = await self._send_handling_redirects(
               ^^^^^^^^^^^^^^^^^^^^^^^^^^^^^^^^^^^^
  File "C:\Users\afraa\Desktop\EliteUniteTime\.venv\Lib\site-packages\httpx\_client.py", line 1694, in _send_handling_redirects
    response = await self._send_single_request(request)
               ^^^^^^^^^^^^^^^^^^^^^^^^^^^^^^^^^^^^^^^^
  File "C:\Users\afraa\Desktop\EliteUniteTime\.venv\Lib\site-packages\httpx\_client.py", line 1730, in _send_single_request
    response = await transport.handle_async_request(request)
               ^^^^^^^^^^^^^^^^^^^^^^^^^^^^^^^^^^^^^^^^^^^^^
  File "C:\Users\afraa\Desktop\EliteUniteTime\.venv\Lib\site-packages\httpx\_transports\default.py", line 393, in handle_async_request
    with map_httpcore_exceptions():
  File "C:\Users\afraa\AppData\Local\Programs\Python\Python311\Lib\contextlib.py", line 155, in __exit__
    self.gen.throw(typ, value, traceback)
  File "C:\Users\afraa\Desktop\EliteUniteTime\.venv\Lib\site-packages\httpx\_transports\default.py", line 118, in map_httpcore_exceptions
    raise mapped_exc(message) from exc
httpx.ConnectTimeout
2026-04-28 16:15:24,911 - __main__ - INFO - ==================================================
2026-04-28 16:15:24,911 - __main__ - INFO - EliteUniteTime Bot Starting...
2026-04-28 16:15:24,911 - __main__ - INFO - ==================================================
2026-04-28 16:15:25,518 - database.db - INFO - Table 'users' initialized successfully
2026-04-28 16:15:25,519 - database.db - INFO - Table 'reports' initialized successfully
2026-04-28 16:15:25,519 - database.db - INFO - Table 'penalties' initialized successfully
2026-04-28 16:15:25,519 - bot - INFO - Database initialized
2026-04-28 16:15:25,519 - bot - INFO - Scheduler service initialized
2026-04-28 16:15:25,519 - bot - INFO - All handlers initialized
2026-04-28 16:15:25,519 - bot - INFO - Bale client initialized
2026-04-28 16:15:25,521 - bot - INFO - Message and callback handlers registered
2026-04-28 16:15:25,521 - bot - INFO - Starting EliteUniteTime bot...
2026-04-28 16:15:25,521 - apscheduler.scheduler - INFO - Adding job tentatively -- it will be properly scheduled when the scheduler starts
2026-04-28 16:15:25,521 - services.scheduler - INFO - Missing report check job added: daily at 10:00 Asia/Tehran
2026-04-28 16:15:25,522 - apscheduler.scheduler - INFO - Added job "Check missing daily reports" to job store "default"
2026-04-28 16:15:25,522 - apscheduler.scheduler - INFO - Scheduler started
2026-04-28 16:15:25,522 - services.scheduler - INFO - Scheduler started successfully
2026-04-28 16:15:25,523 - bot - INFO - Scheduler started successfully
2026-04-28 16:15:33,627 - httpx - INFO - HTTP Request: GET https://tapi.bale.ai/bot2029474166:MzkMDmPbKHhF6JT0Dn9AYuq84mnTq20L1wk/getMe "HTTP/1.1 200 OK"
2026-04-28 16:15:33,655 - httpx - INFO - HTTP Request: GET https://tapi.bale.ai/bot2029474166:MzkMDmPbKHhF6JT0Dn9AYuq84mnTq20L1wk/deleteWebhook "HTTP/1.1 200 OK"
2026-04-28 16:15:33,699 - httpx - INFO - HTTP Request: POST https://tapi.bale.ai/bot2029474166:MzkMDmPbKHhF6JT0Dn9AYuq84mnTq20L1wk/getUpdates "HTTP/1.1 200 OK"
2026-04-28 16:15:33,730 - balethon.network.connection - INFO - [getUpdates] JSON{'offset': 20}
2026-04-28 16:15:33,731 - bot - INFO - Message from user 2062332444: /start
2026-04-28 16:15:33,741 - bot - INFO - Message from user 2062332444: /start
2026-04-28 16:15:33,750 - bot - INFO - Message from user 2062332444: /start
2026-04-28 16:15:33,757 - bot - INFO - Message from user 2062332444: /start
2026-04-28 16:15:35,385 - httpx - INFO - HTTP Request: POST https://tapi.bale.ai/bot2029474166:MzkMDmPbKHhF6JT0Dn9AYuq84mnTq20L1wk/sendMessage "HTTP/1.1 200 OK"
2026-04-28 16:15:38,858 - httpx - INFO - HTTP Request: POST https://tapi.bale.ai/bot2029474166:MzkMDmPbKHhF6JT0Dn9AYuq84mnTq20L1wk/getUpdates "HTTP/1.1 200 OK"
2026-04-28 16:15:38,867 - balethon.network.connection - INFO - [getUpdates] JSON{'offset': 20}
2026-04-28 16:15:40,287 - httpx - INFO - HTTP Request: POST https://tapi.bale.ai/bot2029474166:MzkMDmPbKHhF6JT0Dn9AYuq84mnTq20L1wk/sendMessage "HTTP/1.1 200 OK"
2026-04-28 16:15:44,450 - httpx - INFO - HTTP Request: POST https://tapi.bale.ai/bot2029474166:MzkMDmPbKHhF6JT0Dn9AYuq84mnTq20L1wk/getUpdates "HTTP/1.1 200 OK"
2026-04-28 16:15:44,459 - balethon.network.connection - INFO - [getUpdates] JSON{'offset': 20}
2026-04-28 16:15:47,634 - httpx - INFO - HTTP Request: POST https://tapi.bale.ai/bot2029474166:MzkMDmPbKHhF6JT0Dn9AYuq84mnTq20L1wk/getUpdates "HTTP/1.1 200 OK"
2026-04-28 16:15:47,648 - balethon.network.connection - INFO - [getUpdates] JSON{'offset': 21}
2026-04-28 16:15:52,769 - httpx - INFO - HTTP Request: POST https://tapi.bale.ai/bot2029474166:MzkMDmPbKHhF6JT0Dn9AYuq84mnTq20L1wk/getUpdates "HTTP/1.1 200 OK"
2026-04-28 16:15:52,777 - balethon.network.connection - INFO - [getUpdates] JSON{'offset': 21}
2026-04-28 16:15:53,769 - bot - ERROR - Error handling message: 
Traceback (most recent call last):
  File "C:\Users\afraa\Desktop\EliteUniteTime\.venv\Lib\site-packages\httpx\_transports\default.py", line 101, in map_httpcore_exceptions
    yield
  File "C:\Users\afraa\Desktop\EliteUniteTime\.venv\Lib\site-packages\httpx\_transports\default.py", line 394, in handle_async_request
    resp = await self._pool.handle_async_request(req)
           ^^^^^^^^^^^^^^^^^^^^^^^^^^^^^^^^^^^^^^^^^^
  File "C:\Users\afraa\Desktop\EliteUniteTime\.venv\Lib\site-packages\httpcore\_async\connection_pool.py", line 256, in handle_async_request
    raise exc from None
  File "C:\Users\afraa\Desktop\EliteUniteTime\.venv\Lib\site-packages\httpcore\_async\connection_pool.py", line 236, in handle_async_request
    response = await connection.handle_async_request(
               ^^^^^^^^^^^^^^^^^^^^^^^^^^^^^^^^^^^^^^
  File "C:\Users\afraa\Desktop\EliteUniteTime\.venv\Lib\site-packages\httpcore\_async\connection.py", line 101, in handle_async_request
    raise exc
  File "C:\Users\afraa\Desktop\EliteUniteTime\.venv\Lib\site-packages\httpcore\_async\connection.py", line 78, in handle_async_request
    stream = await self._connect(request)
             ^^^^^^^^^^^^^^^^^^^^^^^^^^^^
  File "C:\Users\afraa\Desktop\EliteUniteTime\.venv\Lib\site-packages\httpcore\_async\connection.py", line 124, in _connect
    stream = await self._network_backend.connect_tcp(**kwargs)
             ^^^^^^^^^^^^^^^^^^^^^^^^^^^^^^^^^^^^^^^^^^^^^^^^^
  File "C:\Users\afraa\Desktop\EliteUniteTime\.venv\Lib\site-packages\httpcore\_backends\auto.py", line 31, in connect_tcp
    return await self._backend.connect_tcp(
           ^^^^^^^^^^^^^^^^^^^^^^^^^^^^^^^^
  File "C:\Users\afraa\Desktop\EliteUniteTime\.venv\Lib\site-packages\httpcore\_backends\anyio.py", line 113, in connect_tcp
    with map_exceptions(exc_map):
  File "C:\Users\afraa\AppData\Local\Programs\Python\Python311\Lib\contextlib.py", line 155, in __exit__
    self.gen.throw(typ, value, traceback)
  File "C:\Users\afraa\Desktop\EliteUniteTime\.venv\Lib\site-packages\httpcore\_exceptions.py", line 14, in map_exceptions
    raise to_exc(exc) from exc
httpcore.ConnectTimeout

The above exception was the direct cause of the following exception:

Traceback (most recent call last):
  File "C:\Users\afraa\Desktop\EliteUniteTime\bot.py", line 85, in _handle_message
    await self.start_handler.handle_start(client, message)
  File "C:\Users\afraa\Desktop\EliteUniteTime\handlers\start.py", line 48, in handle_start
    await self._start_registration(client, message)
  File "C:\Users\afraa\Desktop\EliteUniteTime\handlers\start.py", line 70, in _start_registration
    await client.send_message(
  File "C:\Users\afraa\Desktop\EliteUniteTime\.venv\Lib\site-packages\balethon\client\messages\send_message.py", line 18, in send_message
    return await self.auto_execute("post", "sendMessage", locals())
           ^^^^^^^^^^^^^^^^^^^^^^^^^^^^^^^^^^^^^^^^^^^^^^^^^^^^^^^^
  File "C:\Users\afraa\Desktop\EliteUniteTime\.venv\Lib\site-packages\balethon\client\client.py", line 120, in auto_execute
    result = await self.execute(method, service, json, **data)
             ^^^^^^^^^^^^^^^^^^^^^^^^^^^^^^^^^^^^^^^^^^^^^^^^^
  File "C:\Users\afraa\Desktop\EliteUniteTime\.venv\Lib\site-packages\balethon\client\client.py", line 104, in execute
    return await self.connection.request(method, service, json=data)
           ^^^^^^^^^^^^^^^^^^^^^^^^^^^^^^^^^^^^^^^^^^^^^^^^^^^^^^^^^
  File "C:\Users\afraa\Desktop\EliteUniteTime\.venv\Lib\site-packages\balethon\network\connection.py", line 64, in request
    response = await self.client.request(
               ^^^^^^^^^^^^^^^^^^^^^^^^^^
  File "C:\Users\afraa\Desktop\EliteUniteTime\.venv\Lib\site-packages\httpx\_client.py", line 1540, in request
    return await self.send(request, auth=auth, follow_redirects=follow_redirects)
           ^^^^^^^^^^^^^^^^^^^^^^^^^^^^^^^^^^^^^^^^^^^^^^^^^^^^^^^^^^^^^^^^^^^^^^
  File "C:\Users\afraa\Desktop\EliteUniteTime\.venv\Lib\site-packages\httpx\_client.py", line 1629, in send
    response = await self._send_handling_auth(
               ^^^^^^^^^^^^^^^^^^^^^^^^^^^^^^^
  File "C:\Users\afraa\Desktop\EliteUniteTime\.venv\Lib\site-packages\httpx\_client.py", line 1657, in _send_handling_auth
    response = await self._send_handling_redirects(
               ^^^^^^^^^^^^^^^^^^^^^^^^^^^^^^^^^^^^
  File "C:\Users\afraa\Desktop\EliteUniteTime\.venv\Lib\site-packages\httpx\_client.py", line 1694, in _send_handling_redirects
    response = await self._send_single_request(request)
               ^^^^^^^^^^^^^^^^^^^^^^^^^^^^^^^^^^^^^^^^
  File "C:\Users\afraa\Desktop\EliteUniteTime\.venv\Lib\site-packages\httpx\_client.py", line 1730, in _send_single_request
    response = await transport.handle_async_request(request)
               ^^^^^^^^^^^^^^^^^^^^^^^^^^^^^^^^^^^^^^^^^^^^^
  File "C:\Users\afraa\Desktop\EliteUniteTime\.venv\Lib\site-packages\httpx\_transports\default.py", line 393, in handle_async_request
    with map_httpcore_exceptions():
  File "C:\Users\afraa\AppData\Local\Programs\Python\Python311\Lib\contextlib.py", line 155, in __exit__
    self.gen.throw(typ, value, traceback)
  File "C:\Users\afraa\Desktop\EliteUniteTime\.venv\Lib\site-packages\httpx\_transports\default.py", line 118, in map_httpcore_exceptions
    raise mapped_exc(message) from exc
httpx.ConnectTimeout
2026-04-28 16:15:53,808 - bot - ERROR - Error handling message: 
Traceback (most recent call last):
  File "C:\Users\afraa\Desktop\EliteUniteTime\.venv\Lib\site-packages\httpx\_transports\default.py", line 101, in map_httpcore_exceptions
    yield
  File "C:\Users\afraa\Desktop\EliteUniteTime\.venv\Lib\site-packages\httpx\_transports\default.py", line 394, in handle_async_request
    resp = await self._pool.handle_async_request(req)
           ^^^^^^^^^^^^^^^^^^^^^^^^^^^^^^^^^^^^^^^^^^
  File "C:\Users\afraa\Desktop\EliteUniteTime\.venv\Lib\site-packages\httpcore\_async\connection_pool.py", line 256, in handle_async_request
    raise exc from None
  File "C:\Users\afraa\Desktop\EliteUniteTime\.venv\Lib\site-packages\httpcore\_async\connection_pool.py", line 236, in handle_async_request
    response = await connection.handle_async_request(
               ^^^^^^^^^^^^^^^^^^^^^^^^^^^^^^^^^^^^^^
  File "C:\Users\afraa\Desktop\EliteUniteTime\.venv\Lib\site-packages\httpcore\_async\connection.py", line 101, in handle_async_request
    raise exc
  File "C:\Users\afraa\Desktop\EliteUniteTime\.venv\Lib\site-packages\httpcore\_async\connection.py", line 78, in handle_async_request
    stream = await self._connect(request)
             ^^^^^^^^^^^^^^^^^^^^^^^^^^^^
  File "C:\Users\afraa\Desktop\EliteUniteTime\.venv\Lib\site-packages\httpcore\_async\connection.py", line 124, in _connect
    stream = await self._network_backend.connect_tcp(**kwargs)
             ^^^^^^^^^^^^^^^^^^^^^^^^^^^^^^^^^^^^^^^^^^^^^^^^^
  File "C:\Users\afraa\Desktop\EliteUniteTime\.venv\Lib\site-packages\httpcore\_backends\auto.py", line 31, in connect_tcp
    return await self._backend.connect_tcp(
           ^^^^^^^^^^^^^^^^^^^^^^^^^^^^^^^^
  File "C:\Users\afraa\Desktop\EliteUniteTime\.venv\Lib\site-packages\httpcore\_backends\anyio.py", line 113, in connect_tcp
    with map_exceptions(exc_map):
  File "C:\Users\afraa\AppData\Local\Programs\Python\Python311\Lib\contextlib.py", line 155, in __exit__
    self.gen.throw(typ, value, traceback)
  File "C:\Users\afraa\Desktop\EliteUniteTime\.venv\Lib\site-packages\httpcore\_exceptions.py", line 14, in map_exceptions
    raise to_exc(exc) from exc
httpcore.ConnectTimeout

The above exception was the direct cause of the following exception:

Traceback (most recent call last):
  File "C:\Users\afraa\Desktop\EliteUniteTime\bot.py", line 85, in _handle_message
    await self.start_handler.handle_start(client, message)
  File "C:\Users\afraa\Desktop\EliteUniteTime\handlers\start.py", line 48, in handle_start
    await self._start_registration(client, message)
  File "C:\Users\afraa\Desktop\EliteUniteTime\handlers\start.py", line 70, in _start_registration
    await client.send_message(
  File "C:\Users\afraa\Desktop\EliteUniteTime\.venv\Lib\site-packages\balethon\client\messages\send_message.py", line 18, in send_message
    return await self.auto_execute("post", "sendMessage", locals())
           ^^^^^^^^^^^^^^^^^^^^^^^^^^^^^^^^^^^^^^^^^^^^^^^^^^^^^^^^
  File "C:\Users\afraa\Desktop\EliteUniteTime\.venv\Lib\site-packages\balethon\client\client.py", line 120, in auto_execute
    result = await self.execute(method, service, json, **data)
             ^^^^^^^^^^^^^^^^^^^^^^^^^^^^^^^^^^^^^^^^^^^^^^^^^
  File "C:\Users\afraa\Desktop\EliteUniteTime\.venv\Lib\site-packages\balethon\client\client.py", line 104, in execute
    return await self.connection.request(method, service, json=data)
           ^^^^^^^^^^^^^^^^^^^^^^^^^^^^^^^^^^^^^^^^^^^^^^^^^^^^^^^^^
  File "C:\Users\afraa\Desktop\EliteUniteTime\.venv\Lib\site-packages\balethon\network\connection.py", line 64, in request
    response = await self.client.request(
               ^^^^^^^^^^^^^^^^^^^^^^^^^^
  File "C:\Users\afraa\Desktop\EliteUniteTime\.venv\Lib\site-packages\httpx\_client.py", line 1540, in request
    return await self.send(request, auth=auth, follow_redirects=follow_redirects)
           ^^^^^^^^^^^^^^^^^^^^^^^^^^^^^^^^^^^^^^^^^^^^^^^^^^^^^^^^^^^^^^^^^^^^^^
  File "C:\Users\afraa\Desktop\EliteUniteTime\.venv\Lib\site-packages\httpx\_client.py", line 1629, in send
    response = await self._send_handling_auth(
               ^^^^^^^^^^^^^^^^^^^^^^^^^^^^^^^
  File "C:\Users\afraa\Desktop\EliteUniteTime\.venv\Lib\site-packages\httpx\_client.py", line 1657, in _send_handling_auth
    response = await self._send_handling_redirects(
               ^^^^^^^^^^^^^^^^^^^^^^^^^^^^^^^^^^^^
  File "C:\Users\afraa\Desktop\EliteUniteTime\.venv\Lib\site-packages\httpx\_client.py", line 1694, in _send_handling_redirects
    response = await self._send_single_request(request)
               ^^^^^^^^^^^^^^^^^^^^^^^^^^^^^^^^^^^^^^^^
  File "C:\Users\afraa\Desktop\EliteUniteTime\.venv\Lib\site-packages\httpx\_client.py", line 1730, in _send_single_request
    response = await transport.handle_async_request(request)
               ^^^^^^^^^^^^^^^^^^^^^^^^^^^^^^^^^^^^^^^^^^^^^
  File "C:\Users\afraa\Desktop\EliteUniteTime\.venv\Lib\site-packages\httpx\_transports\default.py", line 393, in handle_async_request
    with map_httpcore_exceptions():
  File "C:\Users\afraa\AppData\Local\Programs\Python\Python311\Lib\contextlib.py", line 155, in __exit__
    self.gen.throw(typ, value, traceback)
  File "C:\Users\afraa\Desktop\EliteUniteTime\.venv\Lib\site-packages\httpx\_transports\default.py", line 118, in map_httpcore_exceptions
    raise mapped_exc(message) from exc
httpx.ConnectTimeout
2026-04-28 16:15:58,165 - httpx - INFO - HTTP Request: POST https://tapi.bale.ai/bot2029474166:MzkMDmPbKHhF6JT0Dn9AYuq84mnTq20L1wk/getUpdates "HTTP/1.1 200 OK"
2026-04-28 16:15:58,173 - balethon.network.connection - INFO - [getUpdates] JSON{'offset': 21}
2026-04-28 16:16:03,548 - httpx - INFO - HTTP Request: POST https://tapi.bale.ai/bot2029474166:MzkMDmPbKHhF6JT0Dn9AYuq84mnTq20L1wk/getUpdates "HTTP/1.1 200 OK"
2026-04-28 16:16:03,558 - balethon.network.connection - INFO - [getUpdates] JSON{'offset': 21}
2026-04-28 16:16:07,665 - bot - ERROR - Error handling message: 
Traceback (most recent call last):
  File "C:\Users\afraa\Desktop\EliteUniteTime\.venv\Lib\site-packages\httpx\_transports\default.py", line 101, in map_httpcore_exceptions
    yield
  File "C:\Users\afraa\Desktop\EliteUniteTime\.venv\Lib\site-packages\httpx\_transports\default.py", line 394, in handle_async_request
    resp = await self._pool.handle_async_request(req)
           ^^^^^^^^^^^^^^^^^^^^^^^^^^^^^^^^^^^^^^^^^^
  File "C:\Users\afraa\Desktop\EliteUniteTime\.venv\Lib\site-packages\httpcore\_async\connection_pool.py", line 256, in handle_async_request
    raise exc from None
  File "C:\Users\afraa\Desktop\EliteUniteTime\.venv\Lib\site-packages\httpcore\_async\connection_pool.py", line 236, in handle_async_request
    response = await connection.handle_async_request(
               ^^^^^^^^^^^^^^^^^^^^^^^^^^^^^^^^^^^^^^
  File "C:\Users\afraa\Desktop\EliteUniteTime\.venv\Lib\site-packages\httpcore\_async\connection.py", line 101, in handle_async_request
    raise exc
  File "C:\Users\afraa\Desktop\EliteUniteTime\.venv\Lib\site-packages\httpcore\_async\connection.py", line 78, in handle_async_request
    stream = await self._connect(request)
             ^^^^^^^^^^^^^^^^^^^^^^^^^^^^
  File "C:\Users\afraa\Desktop\EliteUniteTime\.venv\Lib\site-packages\httpcore\_async\connection.py", line 124, in _connect
    stream = await self._network_backend.connect_tcp(**kwargs)
             ^^^^^^^^^^^^^^^^^^^^^^^^^^^^^^^^^^^^^^^^^^^^^^^^^
  File "C:\Users\afraa\Desktop\EliteUniteTime\.venv\Lib\site-packages\httpcore\_backends\auto.py", line 31, in connect_tcp
    return await self._backend.connect_tcp(
           ^^^^^^^^^^^^^^^^^^^^^^^^^^^^^^^^
  File "C:\Users\afraa\Desktop\EliteUniteTime\.venv\Lib\site-packages\httpcore\_backends\anyio.py", line 113, in connect_tcp
    with map_exceptions(exc_map):
  File "C:\Users\afraa\AppData\Local\Programs\Python\Python311\Lib\contextlib.py", line 155, in __exit__
    self.gen.throw(typ, value, traceback)
  File "C:\Users\afraa\Desktop\EliteUniteTime\.venv\Lib\site-packages\httpcore\_exceptions.py", line 14, in map_exceptions
    raise to_exc(exc) from exc
httpcore.ConnectTimeout

The above exception was the direct cause of the following exception:

Traceback (most recent call last):
  File "C:\Users\afraa\Desktop\EliteUniteTime\bot.py", line 97, in _handle_message
    await self.start_handler.handle_name_input(client, message)
  File "C:\Users\afraa\Desktop\EliteUniteTime\handlers\start.py", line 108, in handle_name_input
    await client.send_message(
  File "C:\Users\afraa\Desktop\EliteUniteTime\.venv\Lib\site-packages\balethon\client\messages\send_message.py", line 18, in send_message
    return await self.auto_execute("post", "sendMessage", locals())
           ^^^^^^^^^^^^^^^^^^^^^^^^^^^^^^^^^^^^^^^^^^^^^^^^^^^^^^^^
  File "C:\Users\afraa\Desktop\EliteUniteTime\.venv\Lib\site-packages\balethon\client\client.py", line 120, in auto_execute
    result = await self.execute(method, service, json, **data)
             ^^^^^^^^^^^^^^^^^^^^^^^^^^^^^^^^^^^^^^^^^^^^^^^^^
  File "C:\Users\afraa\Desktop\EliteUniteTime\.venv\Lib\site-packages\balethon\client\client.py", line 104, in execute
    return await self.connection.request(method, service, json=data)
           ^^^^^^^^^^^^^^^^^^^^^^^^^^^^^^^^^^^^^^^^^^^^^^^^^^^^^^^^^
  File "C:\Users\afraa\Desktop\EliteUniteTime\.venv\Lib\site-packages\balethon\network\connection.py", line 64, in request
    response = await self.client.request(
               ^^^^^^^^^^^^^^^^^^^^^^^^^^
  File "C:\Users\afraa\Desktop\EliteUniteTime\.venv\Lib\site-packages\httpx\_client.py", line 1540, in request
    return await self.send(request, auth=auth, follow_redirects=follow_redirects)
           ^^^^^^^^^^^^^^^^^^^^^^^^^^^^^^^^^^^^^^^^^^^^^^^^^^^^^^^^^^^^^^^^^^^^^^
  File "C:\Users\afraa\Desktop\EliteUniteTime\.venv\Lib\site-packages\httpx\_client.py", line 1629, in send
    response = await self._send_handling_auth(
               ^^^^^^^^^^^^^^^^^^^^^^^^^^^^^^^
  File "C:\Users\afraa\Desktop\EliteUniteTime\.venv\Lib\site-packages\httpx\_client.py", line 1657, in _send_handling_auth
    response = await self._send_handling_redirects(
               ^^^^^^^^^^^^^^^^^^^^^^^^^^^^^^^^^^^^
  File "C:\Users\afraa\Desktop\EliteUniteTime\.venv\Lib\site-packages\httpx\_client.py", line 1694, in _send_handling_redirects
    response = await self._send_single_request(request)
               ^^^^^^^^^^^^^^^^^^^^^^^^^^^^^^^^^^^^^^^^
  File "C:\Users\afraa\Desktop\EliteUniteTime\.venv\Lib\site-packages\httpx\_client.py", line 1730, in _send_single_request
    response = await transport.handle_async_request(request)
               ^^^^^^^^^^^^^^^^^^^^^^^^^^^^^^^^^^^^^^^^^^^^^
  File "C:\Users\afraa\Desktop\EliteUniteTime\.venv\Lib\site-packages\httpx\_transports\default.py", line 393, in handle_async_request
    with map_httpcore_exceptions():
  File "C:\Users\afraa\AppData\Local\Programs\Python\Python311\Lib\contextlib.py", line 155, in __exit__
    self.gen.throw(typ, value, traceback)
  File "C:\Users\afraa\Desktop\EliteUniteTime\.venv\Lib\site-packages\httpx\_transports\default.py", line 118, in map_httpcore_exceptions
    raise mapped_exc(message) from exc
httpx.ConnectTimeout
2026-04-28 16:16:09,264 - httpx - INFO - HTTP Request: POST https://tapi.bale.ai/bot2029474166:MzkMDmPbKHhF6JT0Dn9AYuq84mnTq20L1wk/getUpdates "HTTP/1.1 200 OK"
2026-04-28 16:16:09,272 - balethon.network.connection - INFO - [getUpdates] JSON{'offset': 21}
2026-04-28 16:16:10,610 - httpx - INFO - HTTP Request: POST https://tapi.bale.ai/bot2029474166:MzkMDmPbKHhF6JT0Dn9AYuq84mnTq20L1wk/getUpdates "HTTP/1.1 200 OK"
2026-04-28 16:16:10,626 - balethon.network.connection - INFO - [getUpdates] JSON{'offset': 22}
2026-04-28 16:16:10,628 - bot - INFO - Message from user 2062332444: /start
2026-04-28 16:16:13,782 - httpx - INFO - HTTP Request: POST https://tapi.bale.ai/bot2029474166:MzkMDmPbKHhF6JT0Dn9AYuq84mnTq20L1wk/sendMessage "HTTP/1.1 200 OK"
2026-04-28 16:16:13,929 - httpx - INFO - HTTP Request: POST https://tapi.bale.ai/bot2029474166:MzkMDmPbKHhF6JT0Dn9AYuq84mnTq20L1wk/sendMessage "HTTP/1.1 200 OK"
2026-04-28 16:16:16,024 - httpx - INFO - HTTP Request: POST https://tapi.bale.ai/bot2029474166:MzkMDmPbKHhF6JT0Dn9AYuq84mnTq20L1wk/getUpdates "HTTP/1.1 200 OK"
2026-04-28 16:16:16,031 - balethon.network.connection - INFO - [getUpdates] JSON{'offset': 22}
2026-04-28 16:16:19,910 - httpx - INFO - HTTP Request: POST https://tapi.bale.ai/bot2029474166:MzkMDmPbKHhF6JT0Dn9AYuq84mnTq20L1wk/sendMessage "HTTP/1.1 200 OK"
2026-04-28 16:16:20,261 - httpx - INFO - HTTP Request: POST https://tapi.bale.ai/bot2029474166:MzkMDmPbKHhF6JT0Dn9AYuq84mnTq20L1wk/getUpdates "HTTP/1.1 200 OK"
2026-04-28 16:16:20,276 - balethon.network.connection - INFO - [getUpdates] JSON{'offset': 23}
2026-04-28 16:16:20,360 - httpx - INFO - HTTP Request: POST https://tapi.bale.ai/bot2029474166:MzkMDmPbKHhF6JT0Dn9AYuq84mnTq20L1wk/sendMessage "HTTP/1.1 200 OK"
2026-04-28 16:16:25,976 - httpx - INFO - HTTP Request: POST https://tapi.bale.ai/bot2029474166:MzkMDmPbKHhF6JT0Dn9AYuq84mnTq20L1wk/getUpdates "HTTP/1.1 200 OK"
2026-04-28 16:16:25,986 - balethon.network.connection - INFO - [getUpdates] JSON{'offset': 23}
2026-04-28 16:16:31,119 - httpx - INFO - HTTP Request: POST https://tapi.bale.ai/bot2029474166:MzkMDmPbKHhF6JT0Dn9AYuq84mnTq20L1wk/getUpdates "HTTP/1.1 200 OK"
2026-04-28 16:16:31,127 - balethon.network.connection - INFO - [getUpdates] JSON{'offset': 23}
2026-04-28 16:16:36,233 - httpx - INFO - HTTP Request: POST https://tapi.bale.ai/bot2029474166:MzkMDmPbKHhF6JT0Dn9AYuq84mnTq20L1wk/getUpdates "HTTP/1.1 200 OK"
2026-04-28 16:16:36,251 - balethon.network.connection - INFO - [getUpdates] JSON{'offset': 23}
2026-04-28 16:16:41,342 - httpx - INFO - HTTP Request: POST https://tapi.bale.ai/bot2029474166:MzkMDmPbKHhF6JT0Dn9AYuq84mnTq20L1wk/getUpdates "HTTP/1.1 200 OK"
2026-04-28 16:16:41,360 - balethon.network.connection - INFO - [getUpdates] JSON{'offset': 23}
2026-04-28 16:16:46,481 - httpx - INFO - HTTP Request: POST https://tapi.bale.ai/bot2029474166:MzkMDmPbKHhF6JT0Dn9AYuq84mnTq20L1wk/getUpdates "HTTP/1.1 200 OK"
2026-04-28 16:16:46,488 - balethon.network.connection - INFO - [getUpdates] JSON{'offset': 23}
2026-04-28 16:16:52,372 - httpx - INFO - HTTP Request: POST https://tapi.bale.ai/bot2029474166:MzkMDmPbKHhF6JT0Dn9AYuq84mnTq20L1wk/getUpdates "HTTP/1.1 200 OK"
2026-04-28 16:16:52,380 - balethon.network.connection - INFO - [getUpdates] JSON{'offset': 23}
2026-04-28 16:16:57,908 - httpx - INFO - HTTP Request: POST https://tapi.bale.ai/bot2029474166:MzkMDmPbKHhF6JT0Dn9AYuq84mnTq20L1wk/getUpdates "HTTP/1.1 200 OK"
2026-04-28 16:16:57,919 - balethon.network.connection - INFO - [getUpdates] JSON{'offset': 23}
2026-04-28 16:17:05,565 - httpx - INFO - HTTP Request: POST https://tapi.bale.ai/bot2029474166:MzkMDmPbKHhF6JT0Dn9AYuq84mnTq20L1wk/getUpdates "HTTP/1.1 200 OK"
2026-04-28 16:17:05,581 - balethon.network.connection - INFO - [getUpdates] JSON{'offset': 23}
2026-04-28 16:17:10,743 - httpx - INFO - HTTP Request: POST https://tapi.bale.ai/bot2029474166:MzkMDmPbKHhF6JT0Dn9AYuq84mnTq20L1wk/getUpdates "HTTP/1.1 200 OK"
2026-04-28 16:17:10,754 - balethon.network.connection - INFO - [getUpdates] JSON{'offset': 23}
2026-04-28 16:17:15,853 - httpx - INFO - HTTP Request: POST https://tapi.bale.ai/bot2029474166:MzkMDmPbKHhF6JT0Dn9AYuq84mnTq20L1wk/getUpdates "HTTP/1.1 200 OK"
2026-04-28 16:17:15,861 - balethon.network.connection - INFO - [getUpdates] JSON{'offset': 23}
2026-04-28 16:17:20,926 - httpx - INFO - HTTP Request: POST https://tapi.bale.ai/bot2029474166:MzkMDmPbKHhF6JT0Dn9AYuq84mnTq20L1wk/getUpdates "HTTP/1.1 200 OK"
2026-04-28 16:17:20,947 - balethon.network.connection - INFO - [getUpdates] JSON{'offset': 23}
2026-04-28 16:17:25,971 - httpx - INFO - HTTP Request: POST https://tapi.bale.ai/bot2029474166:MzkMDmPbKHhF6JT0Dn9AYuq84mnTq20L1wk/getUpdates "HTTP/1.1 200 OK"
2026-04-28 16:17:25,979 - balethon.network.connection - INFO - [getUpdates] JSON{'offset': 23}
2026-04-28 16:17:31,004 - httpx - INFO - HTTP Request: POST https://tapi.bale.ai/bot2029474166:MzkMDmPbKHhF6JT0Dn9AYuq84mnTq20L1wk/getUpdates "HTTP/1.1 200 OK"
2026-04-28 16:17:31,017 - balethon.network.connection - INFO - [getUpdates] JSON{'offset': 23}
2026-04-28 16:17:36,048 - httpx - INFO - HTTP Request: POST https://tapi.bale.ai/bot2029474166:MzkMDmPbKHhF6JT0Dn9AYuq84mnTq20L1wk/getUpdates "HTTP/1.1 200 OK"
2026-04-28 16:17:36,060 - balethon.network.connection - INFO - [getUpdates] JSON{'offset': 23}
2026-04-28 16:17:41,082 - httpx - INFO - HTTP Request: POST https://tapi.bale.ai/bot2029474166:MzkMDmPbKHhF6JT0Dn9AYuq84mnTq20L1wk/getUpdates "HTTP/1.1 200 OK"
2026-04-28 16:17:41,091 - balethon.network.connection - INFO - [getUpdates] JSON{'offset': 23}
2026-04-28 16:17:46,116 - httpx - INFO - HTTP Request: POST https://tapi.bale.ai/bot2029474166:MzkMDmPbKHhF6JT0Dn9AYuq84mnTq20L1wk/getUpdates "HTTP/1.1 200 OK"
2026-04-28 16:17:46,130 - balethon.network.connection - INFO - [getUpdates] JSON{'offset': 23}
2026-04-28 16:17:51,214 - httpx - INFO - HTTP Request: POST https://tapi.bale.ai/bot2029474166:MzkMDmPbKHhF6JT0Dn9AYuq84mnTq20L1wk/getUpdates "HTTP/1.1 200 OK"
2026-04-28 16:17:51,224 - balethon.network.connection - INFO - [getUpdates] JSON{'offset': 23}
2026-04-28 16:17:56,242 - httpx - INFO - HTTP Request: POST https://tapi.bale.ai/bot2029474166:MzkMDmPbKHhF6JT0Dn9AYuq84mnTq20L1wk/getUpdates "HTTP/1.1 200 OK"
2026-04-28 16:17:56,257 - balethon.network.connection - INFO - [getUpdates] JSON{'offset': 23}
2026-04-28 16:18:01,329 - httpx - INFO - HTTP Request: POST https://tapi.bale.ai/bot2029474166:MzkMDmPbKHhF6JT0Dn9AYuq84mnTq20L1wk/getUpdates "HTTP/1.1 200 OK"
2026-04-28 16:18:01,341 - balethon.network.connection - INFO - [getUpdates] JSON{'offset': 23}
2026-04-28 16:18:06,410 - httpx - INFO - HTTP Request: POST https://tapi.bale.ai/bot2029474166:MzkMDmPbKHhF6JT0Dn9AYuq84mnTq20L1wk/getUpdates "HTTP/1.1 200 OK"
2026-04-28 16:18:06,424 - balethon.network.connection - INFO - [getUpdates] JSON{'offset': 23}
2026-04-28 16:18:11,516 - httpx - INFO - HTTP Request: POST https://tapi.bale.ai/bot2029474166:MzkMDmPbKHhF6JT0Dn9AYuq84mnTq20L1wk/getUpdates "HTTP/1.1 200 OK"
2026-04-28 16:18:11,524 - balethon.network.connection - INFO - [getUpdates] JSON{'offset': 23}
2026-04-28 16:18:16,547 - httpx - INFO - HTTP Request: POST https://tapi.bale.ai/bot2029474166:MzkMDmPbKHhF6JT0Dn9AYuq84mnTq20L1wk/getUpdates "HTTP/1.1 200 OK"
2026-04-28 16:18:16,557 - balethon.network.connection - INFO - [getUpdates] JSON{'offset': 23}
2026-04-28 16:18:21,588 - httpx - INFO - HTTP Request: POST https://tapi.bale.ai/bot2029474166:MzkMDmPbKHhF6JT0Dn9AYuq84mnTq20L1wk/getUpdates "HTTP/1.1 200 OK"
2026-04-28 16:18:21,603 - balethon.network.connection - INFO - [getUpdates] JSON{'offset': 23}
2026-04-28 16:18:26,633 - httpx - INFO - HTTP Request: POST https://tapi.bale.ai/bot2029474166:MzkMDmPbKHhF6JT0Dn9AYuq84mnTq20L1wk/getUpdates "HTTP/1.1 200 OK"
2026-04-28 16:18:26,647 - balethon.network.connection - INFO - [getUpdates] JSON{'offset': 23}
2026-04-28 16:18:31,676 - httpx - INFO - HTTP Request: POST https://tapi.bale.ai/bot2029474166:MzkMDmPbKHhF6JT0Dn9AYuq84mnTq20L1wk/getUpdates "HTTP/1.1 200 OK"
2026-04-28 16:18:31,687 - balethon.network.connection - INFO - [getUpdates] JSON{'offset': 23}
2026-04-28 16:18:36,724 - httpx - INFO - HTTP Request: POST https://tapi.bale.ai/bot2029474166:MzkMDmPbKHhF6JT0Dn9AYuq84mnTq20L1wk/getUpdates "HTTP/1.1 200 OK"
2026-04-28 16:18:36,733 - balethon.network.connection - INFO - [getUpdates] JSON{'offset': 23}
2026-04-28 16:18:41,844 - httpx - INFO - HTTP Request: POST https://tapi.bale.ai/bot2029474166:MzkMDmPbKHhF6JT0Dn9AYuq84mnTq20L1wk/getUpdates "HTTP/1.1 200 OK"
2026-04-28 16:18:41,859 - balethon.network.connection - INFO - [getUpdates] JSON{'offset': 23}
2026-04-28 16:18:46,889 - httpx - INFO - HTTP Request: POST https://tapi.bale.ai/bot2029474166:MzkMDmPbKHhF6JT0Dn9AYuq84mnTq20L1wk/getUpdates "HTTP/1.1 200 OK"
2026-04-28 16:18:46,901 - balethon.network.connection - INFO - [getUpdates] JSON{'offset': 23}
2026-04-28 16:18:51,929 - httpx - INFO - HTTP Request: POST https://tapi.bale.ai/bot2029474166:MzkMDmPbKHhF6JT0Dn9AYuq84mnTq20L1wk/getUpdates "HTTP/1.1 200 OK"
2026-04-28 16:18:51,944 - balethon.network.connection - INFO - [getUpdates] JSON{'offset': 23}
2026-04-28 16:18:57,024 - httpx - INFO - HTTP Request: POST https://tapi.bale.ai/bot2029474166:MzkMDmPbKHhF6JT0Dn9AYuq84mnTq20L1wk/getUpdates "HTTP/1.1 200 OK"
2026-04-28 16:18:57,036 - balethon.network.connection - INFO - [getUpdates] JSON{'offset': 23}
2026-04-28 16:19:02,125 - httpx - INFO - HTTP Request: POST https://tapi.bale.ai/bot2029474166:MzkMDmPbKHhF6JT0Dn9AYuq84mnTq20L1wk/getUpdates "HTTP/1.1 200 OK"
2026-04-28 16:19:02,139 - balethon.network.connection - INFO - [getUpdates] JSON{'offset': 23}
2026-04-28 16:19:07,169 - httpx - INFO - HTTP Request: POST https://tapi.bale.ai/bot2029474166:MzkMDmPbKHhF6JT0Dn9AYuq84mnTq20L1wk/getUpdates "HTTP/1.1 200 OK"
2026-04-28 16:19:07,179 - balethon.network.connection - INFO - [getUpdates] JSON{'offset': 23}
2026-04-28 16:19:12,199 - httpx - INFO - HTTP Request: POST https://tapi.bale.ai/bot2029474166:MzkMDmPbKHhF6JT0Dn9AYuq84mnTq20L1wk/getUpdates "HTTP/1.1 200 OK"
2026-04-28 16:19:12,215 - balethon.network.connection - INFO - [getUpdates] JSON{'offset': 23}
2026-04-28 16:19:17,242 - httpx - INFO - HTTP Request: POST https://tapi.bale.ai/bot2029474166:MzkMDmPbKHhF6JT0Dn9AYuq84mnTq20L1wk/getUpdates "HTTP/1.1 200 OK"
2026-04-28 16:19:17,256 - balethon.network.connection - INFO - [getUpdates] JSON{'offset': 23}
2026-04-28 16:19:22,288 - httpx - INFO - HTTP Request: POST https://tapi.bale.ai/bot2029474166:MzkMDmPbKHhF6JT0Dn9AYuq84mnTq20L1wk/getUpdates "HTTP/1.1 200 OK"
2026-04-28 16:19:22,332 - balethon.network.connection - INFO - [getUpdates] JSON{'offset': 23}
2026-04-28 16:19:27,378 - httpx - INFO - HTTP Request: POST https://tapi.bale.ai/bot2029474166:MzkMDmPbKHhF6JT0Dn9AYuq84mnTq20L1wk/getUpdates "HTTP/1.1 200 OK"
2026-04-28 16:19:27,387 - balethon.network.connection - INFO - [getUpdates] JSON{'offset': 23}
2026-04-28 16:19:32,413 - httpx - INFO - HTTP Request: POST https://tapi.bale.ai/bot2029474166:MzkMDmPbKHhF6JT0Dn9AYuq84mnTq20L1wk/getUpdates "HTTP/1.1 200 OK"
2026-04-28 16:19:32,422 - balethon.network.connection - INFO - [getUpdates] JSON{'offset': 23}
2026-04-28 16:19:37,443 - httpx - INFO - HTTP Request: POST https://tapi.bale.ai/bot2029474166:MzkMDmPbKHhF6JT0Dn9AYuq84mnTq20L1wk/getUpdates "HTTP/1.1 200 OK"
2026-04-28 16:19:37,470 - balethon.network.connection - INFO - [getUpdates] JSON{'offset': 23}
2026-04-28 16:19:42,490 - httpx - INFO - HTTP Request: POST https://tapi.bale.ai/bot2029474166:MzkMDmPbKHhF6JT0Dn9AYuq84mnTq20L1wk/getUpdates "HTTP/1.1 200 OK"
2026-04-28 16:19:42,502 - balethon.network.connection - INFO - [getUpdates] JSON{'offset': 23}
2026-04-28 16:19:47,524 - httpx - INFO - HTTP Request: POST https://tapi.bale.ai/bot2029474166:MzkMDmPbKHhF6JT0Dn9AYuq84mnTq20L1wk/getUpdates "HTTP/1.1 200 OK"
2026-04-28 16:19:47,548 - balethon.network.connection - INFO - [getUpdates] JSON{'offset': 23}
2026-04-28 16:19:52,626 - httpx - INFO - HTTP Request: POST https://tapi.bale.ai/bot2029474166:MzkMDmPbKHhF6JT0Dn9AYuq84mnTq20L1wk/getUpdates "HTTP/1.1 200 OK"
2026-04-28 16:19:52,641 - balethon.network.connection - INFO - [getUpdates] JSON{'offset': 23}
2026-04-28 16:19:57,682 - httpx - INFO - HTTP Request: POST https://tapi.bale.ai/bot2029474166:MzkMDmPbKHhF6JT0Dn9AYuq84mnTq20L1wk/getUpdates "HTTP/1.1 200 OK"
2026-04-28 16:19:57,696 - balethon.network.connection - INFO - [getUpdates] JSON{'offset': 23}
2026-04-28 16:20:02,748 - httpx - INFO - HTTP Request: POST https://tapi.bale.ai/bot2029474166:MzkMDmPbKHhF6JT0Dn9AYuq84mnTq20L1wk/getUpdates "HTTP/1.1 200 OK"
2026-04-28 16:20:02,765 - balethon.network.connection - INFO - [getUpdates] JSON{'offset': 23}
2026-04-28 16:20:07,818 - httpx - INFO - HTTP Request: POST https://tapi.bale.ai/bot2029474166:MzkMDmPbKHhF6JT0Dn9AYuq84mnTq20L1wk/getUpdates "HTTP/1.1 200 OK"
2026-04-28 16:20:07,831 - balethon.network.connection - INFO - [getUpdates] JSON{'offset': 23}
2026-04-28 16:20:12,856 - httpx - INFO - HTTP Request: POST https://tapi.bale.ai/bot2029474166:MzkMDmPbKHhF6JT0Dn9AYuq84mnTq20L1wk/getUpdates "HTTP/1.1 200 OK"
2026-04-28 16:20:12,867 - balethon.network.connection - INFO - [getUpdates] JSON{'offset': 23}
2026-04-28 16:20:17,895 - httpx - INFO - HTTP Request: POST https://tapi.bale.ai/bot2029474166:MzkMDmPbKHhF6JT0Dn9AYuq84mnTq20L1wk/getUpdates "HTTP/1.1 200 OK"
2026-04-28 16:20:17,909 - balethon.network.connection - INFO - [getUpdates] JSON{'offset': 23}
2026-04-28 16:20:22,942 - httpx - INFO - HTTP Request: POST https://tapi.bale.ai/bot2029474166:MzkMDmPbKHhF6JT0Dn9AYuq84mnTq20L1wk/getUpdates "HTTP/1.1 200 OK"
2026-04-28 16:20:22,951 - balethon.network.connection - INFO - [getUpdates] JSON{'offset': 23}
2026-04-28 16:20:27,978 - httpx - INFO - HTTP Request: POST https://tapi.bale.ai/bot2029474166:MzkMDmPbKHhF6JT0Dn9AYuq84mnTq20L1wk/getUpdates "HTTP/1.1 200 OK"
2026-04-28 16:20:27,993 - balethon.network.connection - INFO - [getUpdates] JSON{'offset': 23}
2026-04-28 16:20:33,036 - httpx - INFO - HTTP Request: POST https://tapi.bale.ai/bot2029474166:MzkMDmPbKHhF6JT0Dn9AYuq84mnTq20L1wk/getUpdates "HTTP/1.1 200 OK"
2026-04-28 16:20:33,053 - balethon.network.connection - INFO - [getUpdates] JSON{'offset': 23}
2026-04-28 16:20:38,116 - httpx - INFO - HTTP Request: POST https://tapi.bale.ai/bot2029474166:MzkMDmPbKHhF6JT0Dn9AYuq84mnTq20L1wk/getUpdates "HTTP/1.1 200 OK"
2026-04-28 16:20:38,129 - balethon.network.connection - INFO - [getUpdates] JSON{'offset': 23}
2026-04-28 16:20:43,229 - httpx - INFO - HTTP Request: POST https://tapi.bale.ai/bot2029474166:MzkMDmPbKHhF6JT0Dn9AYuq84mnTq20L1wk/getUpdates "HTTP/1.1 200 OK"
2026-04-28 16:20:43,243 - balethon.network.connection - INFO - [getUpdates] JSON{'offset': 23}
2026-04-28 16:20:48,282 - httpx - INFO - HTTP Request: POST https://tapi.bale.ai/bot2029474166:MzkMDmPbKHhF6JT0Dn9AYuq84mnTq20L1wk/getUpdates "HTTP/1.1 200 OK"
2026-04-28 16:20:48,296 - balethon.network.connection - INFO - [getUpdates] JSON{'offset': 23}
2026-04-28 16:20:53,329 - httpx - INFO - HTTP Request: POST https://tapi.bale.ai/bot2029474166:MzkMDmPbKHhF6JT0Dn9AYuq84mnTq20L1wk/getUpdates "HTTP/1.1 200 OK"
2026-04-28 16:20:53,338 - balethon.network.connection - INFO - [getUpdates] JSON{'offset': 23}
2026-04-28 16:20:58,421 - httpx - INFO - HTTP Request: POST https://tapi.bale.ai/bot2029474166:MzkMDmPbKHhF6JT0Dn9AYuq84mnTq20L1wk/getUpdates "HTTP/1.1 200 OK"
2026-04-28 16:20:58,435 - balethon.network.connection - INFO - [getUpdates] JSON{'offset': 23}
2026-04-28 16:21:03,464 - httpx - INFO - HTTP Request: POST https://tapi.bale.ai/bot2029474166:MzkMDmPbKHhF6JT0Dn9AYuq84mnTq20L1wk/getUpdates "HTTP/1.1 200 OK"
2026-04-28 16:21:03,484 - balethon.network.connection - INFO - [getUpdates] JSON{'offset': 23}
2026-04-28 16:21:08,511 - httpx - INFO - HTTP Request: POST https://tapi.bale.ai/bot2029474166:MzkMDmPbKHhF6JT0Dn9AYuq84mnTq20L1wk/getUpdates "HTTP/1.1 200 OK"
2026-04-28 16:21:08,525 - balethon.network.connection - INFO - [getUpdates] JSON{'offset': 23}
2026-04-28 16:21:13,552 - httpx - INFO - HTTP Request: POST https://tapi.bale.ai/bot2029474166:MzkMDmPbKHhF6JT0Dn9AYuq84mnTq20L1wk/getUpdates "HTTP/1.1 200 OK"
2026-04-28 16:21:13,579 - balethon.network.connection - INFO - [getUpdates] JSON{'offset': 23}
2026-04-28 16:21:18,628 - httpx - INFO - HTTP Request: POST https://tapi.bale.ai/bot2029474166:MzkMDmPbKHhF6JT0Dn9AYuq84mnTq20L1wk/getUpdates "HTTP/1.1 200 OK"
2026-04-28 16:21:18,638 - balethon.network.connection - INFO - [getUpdates] JSON{'offset': 23}
2026-04-28 16:21:23,658 - httpx - INFO - HTTP Request: POST https://tapi.bale.ai/bot2029474166:MzkMDmPbKHhF6JT0Dn9AYuq84mnTq20L1wk/getUpdates "HTTP/1.1 200 OK"
2026-04-28 16:21:23,675 - balethon.network.connection - INFO - [getUpdates] JSON{'offset': 23}
2026-04-28 16:21:28,704 - httpx - INFO - HTTP Request: POST https://tapi.bale.ai/bot2029474166:MzkMDmPbKHhF6JT0Dn9AYuq84mnTq20L1wk/getUpdates "HTTP/1.1 200 OK"
2026-04-28 16:21:28,729 - balethon.network.connection - INFO - [getUpdates] JSON{'offset': 23}
2026-04-28 16:21:33,848 - httpx - INFO - HTTP Request: POST https://tapi.bale.ai/bot2029474166:MzkMDmPbKHhF6JT0Dn9AYuq84mnTq20L1wk/getUpdates "HTTP/1.1 200 OK"
2026-04-28 16:21:33,859 - balethon.network.connection - INFO - [getUpdates] JSON{'offset': 23}
2026-04-28 16:21:38,940 - httpx - INFO - HTTP Request: POST https://tapi.bale.ai/bot2029474166:MzkMDmPbKHhF6JT0Dn9AYuq84mnTq20L1wk/getUpdates "HTTP/1.1 200 OK"
2026-04-28 16:21:38,957 - balethon.network.connection - INFO - [getUpdates] JSON{'offset': 23}
2026-04-28 16:21:44,018 - httpx - INFO - HTTP Request: POST https://tapi.bale.ai/bot2029474166:MzkMDmPbKHhF6JT0Dn9AYuq84mnTq20L1wk/getUpdates "HTTP/1.1 200 OK"
2026-04-28 16:21:44,027 - balethon.network.connection - INFO - [getUpdates] JSON{'offset': 23}
2026-04-28 16:21:49,053 - httpx - INFO - HTTP Request: POST https://tapi.bale.ai/bot2029474166:MzkMDmPbKHhF6JT0Dn9AYuq84mnTq20L1wk/getUpdates "HTTP/1.1 200 OK"
2026-04-28 16:21:49,061 - balethon.network.connection - INFO - [getUpdates] JSON{'offset': 23}
2026-04-28 16:21:54,119 - httpx - INFO - HTTP Request: POST https://tapi.bale.ai/bot2029474166:MzkMDmPbKHhF6JT0Dn9AYuq84mnTq20L1wk/getUpdates "HTTP/1.1 200 OK"
2026-04-28 16:21:54,128 - balethon.network.connection - INFO - [getUpdates] JSON{'offset': 23}
2026-04-28 16:21:59,149 - httpx - INFO - HTTP Request: POST https://tapi.bale.ai/bot2029474166:MzkMDmPbKHhF6JT0Dn9AYuq84mnTq20L1wk/getUpdates "HTTP/1.1 200 OK"
2026-04-28 16:21:59,165 - balethon.network.connection - INFO - [getUpdates] JSON{'offset': 23}
2026-04-28 16:22:04,189 - httpx - INFO - HTTP Request: POST https://tapi.bale.ai/bot2029474166:MzkMDmPbKHhF6JT0Dn9AYuq84mnTq20L1wk/getUpdates "HTTP/1.1 200 OK"
2026-04-28 16:22:04,210 - balethon.network.connection - INFO - [getUpdates] JSON{'offset': 23}
2026-04-28 16:22:09,234 - httpx - INFO - HTTP Request: POST https://tapi.bale.ai/bot2029474166:MzkMDmPbKHhF6JT0Dn9AYuq84mnTq20L1wk/getUpdates "HTTP/1.1 200 OK"
2026-04-28 16:22:09,244 - balethon.network.connection - INFO - [getUpdates] JSON{'offset': 23}
2026-04-28 16:22:14,338 - httpx - INFO - HTTP Request: POST https://tapi.bale.ai/bot2029474166:MzkMDmPbKHhF6JT0Dn9AYuq84mnTq20L1wk/getUpdates "HTTP/1.1 200 OK"
2026-04-28 16:22:14,345 - balethon.network.connection - INFO - [getUpdates] JSON{'offset': 23}
2026-04-28 16:22:19,369 - httpx - INFO - HTTP Request: POST https://tapi.bale.ai/bot2029474166:MzkMDmPbKHhF6JT0Dn9AYuq84mnTq20L1wk/getUpdates "HTTP/1.1 200 OK"
2026-04-28 16:22:19,386 - balethon.network.connection - INFO - [getUpdates] JSON{'offset': 23}
2026-04-28 16:22:24,615 - httpx - INFO - HTTP Request: POST https://tapi.bale.ai/bot2029474166:MzkMDmPbKHhF6JT0Dn9AYuq84mnTq20L1wk/getUpdates "HTTP/1.1 200 OK"
2026-04-28 16:22:24,628 - balethon.network.connection - INFO - [getUpdates] JSON{'offset': 23}
2026-04-28 16:22:29,796 - httpx - INFO - HTTP Request: POST https://tapi.bale.ai/bot2029474166:MzkMDmPbKHhF6JT0Dn9AYuq84mnTq20L1wk/getUpdates "HTTP/1.1 200 OK"
2026-04-28 16:22:29,813 - balethon.network.connection - INFO - [getUpdates] JSON{'offset': 23}
2026-04-28 16:22:34,881 - httpx - INFO - HTTP Request: POST https://tapi.bale.ai/bot2029474166:MzkMDmPbKHhF6JT0Dn9AYuq84mnTq20L1wk/getUpdates "HTTP/1.1 200 OK"
2026-04-28 16:22:34,889 - balethon.network.connection - INFO - [getUpdates] JSON{'offset': 23}
2026-04-28 16:22:39,944 - httpx - INFO - HTTP Request: POST https://tapi.bale.ai/bot2029474166:MzkMDmPbKHhF6JT0Dn9AYuq84mnTq20L1wk/getUpdates "HTTP/1.1 200 OK"
2026-04-28 16:22:39,963 - balethon.network.connection - INFO - [getUpdates] JSON{'offset': 23}
2026-04-28 16:22:45,033 - httpx - INFO - HTTP Request: POST https://tapi.bale.ai/bot2029474166:MzkMDmPbKHhF6JT0Dn9AYuq84mnTq20L1wk/getUpdates "HTTP/1.1 200 OK"
2026-04-28 16:22:45,052 - balethon.network.connection - INFO - [getUpdates] JSON{'offset': 23}
2026-04-28 16:22:50,098 - httpx - INFO - HTTP Request: POST https://tapi.bale.ai/bot2029474166:MzkMDmPbKHhF6JT0Dn9AYuq84mnTq20L1wk/getUpdates "HTTP/1.1 200 OK"
2026-04-28 16:22:50,113 - balethon.network.connection - INFO - [getUpdates] JSON{'offset': 23}
2026-04-28 16:22:55,168 - httpx - INFO - HTTP Request: POST https://tapi.bale.ai/bot2029474166:MzkMDmPbKHhF6JT0Dn9AYuq84mnTq20L1wk/getUpdates "HTTP/1.1 200 OK"
2026-04-28 16:22:55,184 - balethon.network.connection - INFO - [getUpdates] JSON{'offset': 23}
2026-04-28 16:23:00,299 - httpx - INFO - HTTP Request: POST https://tapi.bale.ai/bot2029474166:MzkMDmPbKHhF6JT0Dn9AYuq84mnTq20L1wk/getUpdates "HTTP/1.1 200 OK"
2026-04-28 16:23:00,312 - balethon.network.connection - INFO - [getUpdates] JSON{'offset': 23}
2026-04-28 16:23:05,411 - httpx - INFO - HTTP Request: POST https://tapi.bale.ai/bot2029474166:MzkMDmPbKHhF6JT0Dn9AYuq84mnTq20L1wk/getUpdates "HTTP/1.1 200 OK"
2026-04-28 16:23:05,425 - balethon.network.connection - INFO - [getUpdates] JSON{'offset': 23}
2026-04-28 16:23:10,500 - httpx - INFO - HTTP Request: POST https://tapi.bale.ai/bot2029474166:MzkMDmPbKHhF6JT0Dn9AYuq84mnTq20L1wk/getUpdates "HTTP/1.1 200 OK"
2026-04-28 16:23:10,518 - balethon.network.connection - INFO - [getUpdates] JSON{'offset': 23}
2026-04-28 16:23:15,585 - httpx - INFO - HTTP Request: POST https://tapi.bale.ai/bot2029474166:MzkMDmPbKHhF6JT0Dn9AYuq84mnTq20L1wk/getUpdates "HTTP/1.1 200 OK"
2026-04-28 16:23:15,598 - balethon.network.connection - INFO - [getUpdates] JSON{'offset': 23}
2026-04-28 16:23:20,649 - httpx - INFO - HTTP Request: POST https://tapi.bale.ai/bot2029474166:MzkMDmPbKHhF6JT0Dn9AYuq84mnTq20L1wk/getUpdates "HTTP/1.1 200 OK"
2026-04-28 16:23:20,667 - balethon.network.connection - INFO - [getUpdates] JSON{'offset': 23}
2026-04-28 16:23:25,750 - httpx - INFO - HTTP Request: POST https://tapi.bale.ai/bot2029474166:MzkMDmPbKHhF6JT0Dn9AYuq84mnTq20L1wk/getUpdates "HTTP/1.1 200 OK"
2026-04-28 16:23:25,767 - balethon.network.connection - INFO - [getUpdates] JSON{'offset': 23}
2026-04-28 16:23:31,108 - httpx - INFO - HTTP Request: POST https://tapi.bale.ai/bot2029474166:MzkMDmPbKHhF6JT0Dn9AYuq84mnTq20L1wk/getUpdates "HTTP/1.1 200 OK"
2026-04-28 16:23:31,120 - balethon.network.connection - INFO - [getUpdates] JSON{'offset': 23}
2026-04-28 16:23:36,383 - httpx - INFO - HTTP Request: POST https://tapi.bale.ai/bot2029474166:MzkMDmPbKHhF6JT0Dn9AYuq84mnTq20L1wk/getUpdates "HTTP/1.1 200 OK"
2026-04-28 16:23:36,398 - balethon.network.connection - INFO - [getUpdates] JSON{'offset': 23}
2026-04-28 16:23:41,895 - httpx - INFO - HTTP Request: POST https://tapi.bale.ai/bot2029474166:MzkMDmPbKHhF6JT0Dn9AYuq84mnTq20L1wk/getUpdates "HTTP/1.1 200 OK"
2026-04-28 16:23:41,910 - balethon.network.connection - INFO - [getUpdates] JSON{'offset': 23}
2026-04-28 16:23:47,682 - httpx - INFO - HTTP Request: POST https://tapi.bale.ai/bot2029474166:MzkMDmPbKHhF6JT0Dn9AYuq84mnTq20L1wk/getUpdates "HTTP/1.1 200 OK"
2026-04-28 16:23:47,696 - balethon.network.connection - INFO - [getUpdates] JSON{'offset': 23}
2026-04-28 16:23:53,161 - httpx - INFO - HTTP Request: POST https://tapi.bale.ai/bot2029474166:MzkMDmPbKHhF6JT0Dn9AYuq84mnTq20L1wk/getUpdates "HTTP/1.1 200 OK"
2026-04-28 16:23:53,180 - balethon.network.connection - INFO - [getUpdates] JSON{'offset': 23}
2026-04-28 16:23:58,497 - httpx - INFO - HTTP Request: POST https://tapi.bale.ai/bot2029474166:MzkMDmPbKHhF6JT0Dn9AYuq84mnTq20L1wk/getUpdates "HTTP/1.1 200 OK"
2026-04-28 16:23:58,522 - balethon.network.connection - INFO - [getUpdates] JSON{'offset': 23}
2026-04-28 16:24:03,801 - httpx - INFO - HTTP Request: POST https://tapi.bale.ai/bot2029474166:MzkMDmPbKHhF6JT0Dn9AYuq84mnTq20L1wk/getUpdates "HTTP/1.1 200 OK"
2026-04-28 16:24:03,813 - balethon.network.connection - INFO - [getUpdates] JSON{'offset': 23}
2026-04-28 16:24:09,088 - httpx - INFO - HTTP Request: POST https://tapi.bale.ai/bot2029474166:MzkMDmPbKHhF6JT0Dn9AYuq84mnTq20L1wk/getUpdates "HTTP/1.1 200 OK"
2026-04-28 16:24:09,106 - balethon.network.connection - INFO - [getUpdates] JSON{'offset': 23}
2026-04-28 16:24:14,193 - httpx - INFO - HTTP Request: POST https://tapi.bale.ai/bot2029474166:MzkMDmPbKHhF6JT0Dn9AYuq84mnTq20L1wk/getUpdates "HTTP/1.1 200 OK"
2026-04-28 16:24:14,201 - balethon.network.connection - INFO - [getUpdates] JSON{'offset': 23}
2026-04-28 16:24:19,523 - httpx - INFO - HTTP Request: POST https://tapi.bale.ai/bot2029474166:MzkMDmPbKHhF6JT0Dn9AYuq84mnTq20L1wk/getUpdates "HTTP/1.1 200 OK"
2026-04-28 16:24:19,537 - balethon.network.connection - INFO - [getUpdates] JSON{'offset': 23}
2026-04-28 16:24:24,905 - httpx - INFO - HTTP Request: POST https://tapi.bale.ai/bot2029474166:MzkMDmPbKHhF6JT0Dn9AYuq84mnTq20L1wk/getUpdates "HTTP/1.1 200 OK"
2026-04-28 16:24:24,913 - balethon.network.connection - INFO - [getUpdates] JSON{'offset': 23}
2026-04-28 16:24:29,978 - httpx - INFO - HTTP Request: POST https://tapi.bale.ai/bot2029474166:MzkMDmPbKHhF6JT0Dn9AYuq84mnTq20L1wk/getUpdates "HTTP/1.1 200 OK"
2026-04-28 16:24:29,991 - balethon.network.connection - INFO - [getUpdates] JSON{'offset': 23}
2026-04-28 16:24:35,062 - httpx - INFO - HTTP Request: POST https://tapi.bale.ai/bot2029474166:MzkMDmPbKHhF6JT0Dn9AYuq84mnTq20L1wk/getUpdates "HTTP/1.1 200 OK"
2026-04-28 16:24:35,072 - balethon.network.connection - INFO - [getUpdates] JSON{'offset': 23}
2026-04-28 16:24:40,245 - httpx - INFO - HTTP Request: POST https://tapi.bale.ai/bot2029474166:MzkMDmPbKHhF6JT0Dn9AYuq84mnTq20L1wk/getUpdates "HTTP/1.1 200 OK"
2026-04-28 16:24:40,255 - balethon.network.connection - INFO - [getUpdates] JSON{'offset': 23}
2026-04-28 16:24:45,435 - httpx - INFO - HTTP Request: POST https://tapi.bale.ai/bot2029474166:MzkMDmPbKHhF6JT0Dn9AYuq84mnTq20L1wk/getUpdates "HTTP/1.1 200 OK"
2026-04-28 16:24:45,446 - balethon.network.connection - INFO - [getUpdates] JSON{'offset': 23}
2026-04-28 16:24:50,553 - httpx - INFO - HTTP Request: POST https://tapi.bale.ai/bot2029474166:MzkMDmPbKHhF6JT0Dn9AYuq84mnTq20L1wk/getUpdates "HTTP/1.1 200 OK"
2026-04-28 16:24:50,576 - balethon.network.connection - INFO - [getUpdates] JSON{'offset': 23}
2026-04-28 16:24:55,632 - httpx - INFO - HTTP Request: POST https://tapi.bale.ai/bot2029474166:MzkMDmPbKHhF6JT0Dn9AYuq84mnTq20L1wk/getUpdates "HTTP/1.1 200 OK"
2026-04-28 16:24:55,641 - balethon.network.connection - INFO - [getUpdates] JSON{'offset': 23}
2026-04-28 16:25:00,751 - httpx - INFO - HTTP Request: POST https://tapi.bale.ai/bot2029474166:MzkMDmPbKHhF6JT0Dn9AYuq84mnTq20L1wk/getUpdates "HTTP/1.1 200 OK"
2026-04-28 16:25:00,763 - balethon.network.connection - INFO - [getUpdates] JSON{'offset': 23}
2026-04-28 16:25:05,856 - httpx - INFO - HTTP Request: POST https://tapi.bale.ai/bot2029474166:MzkMDmPbKHhF6JT0Dn9AYuq84mnTq20L1wk/getUpdates "HTTP/1.1 200 OK"
2026-04-28 16:25:05,887 - balethon.network.connection - INFO - [getUpdates] JSON{'offset': 23}
2026-04-28 16:25:10,994 - httpx - INFO - HTTP Request: POST https://tapi.bale.ai/bot2029474166:MzkMDmPbKHhF6JT0Dn9AYuq84mnTq20L1wk/getUpdates "HTTP/1.1 200 OK"
2026-04-28 16:25:11,007 - balethon.network.connection - INFO - [getUpdates] JSON{'offset': 23}
2026-04-28 16:25:16,095 - httpx - INFO - HTTP Request: POST https://tapi.bale.ai/bot2029474166:MzkMDmPbKHhF6JT0Dn9AYuq84mnTq20L1wk/getUpdates "HTTP/1.1 200 OK"
2026-04-28 16:25:16,107 - balethon.network.connection - INFO - [getUpdates] JSON{'offset': 23}
2026-04-28 16:25:21,220 - httpx - INFO - HTTP Request: POST https://tapi.bale.ai/bot2029474166:MzkMDmPbKHhF6JT0Dn9AYuq84mnTq20L1wk/getUpdates "HTTP/1.1 200 OK"
2026-04-28 16:25:21,229 - balethon.network.connection - INFO - [getUpdates] JSON{'offset': 23}
2026-04-28 16:25:26,295 - httpx - INFO - HTTP Request: POST https://tapi.bale.ai/bot2029474166:MzkMDmPbKHhF6JT0Dn9AYuq84mnTq20L1wk/getUpdates "HTTP/1.1 200 OK"
2026-04-28 16:25:26,303 - balethon.network.connection - INFO - [getUpdates] JSON{'offset': 23}
2026-04-28 16:25:31,391 - httpx - INFO - HTTP Request: POST https://tapi.bale.ai/bot2029474166:MzkMDmPbKHhF6JT0Dn9AYuq84mnTq20L1wk/getUpdates "HTTP/1.1 200 OK"
2026-04-28 16:25:31,408 - balethon.network.connection - INFO - [getUpdates] JSON{'offset': 23}
2026-04-28 16:25:36,522 - httpx - INFO - HTTP Request: POST https://tapi.bale.ai/bot2029474166:MzkMDmPbKHhF6JT0Dn9AYuq84mnTq20L1wk/getUpdates "HTTP/1.1 200 OK"
2026-04-28 16:25:36,535 - balethon.network.connection - INFO - [getUpdates] JSON{'offset': 23}
2026-04-28 16:25:41,712 - httpx - INFO - HTTP Request: POST https://tapi.bale.ai/bot2029474166:MzkMDmPbKHhF6JT0Dn9AYuq84mnTq20L1wk/getUpdates "HTTP/1.1 200 OK"
2026-04-28 16:25:41,723 - balethon.network.connection - INFO - [getUpdates] JSON{'offset': 23}
2026-04-28 16:25:46,818 - httpx - INFO - HTTP Request: POST https://tapi.bale.ai/bot2029474166:MzkMDmPbKHhF6JT0Dn9AYuq84mnTq20L1wk/getUpdates "HTTP/1.1 200 OK"
2026-04-28 16:25:46,830 - balethon.network.connection - INFO - [getUpdates] JSON{'offset': 23}
2026-04-28 16:25:51,896 - httpx - INFO - HTTP Request: POST https://tapi.bale.ai/bot2029474166:MzkMDmPbKHhF6JT0Dn9AYuq84mnTq20L1wk/getUpdates "HTTP/1.1 200 OK"
2026-04-28 16:25:51,905 - balethon.network.connection - INFO - [getUpdates] JSON{'offset': 23}
2026-04-28 16:25:57,005 - httpx - INFO - HTTP Request: POST https://tapi.bale.ai/bot2029474166:MzkMDmPbKHhF6JT0Dn9AYuq84mnTq20L1wk/getUpdates "HTTP/1.1 200 OK"
2026-04-28 16:25:57,015 - balethon.network.connection - INFO - [getUpdates] JSON{'offset': 23}
2026-04-28 16:26:02,102 - httpx - INFO - HTTP Request: POST https://tapi.bale.ai/bot2029474166:MzkMDmPbKHhF6JT0Dn9AYuq84mnTq20L1wk/getUpdates "HTTP/1.1 200 OK"
2026-04-28 16:26:02,115 - balethon.network.connection - INFO - [getUpdates] JSON{'offset': 23}
2026-04-28 16:26:07,536 - httpx - INFO - HTTP Request: POST https://tapi.bale.ai/bot2029474166:MzkMDmPbKHhF6JT0Dn9AYuq84mnTq20L1wk/getUpdates "HTTP/1.1 200 OK"
2026-04-28 16:26:07,555 - balethon.network.connection - INFO - [getUpdates] JSON{'offset': 23}
2026-04-28 16:26:12,762 - httpx - INFO - HTTP Request: POST https://tapi.bale.ai/bot2029474166:MzkMDmPbKHhF6JT0Dn9AYuq84mnTq20L1wk/getUpdates "HTTP/1.1 200 OK"
2026-04-28 16:26:12,770 - balethon.network.connection - INFO - [getUpdates] JSON{'offset': 23}
2026-04-28 16:26:17,914 - httpx - INFO - HTTP Request: POST https://tapi.bale.ai/bot2029474166:MzkMDmPbKHhF6JT0Dn9AYuq84mnTq20L1wk/getUpdates "HTTP/1.1 200 OK"
2026-04-28 16:26:17,927 - balethon.network.connection - INFO - [getUpdates] JSON{'offset': 23}
2026-04-28 16:26:23,000 - httpx - INFO - HTTP Request: POST https://tapi.bale.ai/bot2029474166:MzkMDmPbKHhF6JT0Dn9AYuq84mnTq20L1wk/getUpdates "HTTP/1.1 200 OK"
2026-04-28 16:26:23,015 - balethon.network.connection - INFO - [getUpdates] JSON{'offset': 23}
2026-04-28 16:26:28,097 - httpx - INFO - HTTP Request: POST https://tapi.bale.ai/bot2029474166:MzkMDmPbKHhF6JT0Dn9AYuq84mnTq20L1wk/getUpdates "HTTP/1.1 200 OK"
2026-04-28 16:26:28,111 - balethon.network.connection - INFO - [getUpdates] JSON{'offset': 23}
2026-04-28 16:26:33,226 - httpx - INFO - HTTP Request: POST https://tapi.bale.ai/bot2029474166:MzkMDmPbKHhF6JT0Dn9AYuq84mnTq20L1wk/getUpdates "HTTP/1.1 200 OK"
2026-04-28 16:26:33,241 - balethon.network.connection - INFO - [getUpdates] JSON{'offset': 23}
2026-04-28 16:26:38,361 - httpx - INFO - HTTP Request: POST https://tapi.bale.ai/bot2029474166:MzkMDmPbKHhF6JT0Dn9AYuq84mnTq20L1wk/getUpdates "HTTP/1.1 200 OK"
2026-04-28 16:26:38,373 - balethon.network.connection - INFO - [getUpdates] JSON{'offset': 23}
2026-04-28 16:26:43,638 - httpx - INFO - HTTP Request: POST https://tapi.bale.ai/bot2029474166:MzkMDmPbKHhF6JT0Dn9AYuq84mnTq20L1wk/getUpdates "HTTP/1.1 200 OK"
2026-04-28 16:26:43,654 - balethon.network.connection - INFO - [getUpdates] JSON{'offset': 23}
2026-04-28 16:26:49,074 - httpx - INFO - HTTP Request: POST https://tapi.bale.ai/bot2029474166:MzkMDmPbKHhF6JT0Dn9AYuq84mnTq20L1wk/getUpdates "HTTP/1.1 200 OK"
2026-04-28 16:26:49,083 - balethon.network.connection - INFO - [getUpdates] JSON{'offset': 23}
2026-04-28 16:26:54,447 - httpx - INFO - HTTP Request: POST https://tapi.bale.ai/bot2029474166:MzkMDmPbKHhF6JT0Dn9AYuq84mnTq20L1wk/getUpdates "HTTP/1.1 200 OK"
2026-04-28 16:26:54,462 - balethon.network.connection - INFO - [getUpdates] JSON{'offset': 23}
2026-04-28 16:27:00,258 - httpx - INFO - HTTP Request: POST https://tapi.bale.ai/bot2029474166:MzkMDmPbKHhF6JT0Dn9AYuq84mnTq20L1wk/getUpdates "HTTP/1.1 200 OK"
2026-04-28 16:27:00,273 - balethon.network.connection - INFO - [getUpdates] JSON{'offset': 23}
2026-04-28 16:27:05,885 - httpx - INFO - HTTP Request: POST https://tapi.bale.ai/bot2029474166:MzkMDmPbKHhF6JT0Dn9AYuq84mnTq20L1wk/getUpdates "HTTP/1.1 200 OK"
2026-04-28 16:27:05,900 - balethon.network.connection - INFO - [getUpdates] JSON{'offset': 23}
2026-04-28 16:27:11,638 - httpx - INFO - HTTP Request: POST https://tapi.bale.ai/bot2029474166:MzkMDmPbKHhF6JT0Dn9AYuq84mnTq20L1wk/getUpdates "HTTP/1.1 200 OK"
2026-04-28 16:27:11,655 - balethon.network.connection - INFO - [getUpdates] JSON{'offset': 23}
2026-04-28 16:27:17,347 - httpx - INFO - HTTP Request: POST https://tapi.bale.ai/bot2029474166:MzkMDmPbKHhF6JT0Dn9AYuq84mnTq20L1wk/getUpdates "HTTP/1.1 200 OK"
2026-04-28 16:27:17,362 - balethon.network.connection - INFO - [getUpdates] JSON{'offset': 23}
2026-04-28 16:27:23,121 - httpx - INFO - HTTP Request: POST https://tapi.bale.ai/bot2029474166:MzkMDmPbKHhF6JT0Dn9AYuq84mnTq20L1wk/getUpdates "HTTP/1.1 200 OK"
2026-04-28 16:27:23,133 - balethon.network.connection - INFO - [getUpdates] JSON{'offset': 23}
2026-04-28 16:27:28,248 - httpx - INFO - HTTP Request: POST https://tapi.bale.ai/bot2029474166:MzkMDmPbKHhF6JT0Dn9AYuq84mnTq20L1wk/getUpdates "HTTP/1.1 200 OK"
2026-04-28 16:27:28,260 - balethon.network.connection - INFO - [getUpdates] JSON{'offset': 23}
2026-04-28 16:27:33,366 - httpx - INFO - HTTP Request: POST https://tapi.bale.ai/bot2029474166:MzkMDmPbKHhF6JT0Dn9AYuq84mnTq20L1wk/getUpdates "HTTP/1.1 200 OK"
2026-04-28 16:27:33,381 - balethon.network.connection - INFO - [getUpdates] JSON{'offset': 23}
2026-04-28 16:27:38,464 - httpx - INFO - HTTP Request: POST https://tapi.bale.ai/bot2029474166:MzkMDmPbKHhF6JT0Dn9AYuq84mnTq20L1wk/getUpdates "HTTP/1.1 200 OK"
2026-04-28 16:27:38,474 - balethon.network.connection - INFO - [getUpdates] JSON{'offset': 23}
2026-04-28 16:27:43,621 - httpx - INFO - HTTP Request: POST https://tapi.bale.ai/bot2029474166:MzkMDmPbKHhF6JT0Dn9AYuq84mnTq20L1wk/getUpdates "HTTP/1.1 200 OK"
2026-04-28 16:27:43,635 - balethon.network.connection - INFO - [getUpdates] JSON{'offset': 23}
2026-04-28 16:27:48,728 - httpx - INFO - HTTP Request: POST https://tapi.bale.ai/bot2029474166:MzkMDmPbKHhF6JT0Dn9AYuq84mnTq20L1wk/getUpdates "HTTP/1.1 200 OK"
2026-04-28 16:27:48,742 - balethon.network.connection - INFO - [getUpdates] JSON{'offset': 23}
2026-04-28 16:27:53,799 - httpx - INFO - HTTP Request: POST https://tapi.bale.ai/bot2029474166:MzkMDmPbKHhF6JT0Dn9AYuq84mnTq20L1wk/getUpdates "HTTP/1.1 200 OK"
2026-04-28 16:27:53,814 - balethon.network.connection - INFO - [getUpdates] JSON{'offset': 23}
2026-04-28 16:27:58,916 - httpx - INFO - HTTP Request: POST https://tapi.bale.ai/bot2029474166:MzkMDmPbKHhF6JT0Dn9AYuq84mnTq20L1wk/getUpdates "HTTP/1.1 200 OK"
2026-04-28 16:27:58,933 - balethon.network.connection - INFO - [getUpdates] JSON{'offset': 23}
2026-04-28 16:28:04,045 - httpx - INFO - HTTP Request: POST https://tapi.bale.ai/bot2029474166:MzkMDmPbKHhF6JT0Dn9AYuq84mnTq20L1wk/getUpdates "HTTP/1.1 200 OK"
2026-04-28 16:28:04,075 - balethon.network.connection - INFO - [getUpdates] JSON{'offset': 23}
2026-04-28 16:28:09,169 - httpx - INFO - HTTP Request: POST https://tapi.bale.ai/bot2029474166:MzkMDmPbKHhF6JT0Dn9AYuq84mnTq20L1wk/getUpdates "HTTP/1.1 200 OK"
2026-04-28 16:28:09,186 - balethon.network.connection - INFO - [getUpdates] JSON{'offset': 23}
2026-04-28 16:28:14,299 - httpx - INFO - HTTP Request: POST https://tapi.bale.ai/bot2029474166:MzkMDmPbKHhF6JT0Dn9AYuq84mnTq20L1wk/getUpdates "HTTP/1.1 200 OK"
2026-04-28 16:28:14,313 - balethon.network.connection - INFO - [getUpdates] JSON{'offset': 23}
2026-04-28 16:28:19,427 - httpx - INFO - HTTP Request: POST https://tapi.bale.ai/bot2029474166:MzkMDmPbKHhF6JT0Dn9AYuq84mnTq20L1wk/getUpdates "HTTP/1.1 200 OK"
2026-04-28 16:28:19,441 - balethon.network.connection - INFO - [getUpdates] JSON{'offset': 23}
2026-04-28 16:28:24,568 - httpx - INFO - HTTP Request: POST https://tapi.bale.ai/bot2029474166:MzkMDmPbKHhF6JT0Dn9AYuq84mnTq20L1wk/getUpdates "HTTP/1.1 200 OK"
2026-04-28 16:28:24,582 - balethon.network.connection - INFO - [getUpdates] JSON{'offset': 23}
2026-04-28 16:28:29,688 - httpx - INFO - HTTP Request: POST https://tapi.bale.ai/bot2029474166:MzkMDmPbKHhF6JT0Dn9AYuq84mnTq20L1wk/getUpdates "HTTP/1.1 200 OK"
2026-04-28 16:28:29,695 - balethon.network.connection - INFO - [getUpdates] JSON{'offset': 23}
2026-04-28 16:28:34,766 - httpx - INFO - HTTP Request: POST https://tapi.bale.ai/bot2029474166:MzkMDmPbKHhF6JT0Dn9AYuq84mnTq20L1wk/getUpdates "HTTP/1.1 200 OK"
2026-04-28 16:28:34,780 - balethon.network.connection - INFO - [getUpdates] JSON{'offset': 23}
2026-04-28 16:28:39,832 - httpx - INFO - HTTP Request: POST https://tapi.bale.ai/bot2029474166:MzkMDmPbKHhF6JT0Dn9AYuq84mnTq20L1wk/getUpdates "HTTP/1.1 200 OK"
2026-04-28 16:28:39,842 - balethon.network.connection - INFO - [getUpdates] JSON{'offset': 23}
2026-04-28 16:28:44,900 - httpx - INFO - HTTP Request: POST https://tapi.bale.ai/bot2029474166:MzkMDmPbKHhF6JT0Dn9AYuq84mnTq20L1wk/getUpdates "HTTP/1.1 200 OK"
2026-04-28 16:28:44,911 - balethon.network.connection - INFO - [getUpdates] JSON{'offset': 23}
2026-04-28 16:28:49,952 - httpx - INFO - HTTP Request: POST https://tapi.bale.ai/bot2029474166:MzkMDmPbKHhF6JT0Dn9AYuq84mnTq20L1wk/getUpdates "HTTP/1.1 200 OK"
2026-04-28 16:28:49,961 - balethon.network.connection - INFO - [getUpdates] JSON{'offset': 23}
2026-04-28 16:28:55,048 - httpx - INFO - HTTP Request: POST https://tapi.bale.ai/bot2029474166:MzkMDmPbKHhF6JT0Dn9AYuq84mnTq20L1wk/getUpdates "HTTP/1.1 200 OK"
2026-04-28 16:28:55,057 - balethon.network.connection - INFO - [getUpdates] JSON{'offset': 23}
2026-04-28 16:29:00,186 - httpx - INFO - HTTP Request: POST https://tapi.bale.ai/bot2029474166:MzkMDmPbKHhF6JT0Dn9AYuq84mnTq20L1wk/getUpdates "HTTP/1.1 200 OK"
2026-04-28 16:29:00,193 - balethon.network.connection - INFO - [getUpdates] JSON{'offset': 23}
2026-04-28 16:29:05,244 - httpx - INFO - HTTP Request: POST https://tapi.bale.ai/bot2029474166:MzkMDmPbKHhF6JT0Dn9AYuq84mnTq20L1wk/getUpdates "HTTP/1.1 200 OK"
2026-04-28 16:29:05,257 - balethon.network.connection - INFO - [getUpdates] JSON{'offset': 23}
2026-04-28 16:29:10,380 - httpx - INFO - HTTP Request: POST https://tapi.bale.ai/bot2029474166:MzkMDmPbKHhF6JT0Dn9AYuq84mnTq20L1wk/getUpdates "HTTP/1.1 200 OK"
2026-04-28 16:29:10,397 - balethon.network.connection - INFO - [getUpdates] JSON{'offset': 23}
2026-04-28 16:29:15,481 - httpx - INFO - HTTP Request: POST https://tapi.bale.ai/bot2029474166:MzkMDmPbKHhF6JT0Dn9AYuq84mnTq20L1wk/getUpdates "HTTP/1.1 200 OK"
2026-04-28 16:29:15,494 - balethon.network.connection - INFO - [getUpdates] JSON{'offset': 23}
2026-04-28 16:29:20,631 - httpx - INFO - HTTP Request: POST https://tapi.bale.ai/bot2029474166:MzkMDmPbKHhF6JT0Dn9AYuq84mnTq20L1wk/getUpdates "HTTP/1.1 200 OK"
2026-04-28 16:29:20,651 - balethon.network.connection - INFO - [getUpdates] JSON{'offset': 23}
2026-04-28 16:29:25,767 - httpx - INFO - HTTP Request: POST https://tapi.bale.ai/bot2029474166:MzkMDmPbKHhF6JT0Dn9AYuq84mnTq20L1wk/getUpdates "HTTP/1.1 200 OK"
2026-04-28 16:29:25,781 - balethon.network.connection - INFO - [getUpdates] JSON{'offset': 23}
2026-04-28 16:29:30,931 - httpx - INFO - HTTP Request: POST https://tapi.bale.ai/bot2029474166:MzkMDmPbKHhF6JT0Dn9AYuq84mnTq20L1wk/getUpdates "HTTP/1.1 200 OK"
2026-04-28 16:29:30,945 - balethon.network.connection - INFO - [getUpdates] JSON{'offset': 23}
2026-04-28 16:29:36,101 - httpx - INFO - HTTP Request: POST https://tapi.bale.ai/bot2029474166:MzkMDmPbKHhF6JT0Dn9AYuq84mnTq20L1wk/getUpdates "HTTP/1.1 200 OK"
2026-04-28 16:29:36,112 - balethon.network.connection - INFO - [getUpdates] JSON{'offset': 23}
2026-04-28 16:29:41,197 - httpx - INFO - HTTP Request: POST https://tapi.bale.ai/bot2029474166:MzkMDmPbKHhF6JT0Dn9AYuq84mnTq20L1wk/getUpdates "HTTP/1.1 200 OK"
2026-04-28 16:29:41,238 - balethon.network.connection - INFO - [getUpdates] JSON{'offset': 23}
2026-04-28 16:29:46,299 - httpx - INFO - HTTP Request: POST https://tapi.bale.ai/bot2029474166:MzkMDmPbKHhF6JT0Dn9AYuq84mnTq20L1wk/getUpdates "HTTP/1.1 200 OK"
2026-04-28 16:29:46,316 - balethon.network.connection - INFO - [getUpdates] JSON{'offset': 23}
2026-04-28 16:29:51,407 - httpx - INFO - HTTP Request: POST https://tapi.bale.ai/bot2029474166:MzkMDmPbKHhF6JT0Dn9AYuq84mnTq20L1wk/getUpdates "HTTP/1.1 200 OK"
2026-04-28 16:29:51,422 - balethon.network.connection - INFO - [getUpdates] JSON{'offset': 23}
2026-04-28 16:29:56,538 - httpx - INFO - HTTP Request: POST https://tapi.bale.ai/bot2029474166:MzkMDmPbKHhF6JT0Dn9AYuq84mnTq20L1wk/getUpdates "HTTP/1.1 200 OK"
2026-04-28 16:29:56,559 - balethon.network.connection - INFO - [getUpdates] JSON{'offset': 23}
2026-04-28 16:30:01,617 - httpx - INFO - HTTP Request: POST https://tapi.bale.ai/bot2029474166:MzkMDmPbKHhF6JT0Dn9AYuq84mnTq20L1wk/getUpdates "HTTP/1.1 200 OK"
2026-04-28 16:30:01,630 - balethon.network.connection - INFO - [getUpdates] JSON{'offset': 23}
2026-04-28 16:30:06,772 - httpx - INFO - HTTP Request: POST https://tapi.bale.ai/bot2029474166:MzkMDmPbKHhF6JT0Dn9AYuq84mnTq20L1wk/getUpdates "HTTP/1.1 200 OK"
2026-04-28 16:30:06,779 - balethon.network.connection - INFO - [getUpdates] JSON{'offset': 23}
2026-04-28 16:30:11,851 - httpx - INFO - HTTP Request: POST https://tapi.bale.ai/bot2029474166:MzkMDmPbKHhF6JT0Dn9AYuq84mnTq20L1wk/getUpdates "HTTP/1.1 200 OK"
2026-04-28 16:30:11,876 - balethon.network.connection - INFO - [getUpdates] JSON{'offset': 23}
2026-04-28 16:30:16,975 - httpx - INFO - HTTP Request: POST https://tapi.bale.ai/bot2029474166:MzkMDmPbKHhF6JT0Dn9AYuq84mnTq20L1wk/getUpdates "HTTP/1.1 200 OK"
2026-04-28 16:30:16,996 - balethon.network.connection - INFO - [getUpdates] JSON{'offset': 23}
2026-04-28 16:30:22,076 - httpx - INFO - HTTP Request: POST https://tapi.bale.ai/bot2029474166:MzkMDmPbKHhF6JT0Dn9AYuq84mnTq20L1wk/getUpdates "HTTP/1.1 200 OK"
2026-04-28 16:30:22,094 - balethon.network.connection - INFO - [getUpdates] JSON{'offset': 23}
2026-04-28 16:30:27,148 - httpx - INFO - HTTP Request: POST https://tapi.bale.ai/bot2029474166:MzkMDmPbKHhF6JT0Dn9AYuq84mnTq20L1wk/getUpdates "HTTP/1.1 200 OK"
2026-04-28 16:30:27,163 - balethon.network.connection - INFO - [getUpdates] JSON{'offset': 23}
2026-04-28 16:30:32,272 - httpx - INFO - HTTP Request: POST https://tapi.bale.ai/bot2029474166:MzkMDmPbKHhF6JT0Dn9AYuq84mnTq20L1wk/getUpdates "HTTP/1.1 200 OK"
2026-04-28 16:30:32,286 - balethon.network.connection - INFO - [getUpdates] JSON{'offset': 23}
2026-04-28 16:30:39,441 - httpx - INFO - HTTP Request: POST https://tapi.bale.ai/bot2029474166:MzkMDmPbKHhF6JT0Dn9AYuq84mnTq20L1wk/getUpdates "HTTP/1.1 200 OK"
2026-04-28 16:30:39,458 - balethon.network.connection - INFO - [getUpdates] JSON{'offset': 23}
2026-04-28 16:30:44,760 - httpx - INFO - HTTP Request: POST https://tapi.bale.ai/bot2029474166:MzkMDmPbKHhF6JT0Dn9AYuq84mnTq20L1wk/getUpdates "HTTP/1.1 200 OK"
2026-04-28 16:30:44,772 - balethon.network.connection - INFO - [getUpdates] JSON{'offset': 23}
2026-04-28 16:30:49,845 - httpx - INFO - HTTP Request: POST https://tapi.bale.ai/bot2029474166:MzkMDmPbKHhF6JT0Dn9AYuq84mnTq20L1wk/getUpdates "HTTP/1.1 200 OK"
2026-04-28 16:30:49,882 - balethon.network.connection - INFO - [getUpdates] JSON{'offset': 23}
2026-04-28 16:30:55,004 - httpx - INFO - HTTP Request: POST https://tapi.bale.ai/bot2029474166:MzkMDmPbKHhF6JT0Dn9AYuq84mnTq20L1wk/getUpdates "HTTP/1.1 200 OK"
2026-04-28 16:30:55,023 - balethon.network.connection - INFO - [getUpdates] JSON{'offset': 23}
2026-04-28 16:31:00,093 - httpx - INFO - HTTP Request: POST https://tapi.bale.ai/bot2029474166:MzkMDmPbKHhF6JT0Dn9AYuq84mnTq20L1wk/getUpdates "HTTP/1.1 200 OK"
2026-04-28 16:31:00,110 - balethon.network.connection - INFO - [getUpdates] JSON{'offset': 23}
2026-04-28 16:31:05,310 - httpx - INFO - HTTP Request: POST https://tapi.bale.ai/bot2029474166:MzkMDmPbKHhF6JT0Dn9AYuq84mnTq20L1wk/getUpdates "HTTP/1.1 200 OK"
2026-04-28 16:31:05,331 - balethon.network.connection - INFO - [getUpdates] JSON{'offset': 23}
2026-04-28 16:31:10,367 - httpx - INFO - HTTP Request: POST https://tapi.bale.ai/bot2029474166:MzkMDmPbKHhF6JT0Dn9AYuq84mnTq20L1wk/getUpdates "HTTP/1.1 200 OK"
2026-04-28 16:31:10,381 - balethon.network.connection - INFO - [getUpdates] JSON{'offset': 23}
2026-04-28 16:31:15,582 - httpx - INFO - HTTP Request: POST https://tapi.bale.ai/bot2029474166:MzkMDmPbKHhF6JT0Dn9AYuq84mnTq20L1wk/getUpdates "HTTP/1.1 200 OK"
2026-04-28 16:31:15,605 - balethon.network.connection - INFO - [getUpdates] JSON{'offset': 23}
2026-04-28 16:31:20,648 - httpx - INFO - HTTP Request: POST https://tapi.bale.ai/bot2029474166:MzkMDmPbKHhF6JT0Dn9AYuq84mnTq20L1wk/getUpdates "HTTP/1.1 200 OK"
2026-04-28 16:31:20,662 - balethon.network.connection - INFO - [getUpdates] JSON{'offset': 23}
2026-04-28 16:31:25,714 - httpx - INFO - HTTP Request: POST https://tapi.bale.ai/bot2029474166:MzkMDmPbKHhF6JT0Dn9AYuq84mnTq20L1wk/getUpdates "HTTP/1.1 200 OK"
2026-04-28 16:31:25,727 - balethon.network.connection - INFO - [getUpdates] JSON{'offset': 23}
2026-04-28 16:31:30,765 - httpx - INFO - HTTP Request: POST https://tapi.bale.ai/bot2029474166:MzkMDmPbKHhF6JT0Dn9AYuq84mnTq20L1wk/getUpdates "HTTP/1.1 200 OK"
2026-04-28 16:31:30,781 - balethon.network.connection - INFO - [getUpdates] JSON{'offset': 23}
2026-04-28 16:31:35,869 - httpx - INFO - HTTP Request: POST https://tapi.bale.ai/bot2029474166:MzkMDmPbKHhF6JT0Dn9AYuq84mnTq20L1wk/getUpdates "HTTP/1.1 200 OK"
2026-04-28 16:31:35,890 - balethon.network.connection - INFO - [getUpdates] JSON{'offset': 23}
2026-04-28 16:31:41,010 - httpx - INFO - HTTP Request: POST https://tapi.bale.ai/bot2029474166:MzkMDmPbKHhF6JT0Dn9AYuq84mnTq20L1wk/getUpdates "HTTP/1.1 200 OK"
2026-04-28 16:31:41,025 - balethon.network.connection - INFO - [getUpdates] JSON{'offset': 23}
2026-04-28 16:31:46,185 - httpx - INFO - HTTP Request: POST https://tapi.bale.ai/bot2029474166:MzkMDmPbKHhF6JT0Dn9AYuq84mnTq20L1wk/getUpdates "HTTP/1.1 200 OK"
2026-04-28 16:31:46,196 - balethon.network.connection - INFO - [getUpdates] JSON{'offset': 23}
2026-04-28 16:31:51,233 - httpx - INFO - HTTP Request: POST https://tapi.bale.ai/bot2029474166:MzkMDmPbKHhF6JT0Dn9AYuq84mnTq20L1wk/getUpdates "HTTP/1.1 200 OK"
2026-04-28 16:31:51,267 - balethon.network.connection - INFO - [getUpdates] JSON{'offset': 23}
2026-04-28 16:31:56,439 - httpx - INFO - HTTP Request: POST https://tapi.bale.ai/bot2029474166:MzkMDmPbKHhF6JT0Dn9AYuq84mnTq20L1wk/getUpdates "HTTP/1.1 200 OK"
2026-04-28 16:31:56,462 - balethon.network.connection - INFO - [getUpdates] JSON{'offset': 23}
2026-04-28 16:32:01,588 - httpx - INFO - HTTP Request: POST https://tapi.bale.ai/bot2029474166:MzkMDmPbKHhF6JT0Dn9AYuq84mnTq20L1wk/getUpdates "HTTP/1.1 200 OK"
2026-04-28 16:32:01,610 - balethon.network.connection - INFO - [getUpdates] JSON{'offset': 23}
2026-04-28 16:32:06,665 - httpx - INFO - HTTP Request: POST https://tapi.bale.ai/bot2029474166:MzkMDmPbKHhF6JT0Dn9AYuq84mnTq20L1wk/getUpdates "HTTP/1.1 200 OK"
2026-04-28 16:32:06,682 - balethon.network.connection - INFO - [getUpdates] JSON{'offset': 23}
2026-04-28 16:32:11,735 - httpx - INFO - HTTP Request: POST https://tapi.bale.ai/bot2029474166:MzkMDmPbKHhF6JT0Dn9AYuq84mnTq20L1wk/getUpdates "HTTP/1.1 200 OK"
2026-04-28 16:32:11,750 - balethon.network.connection - INFO - [getUpdates] JSON{'offset': 23}
2026-04-28 16:32:16,796 - httpx - INFO - HTTP Request: POST https://tapi.bale.ai/bot2029474166:MzkMDmPbKHhF6JT0Dn9AYuq84mnTq20L1wk/getUpdates "HTTP/1.1 200 OK"
2026-04-28 16:32:16,813 - balethon.network.connection - INFO - [getUpdates] JSON{'offset': 23}
2026-04-28 16:32:21,862 - httpx - INFO - HTTP Request: POST https://tapi.bale.ai/bot2029474166:MzkMDmPbKHhF6JT0Dn9AYuq84mnTq20L1wk/getUpdates "HTTP/1.1 200 OK"
2026-04-28 16:32:21,872 - balethon.network.connection - INFO - [getUpdates] JSON{'offset': 23}
2026-04-28 16:32:26,965 - httpx - INFO - HTTP Request: POST https://tapi.bale.ai/bot2029474166:MzkMDmPbKHhF6JT0Dn9AYuq84mnTq20L1wk/getUpdates "HTTP/1.1 200 OK"
2026-04-28 16:32:26,980 - balethon.network.connection - INFO - [getUpdates] JSON{'offset': 23}
2026-04-28 16:32:32,036 - httpx - INFO - HTTP Request: POST https://tapi.bale.ai/bot2029474166:MzkMDmPbKHhF6JT0Dn9AYuq84mnTq20L1wk/getUpdates "HTTP/1.1 200 OK"
2026-04-28 16:32:32,058 - balethon.network.connection - INFO - [getUpdates] JSON{'offset': 23}
2026-04-28 16:32:37,137 - httpx - INFO - HTTP Request: POST https://tapi.bale.ai/bot2029474166:MzkMDmPbKHhF6JT0Dn9AYuq84mnTq20L1wk/getUpdates "HTTP/1.1 200 OK"
2026-04-28 16:32:37,151 - balethon.network.connection - INFO - [getUpdates] JSON{'offset': 23}
2026-04-28 16:32:42,237 - httpx - INFO - HTTP Request: POST https://tapi.bale.ai/bot2029474166:MzkMDmPbKHhF6JT0Dn9AYuq84mnTq20L1wk/getUpdates "HTTP/1.1 200 OK"
2026-04-28 16:32:42,249 - balethon.network.connection - INFO - [getUpdates] JSON{'offset': 23}
2026-04-28 16:32:47,276 - httpx - INFO - HTTP Request: POST https://tapi.bale.ai/bot2029474166:MzkMDmPbKHhF6JT0Dn9AYuq84mnTq20L1wk/getUpdates "HTTP/1.1 200 OK"
2026-04-28 16:32:47,290 - balethon.network.connection - INFO - [getUpdates] JSON{'offset': 23}
2026-04-28 16:32:52,355 - httpx - INFO - HTTP Request: POST https://tapi.bale.ai/bot2029474166:MzkMDmPbKHhF6JT0Dn9AYuq84mnTq20L1wk/getUpdates "HTTP/1.1 200 OK"
2026-04-28 16:32:52,368 - balethon.network.connection - INFO - [getUpdates] JSON{'offset': 23}
2026-04-28 16:32:57,436 - httpx - INFO - HTTP Request: POST https://tapi.bale.ai/bot2029474166:MzkMDmPbKHhF6JT0Dn9AYuq84mnTq20L1wk/getUpdates "HTTP/1.1 200 OK"
2026-04-28 16:32:57,449 - balethon.network.connection - INFO - [getUpdates] JSON{'offset': 23}
2026-04-28 16:33:02,477 - httpx - INFO - HTTP Request: POST https://tapi.bale.ai/bot2029474166:MzkMDmPbKHhF6JT0Dn9AYuq84mnTq20L1wk/getUpdates "HTTP/1.1 200 OK"
2026-04-28 16:33:02,488 - balethon.network.connection - INFO - [getUpdates] JSON{'offset': 23}
2026-04-28 16:33:07,528 - httpx - INFO - HTTP Request: POST https://tapi.bale.ai/bot2029474166:MzkMDmPbKHhF6JT0Dn9AYuq84mnTq20L1wk/getUpdates "HTTP/1.1 200 OK"
2026-04-28 16:33:07,538 - balethon.network.connection - INFO - [getUpdates] JSON{'offset': 23}
2026-04-28 16:33:12,569 - httpx - INFO - HTTP Request: POST https://tapi.bale.ai/bot2029474166:MzkMDmPbKHhF6JT0Dn9AYuq84mnTq20L1wk/getUpdates "HTTP/1.1 200 OK"
2026-04-28 16:33:12,582 - balethon.network.connection - INFO - [getUpdates] JSON{'offset': 23}
2026-04-28 16:33:17,663 - httpx - INFO - HTTP Request: POST https://tapi.bale.ai/bot2029474166:MzkMDmPbKHhF6JT0Dn9AYuq84mnTq20L1wk/getUpdates "HTTP/1.1 200 OK"
2026-04-28 16:33:17,672 - balethon.network.connection - INFO - [getUpdates] JSON{'offset': 23}
2026-04-28 16:33:22,697 - httpx - INFO - HTTP Request: POST https://tapi.bale.ai/bot2029474166:MzkMDmPbKHhF6JT0Dn9AYuq84mnTq20L1wk/getUpdates "HTTP/1.1 200 OK"
2026-04-28 16:33:22,719 - balethon.network.connection - INFO - [getUpdates] JSON{'offset': 23}
2026-04-28 16:33:27,746 - httpx - INFO - HTTP Request: POST https://tapi.bale.ai/bot2029474166:MzkMDmPbKHhF6JT0Dn9AYuq84mnTq20L1wk/getUpdates "HTTP/1.1 200 OK"
2026-04-28 16:33:27,759 - balethon.network.connection - INFO - [getUpdates] JSON{'offset': 23}
2026-04-28 16:33:32,834 - httpx - INFO - HTTP Request: POST https://tapi.bale.ai/bot2029474166:MzkMDmPbKHhF6JT0Dn9AYuq84mnTq20L1wk/getUpdates "HTTP/1.1 200 OK"
2026-04-28 16:33:32,853 - balethon.network.connection - INFO - [getUpdates] JSON{'offset': 23}
2026-04-28 16:33:37,879 - httpx - INFO - HTTP Request: POST https://tapi.bale.ai/bot2029474166:MzkMDmPbKHhF6JT0Dn9AYuq84mnTq20L1wk/getUpdates "HTTP/1.1 200 OK"
2026-04-28 16:33:37,890 - balethon.network.connection - INFO - [getUpdates] JSON{'offset': 23}
2026-04-28 16:33:42,918 - httpx - INFO - HTTP Request: POST https://tapi.bale.ai/bot2029474166:MzkMDmPbKHhF6JT0Dn9AYuq84mnTq20L1wk/getUpdates "HTTP/1.1 200 OK"
2026-04-28 16:33:42,934 - balethon.network.connection - INFO - [getUpdates] JSON{'offset': 23}
2026-04-28 16:33:47,954 - httpx - INFO - HTTP Request: POST https://tapi.bale.ai/bot2029474166:MzkMDmPbKHhF6JT0Dn9AYuq84mnTq20L1wk/getUpdates "HTTP/1.1 200 OK"
2026-04-28 16:33:47,972 - balethon.network.connection - INFO - [getUpdates] JSON{'offset': 23}
2026-04-28 16:33:53,037 - httpx - INFO - HTTP Request: POST https://tapi.bale.ai/bot2029474166:MzkMDmPbKHhF6JT0Dn9AYuq84mnTq20L1wk/getUpdates "HTTP/1.1 200 OK"
2026-04-28 16:33:53,045 - balethon.network.connection - INFO - [getUpdates] JSON{'offset': 23}
2026-04-28 16:33:58,071 - httpx - INFO - HTTP Request: POST https://tapi.bale.ai/bot2029474166:MzkMDmPbKHhF6JT0Dn9AYuq84mnTq20L1wk/getUpdates "HTTP/1.1 200 OK"
2026-04-28 16:33:58,085 - balethon.network.connection - INFO - [getUpdates] JSON{'offset': 23}
2026-04-28 16:34:03,121 - httpx - INFO - HTTP Request: POST https://tapi.bale.ai/bot2029474166:MzkMDmPbKHhF6JT0Dn9AYuq84mnTq20L1wk/getUpdates "HTTP/1.1 200 OK"
2026-04-28 16:34:03,134 - balethon.network.connection - INFO - [getUpdates] JSON{'offset': 23}
2026-04-28 16:34:08,161 - httpx - INFO - HTTP Request: POST https://tapi.bale.ai/bot2029474166:MzkMDmPbKHhF6JT0Dn9AYuq84mnTq20L1wk/getUpdates "HTTP/1.1 200 OK"
2026-04-28 16:34:08,171 - balethon.network.connection - INFO - [getUpdates] JSON{'offset': 23}
2026-04-28 16:34:13,197 - httpx - INFO - HTTP Request: POST https://tapi.bale.ai/bot2029474166:MzkMDmPbKHhF6JT0Dn9AYuq84mnTq20L1wk/getUpdates "HTTP/1.1 200 OK"
2026-04-28 16:34:13,216 - balethon.network.connection - INFO - [getUpdates] JSON{'offset': 23}
2026-04-28 16:34:18,243 - httpx - INFO - HTTP Request: POST https://tapi.bale.ai/bot2029474166:MzkMDmPbKHhF6JT0Dn9AYuq84mnTq20L1wk/getUpdates "HTTP/1.1 200 OK"
2026-04-28 16:34:18,262 - balethon.network.connection - INFO - [getUpdates] JSON{'offset': 23}
2026-04-28 16:34:23,286 - httpx - INFO - HTTP Request: POST https://tapi.bale.ai/bot2029474166:MzkMDmPbKHhF6JT0Dn9AYuq84mnTq20L1wk/getUpdates "HTTP/1.1 200 OK"
2026-04-28 16:34:23,310 - balethon.network.connection - INFO - [getUpdates] JSON{'offset': 23}
2026-04-28 16:34:28,335 - httpx - INFO - HTTP Request: POST https://tapi.bale.ai/bot2029474166:MzkMDmPbKHhF6JT0Dn9AYuq84mnTq20L1wk/getUpdates "HTTP/1.1 200 OK"
2026-04-28 16:34:28,348 - balethon.network.connection - INFO - [getUpdates] JSON{'offset': 23}
2026-04-28 16:34:33,384 - httpx - INFO - HTTP Request: POST https://tapi.bale.ai/bot2029474166:MzkMDmPbKHhF6JT0Dn9AYuq84mnTq20L1wk/getUpdates "HTTP/1.1 200 OK"
2026-04-28 16:34:33,396 - balethon.network.connection - INFO - [getUpdates] JSON{'offset': 23}
2026-04-28 16:34:38,437 - httpx - INFO - HTTP Request: POST https://tapi.bale.ai/bot2029474166:MzkMDmPbKHhF6JT0Dn9AYuq84mnTq20L1wk/getUpdates "HTTP/1.1 200 OK"
2026-04-28 16:34:38,441 - balethon.network.connection - INFO - [getUpdates] JSON{'offset': 23}
2026-04-28 16:34:43,465 - httpx - INFO - HTTP Request: POST https://tapi.bale.ai/bot2029474166:MzkMDmPbKHhF6JT0Dn9AYuq84mnTq20L1wk/getUpdates "HTTP/1.1 200 OK"
2026-04-28 16:34:43,482 - balethon.network.connection - INFO - [getUpdates] JSON{'offset': 23}
2026-04-28 16:34:48,532 - httpx - INFO - HTTP Request: POST https://tapi.bale.ai/bot2029474166:MzkMDmPbKHhF6JT0Dn9AYuq84mnTq20L1wk/getUpdates "HTTP/1.1 200 OK"
2026-04-28 16:34:48,542 - balethon.network.connection - INFO - [getUpdates] JSON{'offset': 23}
2026-04-28 16:34:53,569 - httpx - INFO - HTTP Request: POST https://tapi.bale.ai/bot2029474166:MzkMDmPbKHhF6JT0Dn9AYuq84mnTq20L1wk/getUpdates "HTTP/1.1 200 OK"
2026-04-28 16:34:53,583 - balethon.network.connection - INFO - [getUpdates] JSON{'offset': 23}
2026-04-28 16:34:58,613 - httpx - INFO - HTTP Request: POST https://tapi.bale.ai/bot2029474166:MzkMDmPbKHhF6JT0Dn9AYuq84mnTq20L1wk/getUpdates "HTTP/1.1 200 OK"
2026-04-28 16:34:58,631 - balethon.network.connection - INFO - [getUpdates] JSON{'offset': 23}
2026-04-28 16:35:03,675 - httpx - INFO - HTTP Request: POST https://tapi.bale.ai/bot2029474166:MzkMDmPbKHhF6JT0Dn9AYuq84mnTq20L1wk/getUpdates "HTTP/1.1 200 OK"
2026-04-28 16:35:03,697 - balethon.network.connection - INFO - [getUpdates] JSON{'offset': 23}
2026-04-28 16:35:08,728 - httpx - INFO - HTTP Request: POST https://tapi.bale.ai/bot2029474166:MzkMDmPbKHhF6JT0Dn9AYuq84mnTq20L1wk/getUpdates "HTTP/1.1 200 OK"
2026-04-28 16:35:08,738 - balethon.network.connection - INFO - [getUpdates] JSON{'offset': 23}
2026-04-28 16:35:13,770 - httpx - INFO - HTTP Request: POST https://tapi.bale.ai/bot2029474166:MzkMDmPbKHhF6JT0Dn9AYuq84mnTq20L1wk/getUpdates "HTTP/1.1 200 OK"
2026-04-28 16:35:13,783 - balethon.network.connection - INFO - [getUpdates] JSON{'offset': 23}
2026-04-28 16:35:18,815 - httpx - INFO - HTTP Request: POST https://tapi.bale.ai/bot2029474166:MzkMDmPbKHhF6JT0Dn9AYuq84mnTq20L1wk/getUpdates "HTTP/1.1 200 OK"
2026-04-28 16:35:18,832 - balethon.network.connection - INFO - [getUpdates] JSON{'offset': 23}
2026-04-28 16:35:23,856 - httpx - INFO - HTTP Request: POST https://tapi.bale.ai/bot2029474166:MzkMDmPbKHhF6JT0Dn9AYuq84mnTq20L1wk/getUpdates "HTTP/1.1 200 OK"
2026-04-28 16:35:23,876 - balethon.network.connection - INFO - [getUpdates] JSON{'offset': 23}
2026-04-28 16:35:28,900 - httpx - INFO - HTTP Request: POST https://tapi.bale.ai/bot2029474166:MzkMDmPbKHhF6JT0Dn9AYuq84mnTq20L1wk/getUpdates "HTTP/1.1 200 OK"
2026-04-28 16:35:28,911 - balethon.network.connection - INFO - [getUpdates] JSON{'offset': 23}
2026-04-28 16:35:33,941 - httpx - INFO - HTTP Request: POST https://tapi.bale.ai/bot2029474166:MzkMDmPbKHhF6JT0Dn9AYuq84mnTq20L1wk/getUpdates "HTTP/1.1 200 OK"
2026-04-28 16:35:33,956 - balethon.network.connection - INFO - [getUpdates] JSON{'offset': 23}
2026-04-28 16:35:39,694 - httpx - INFO - HTTP Request: POST https://tapi.bale.ai/bot2029474166:MzkMDmPbKHhF6JT0Dn9AYuq84mnTq20L1wk/getUpdates "HTTP/1.1 200 OK"
2026-04-28 16:35:39,720 - balethon.network.connection - INFO - [getUpdates] JSON{'offset': 23}
2026-04-28 16:35:44,741 - httpx - INFO - HTTP Request: POST https://tapi.bale.ai/bot2029474166:MzkMDmPbKHhF6JT0Dn9AYuq84mnTq20L1wk/getUpdates "HTTP/1.1 200 OK"
2026-04-28 16:35:44,756 - balethon.network.connection - INFO - [getUpdates] JSON{'offset': 23}
2026-04-28 16:35:49,834 - httpx - INFO - HTTP Request: POST https://tapi.bale.ai/bot2029474166:MzkMDmPbKHhF6JT0Dn9AYuq84mnTq20L1wk/getUpdates "HTTP/1.1 200 OK"
2026-04-28 16:35:49,859 - balethon.network.connection - INFO - [getUpdates] JSON{'offset': 23}
2026-04-28 16:35:54,885 - httpx - INFO - HTTP Request: POST https://tapi.bale.ai/bot2029474166:MzkMDmPbKHhF6JT0Dn9AYuq84mnTq20L1wk/getUpdates "HTTP/1.1 200 OK"
2026-04-28 16:35:54,900 - balethon.network.connection - INFO - [getUpdates] JSON{'offset': 23}
2026-04-28 16:35:59,960 - httpx - INFO - HTTP Request: POST https://tapi.bale.ai/bot2029474166:MzkMDmPbKHhF6JT0Dn9AYuq84mnTq20L1wk/getUpdates "HTTP/1.1 200 OK"
2026-04-28 16:35:59,973 - balethon.network.connection - INFO - [getUpdates] JSON{'offset': 23}
2026-04-28 16:36:05,040 - httpx - INFO - HTTP Request: POST https://tapi.bale.ai/bot2029474166:MzkMDmPbKHhF6JT0Dn9AYuq84mnTq20L1wk/getUpdates "HTTP/1.1 200 OK"
2026-04-28 16:36:05,060 - balethon.network.connection - INFO - [getUpdates] JSON{'offset': 23}
2026-04-28 16:36:10,080 - httpx - INFO - HTTP Request: POST https://tapi.bale.ai/bot2029474166:MzkMDmPbKHhF6JT0Dn9AYuq84mnTq20L1wk/getUpdates "HTTP/1.1 200 OK"
2026-04-28 16:36:10,096 - balethon.network.connection - INFO - [getUpdates] JSON{'offset': 23}
2026-04-28 16:36:15,134 - httpx - INFO - HTTP Request: POST https://tapi.bale.ai/bot2029474166:MzkMDmPbKHhF6JT0Dn9AYuq84mnTq20L1wk/getUpdates "HTTP/1.1 200 OK"
2026-04-28 16:36:15,147 - balethon.network.connection - INFO - [getUpdates] JSON{'offset': 23}
2026-04-28 16:36:20,177 - httpx - INFO - HTTP Request: POST https://tapi.bale.ai/bot2029474166:MzkMDmPbKHhF6JT0Dn9AYuq84mnTq20L1wk/getUpdates "HTTP/1.1 200 OK"
2026-04-28 16:36:20,187 - balethon.network.connection - INFO - [getUpdates] JSON{'offset': 23}
2026-04-28 16:36:25,220 - httpx - INFO - HTTP Request: POST https://tapi.bale.ai/bot2029474166:MzkMDmPbKHhF6JT0Dn9AYuq84mnTq20L1wk/getUpdates "HTTP/1.1 200 OK"
2026-04-28 16:36:25,233 - balethon.network.connection - INFO - [getUpdates] JSON{'offset': 23}
2026-04-28 16:36:30,264 - httpx - INFO - HTTP Request: POST https://tapi.bale.ai/bot2029474166:MzkMDmPbKHhF6JT0Dn9AYuq84mnTq20L1wk/getUpdates "HTTP/1.1 200 OK"
2026-04-28 16:36:30,281 - balethon.network.connection - INFO - [getUpdates] JSON{'offset': 23}
2026-04-28 16:36:35,326 - httpx - INFO - HTTP Request: POST https://tapi.bale.ai/bot2029474166:MzkMDmPbKHhF6JT0Dn9AYuq84mnTq20L1wk/getUpdates "HTTP/1.1 200 OK"
2026-04-28 16:36:35,343 - balethon.network.connection - INFO - [getUpdates] JSON{'offset': 23}
2026-04-28 16:36:40,434 - httpx - INFO - HTTP Request: POST https://tapi.bale.ai/bot2029474166:MzkMDmPbKHhF6JT0Dn9AYuq84mnTq20L1wk/getUpdates "HTTP/1.1 200 OK"
2026-04-28 16:36:40,448 - balethon.network.connection - INFO - [getUpdates] JSON{'offset': 23}
2026-04-28 16:36:45,481 - httpx - INFO - HTTP Request: POST https://tapi.bale.ai/bot2029474166:MzkMDmPbKHhF6JT0Dn9AYuq84mnTq20L1wk/getUpdates "HTTP/1.1 200 OK"
2026-04-28 16:36:45,498 - balethon.network.connection - INFO - [getUpdates] JSON{'offset': 23}
2026-04-28 16:36:50,572 - httpx - INFO - HTTP Request: POST https://tapi.bale.ai/bot2029474166:MzkMDmPbKHhF6JT0Dn9AYuq84mnTq20L1wk/getUpdates "HTTP/1.1 200 OK"
2026-04-28 16:36:50,590 - balethon.network.connection - INFO - [getUpdates] JSON{'offset': 23}
2026-04-28 16:36:55,642 - httpx - INFO - HTTP Request: POST https://tapi.bale.ai/bot2029474166:MzkMDmPbKHhF6JT0Dn9AYuq84mnTq20L1wk/getUpdates "HTTP/1.1 200 OK"
2026-04-28 16:36:55,656 - balethon.network.connection - INFO - [getUpdates] JSON{'offset': 23}
2026-04-28 16:37:00,689 - httpx - INFO - HTTP Request: POST https://tapi.bale.ai/bot2029474166:MzkMDmPbKHhF6JT0Dn9AYuq84mnTq20L1wk/getUpdates "HTTP/1.1 200 OK"
2026-04-28 16:37:00,706 - balethon.network.connection - INFO - [getUpdates] JSON{'offset': 23}
2026-04-28 16:37:05,765 - httpx - INFO - HTTP Request: POST https://tapi.bale.ai/bot2029474166:MzkMDmPbKHhF6JT0Dn9AYuq84mnTq20L1wk/getUpdates "HTTP/1.1 200 OK"
2026-04-28 16:37:05,772 - balethon.network.connection - INFO - [getUpdates] JSON{'offset': 23}
2026-04-28 16:37:10,840 - httpx - INFO - HTTP Request: POST https://tapi.bale.ai/bot2029474166:MzkMDmPbKHhF6JT0Dn9AYuq84mnTq20L1wk/getUpdates "HTTP/1.1 200 OK"
2026-04-28 16:37:10,863 - balethon.network.connection - INFO - [getUpdates] JSON{'offset': 23}
2026-04-28 16:37:15,885 - httpx - INFO - HTTP Request: POST https://tapi.bale.ai/bot2029474166:MzkMDmPbKHhF6JT0Dn9AYuq84mnTq20L1wk/getUpdates "HTTP/1.1 200 OK"
2026-04-28 16:37:15,903 - balethon.network.connection - INFO - [getUpdates] JSON{'offset': 23}
2026-04-28 16:37:20,953 - httpx - INFO - HTTP Request: POST https://tapi.bale.ai/bot2029474166:MzkMDmPbKHhF6JT0Dn9AYuq84mnTq20L1wk/getUpdates "HTTP/1.1 200 OK"
2026-04-28 16:37:20,968 - balethon.network.connection - INFO - [getUpdates] JSON{'offset': 23}
2026-04-28 16:37:26,004 - httpx - INFO - HTTP Request: POST https://tapi.bale.ai/bot2029474166:MzkMDmPbKHhF6JT0Dn9AYuq84mnTq20L1wk/getUpdates "HTTP/1.1 200 OK"
2026-04-28 16:37:26,024 - balethon.network.connection - INFO - [getUpdates] JSON{'offset': 23}
2026-04-28 16:37:31,056 - httpx - INFO - HTTP Request: POST https://tapi.bale.ai/bot2029474166:MzkMDmPbKHhF6JT0Dn9AYuq84mnTq20L1wk/getUpdates "HTTP/1.1 200 OK"
2026-04-28 16:37:31,072 - balethon.network.connection - INFO - [getUpdates] JSON{'offset': 23}
2026-04-28 16:37:36,125 - httpx - INFO - HTTP Request: POST https://tapi.bale.ai/bot2029474166:MzkMDmPbKHhF6JT0Dn9AYuq84mnTq20L1wk/getUpdates "HTTP/1.1 200 OK"
2026-04-28 16:37:36,136 - balethon.network.connection - INFO - [getUpdates] JSON{'offset': 23}
2026-04-28 16:37:41,159 - httpx - INFO - HTTP Request: POST https://tapi.bale.ai/bot2029474166:MzkMDmPbKHhF6JT0Dn9AYuq84mnTq20L1wk/getUpdates "HTTP/1.1 200 OK"
2026-04-28 16:37:41,180 - balethon.network.connection - INFO - [getUpdates] JSON{'offset': 23}
2026-04-28 16:37:46,235 - httpx - INFO - HTTP Request: POST https://tapi.bale.ai/bot2029474166:MzkMDmPbKHhF6JT0Dn9AYuq84mnTq20L1wk/getUpdates "HTTP/1.1 200 OK"
2026-04-28 16:37:46,246 - balethon.network.connection - INFO - [getUpdates] JSON{'offset': 23}
2026-04-28 16:37:51,266 - httpx - INFO - HTTP Request: POST https://tapi.bale.ai/bot2029474166:MzkMDmPbKHhF6JT0Dn9AYuq84mnTq20L1wk/getUpdates "HTTP/1.1 200 OK"
2026-04-28 16:37:51,276 - balethon.network.connection - INFO - [getUpdates] JSON{'offset': 23}
2026-04-28 16:37:56,330 - httpx - INFO - HTTP Request: POST https://tapi.bale.ai/bot2029474166:MzkMDmPbKHhF6JT0Dn9AYuq84mnTq20L1wk/getUpdates "HTTP/1.1 200 OK"
2026-04-28 16:37:56,349 - balethon.network.connection - INFO - [getUpdates] JSON{'offset': 23}
2026-04-28 16:38:01,378 - httpx - INFO - HTTP Request: POST https://tapi.bale.ai/bot2029474166:MzkMDmPbKHhF6JT0Dn9AYuq84mnTq20L1wk/getUpdates "HTTP/1.1 200 OK"
2026-04-28 16:38:01,394 - balethon.network.connection - INFO - [getUpdates] JSON{'offset': 23}
2026-04-28 16:38:06,420 - httpx - INFO - HTTP Request: POST https://tapi.bale.ai/bot2029474166:MzkMDmPbKHhF6JT0Dn9AYuq84mnTq20L1wk/getUpdates "HTTP/1.1 200 OK"
2026-04-28 16:38:06,442 - balethon.network.connection - INFO - [getUpdates] JSON{'offset': 23}
2026-04-28 16:38:11,470 - httpx - INFO - HTTP Request: POST https://tapi.bale.ai/bot2029474166:MzkMDmPbKHhF6JT0Dn9AYuq84mnTq20L1wk/getUpdates "HTTP/1.1 200 OK"
2026-04-28 16:38:11,484 - balethon.network.connection - INFO - [getUpdates] JSON{'offset': 23}
2026-04-28 16:38:16,510 - httpx - INFO - HTTP Request: POST https://tapi.bale.ai/bot2029474166:MzkMDmPbKHhF6JT0Dn9AYuq84mnTq20L1wk/getUpdates "HTTP/1.1 200 OK"
2026-04-28 16:38:16,525 - balethon.network.connection - INFO - [getUpdates] JSON{'offset': 23}
2026-04-28 16:38:21,552 - httpx - INFO - HTTP Request: POST https://tapi.bale.ai/bot2029474166:MzkMDmPbKHhF6JT0Dn9AYuq84mnTq20L1wk/getUpdates "HTTP/1.1 200 OK"
2026-04-28 16:38:21,570 - balethon.network.connection - INFO - [getUpdates] JSON{'offset': 23}
2026-04-28 16:38:26,609 - httpx - INFO - HTTP Request: POST https://tapi.bale.ai/bot2029474166:MzkMDmPbKHhF6JT0Dn9AYuq84mnTq20L1wk/getUpdates "HTTP/1.1 200 OK"
2026-04-28 16:38:26,626 - balethon.network.connection - INFO - [getUpdates] JSON{'offset': 23}
2026-04-28 16:38:31,647 - httpx - INFO - HTTP Request: POST https://tapi.bale.ai/bot2029474166:MzkMDmPbKHhF6JT0Dn9AYuq84mnTq20L1wk/getUpdates "HTTP/1.1 200 OK"
2026-04-28 16:38:31,662 - balethon.network.connection - INFO - [getUpdates] JSON{'offset': 23}
2026-04-28 16:38:36,740 - httpx - INFO - HTTP Request: POST https://tapi.bale.ai/bot2029474166:MzkMDmPbKHhF6JT0Dn9AYuq84mnTq20L1wk/getUpdates "HTTP/1.1 200 OK"
2026-04-28 16:38:36,761 - balethon.network.connection - INFO - [getUpdates] JSON{'offset': 23}
2026-04-28 16:38:41,781 - httpx - INFO - HTTP Request: POST https://tapi.bale.ai/bot2029474166:MzkMDmPbKHhF6JT0Dn9AYuq84mnTq20L1wk/getUpdates "HTTP/1.1 200 OK"
2026-04-28 16:38:41,799 - balethon.network.connection - INFO - [getUpdates] JSON{'offset': 23}
2026-04-28 16:38:46,848 - httpx - INFO - HTTP Request: POST https://tapi.bale.ai/bot2029474166:MzkMDmPbKHhF6JT0Dn9AYuq84mnTq20L1wk/getUpdates "HTTP/1.1 200 OK"
2026-04-28 16:38:46,861 - balethon.network.connection - INFO - [getUpdates] JSON{'offset': 23}
2026-04-28 16:38:51,885 - httpx - INFO - HTTP Request: POST https://tapi.bale.ai/bot2029474166:MzkMDmPbKHhF6JT0Dn9AYuq84mnTq20L1wk/getUpdates "HTTP/1.1 200 OK"
2026-04-28 16:38:51,898 - balethon.network.connection - INFO - [getUpdates] JSON{'offset': 23}
2026-04-28 16:38:56,925 - httpx - INFO - HTTP Request: POST https://tapi.bale.ai/bot2029474166:MzkMDmPbKHhF6JT0Dn9AYuq84mnTq20L1wk/getUpdates "HTTP/1.1 200 OK"
2026-04-28 16:38:56,935 - balethon.network.connection - INFO - [getUpdates] JSON{'offset': 23}
2026-04-28 16:39:01,972 - httpx - INFO - HTTP Request: POST https://tapi.bale.ai/bot2029474166:MzkMDmPbKHhF6JT0Dn9AYuq84mnTq20L1wk/getUpdates "HTTP/1.1 200 OK"
2026-04-28 16:39:01,984 - balethon.network.connection - INFO - [getUpdates] JSON{'offset': 23}
2026-04-28 16:39:07,067 - httpx - INFO - HTTP Request: POST https://tapi.bale.ai/bot2029474166:MzkMDmPbKHhF6JT0Dn9AYuq84mnTq20L1wk/getUpdates "HTTP/1.1 200 OK"
2026-04-28 16:39:07,080 - balethon.network.connection - INFO - [getUpdates] JSON{'offset': 23}
2026-04-28 16:39:12,109 - httpx - INFO - HTTP Request: POST https://tapi.bale.ai/bot2029474166:MzkMDmPbKHhF6JT0Dn9AYuq84mnTq20L1wk/getUpdates "HTTP/1.1 200 OK"
2026-04-28 16:39:12,122 - balethon.network.connection - INFO - [getUpdates] JSON{'offset': 23}
2026-04-28 16:39:17,146 - httpx - INFO - HTTP Request: POST https://tapi.bale.ai/bot2029474166:MzkMDmPbKHhF6JT0Dn9AYuq84mnTq20L1wk/getUpdates "HTTP/1.1 200 OK"
2026-04-28 16:39:17,159 - balethon.network.connection - INFO - [getUpdates] JSON{'offset': 23}
2026-04-28 16:39:22,187 - httpx - INFO - HTTP Request: POST https://tapi.bale.ai/bot2029474166:MzkMDmPbKHhF6JT0Dn9AYuq84mnTq20L1wk/getUpdates "HTTP/1.1 200 OK"
2026-04-28 16:39:22,191 - balethon.network.connection - INFO - [getUpdates] JSON{'offset': 23}
2026-04-28 16:39:27,206 - httpx - INFO - HTTP Request: POST https://tapi.bale.ai/bot2029474166:MzkMDmPbKHhF6JT0Dn9AYuq84mnTq20L1wk/getUpdates "HTTP/1.1 200 OK"
2026-04-28 16:39:27,213 - balethon.network.connection - INFO - [getUpdates] JSON{'offset': 23}
2026-04-28 16:39:32,276 - httpx - INFO - HTTP Request: POST https://tapi.bale.ai/bot2029474166:MzkMDmPbKHhF6JT0Dn9AYuq84mnTq20L1wk/getUpdates "HTTP/1.1 200 OK"
2026-04-28 16:39:32,292 - balethon.network.connection - INFO - [getUpdates] JSON{'offset': 23}
2026-04-28 16:39:37,365 - httpx - INFO - HTTP Request: POST https://tapi.bale.ai/bot2029474166:MzkMDmPbKHhF6JT0Dn9AYuq84mnTq20L1wk/getUpdates "HTTP/1.1 200 OK"
2026-04-28 16:39:37,373 - balethon.network.connection - INFO - [getUpdates] JSON{'offset': 23}
2026-04-28 16:39:42,405 - httpx - INFO - HTTP Request: POST https://tapi.bale.ai/bot2029474166:MzkMDmPbKHhF6JT0Dn9AYuq84mnTq20L1wk/getUpdates "HTTP/1.1 200 OK"
2026-04-28 16:39:42,420 - balethon.network.connection - INFO - [getUpdates] JSON{'offset': 23}
2026-04-28 16:39:47,467 - httpx - INFO - HTTP Request: POST https://tapi.bale.ai/bot2029474166:MzkMDmPbKHhF6JT0Dn9AYuq84mnTq20L1wk/getUpdates "HTTP/1.1 200 OK"
2026-04-28 16:39:47,487 - balethon.network.connection - INFO - [getUpdates] JSON{'offset': 23}
2026-04-28 16:39:52,547 - httpx - INFO - HTTP Request: POST https://tapi.bale.ai/bot2029474166:MzkMDmPbKHhF6JT0Dn9AYuq84mnTq20L1wk/getUpdates "HTTP/1.1 200 OK"
2026-04-28 16:39:52,555 - balethon.network.connection - INFO - [getUpdates] JSON{'offset': 23}
2026-04-28 16:39:57,580 - httpx - INFO - HTTP Request: POST https://tapi.bale.ai/bot2029474166:MzkMDmPbKHhF6JT0Dn9AYuq84mnTq20L1wk/getUpdates "HTTP/1.1 200 OK"
2026-04-28 16:39:57,585 - balethon.network.connection - INFO - [getUpdates] JSON{'offset': 23}
2026-04-28 16:40:02,602 - httpx - INFO - HTTP Request: POST https://tapi.bale.ai/bot2029474166:MzkMDmPbKHhF6JT0Dn9AYuq84mnTq20L1wk/getUpdates "HTTP/1.1 200 OK"
2026-04-28 16:40:02,610 - balethon.network.connection - INFO - [getUpdates] JSON{'offset': 23}
2026-04-28 16:40:07,637 - httpx - INFO - HTTP Request: POST https://tapi.bale.ai/bot2029474166:MzkMDmPbKHhF6JT0Dn9AYuq84mnTq20L1wk/getUpdates "HTTP/1.1 200 OK"
2026-04-28 16:40:07,642 - balethon.network.connection - INFO - [getUpdates] JSON{'offset': 23}
2026-04-28 16:40:12,656 - httpx - INFO - HTTP Request: POST https://tapi.bale.ai/bot2029474166:MzkMDmPbKHhF6JT0Dn9AYuq84mnTq20L1wk/getUpdates "HTTP/1.1 200 OK"
2026-04-28 16:40:12,663 - balethon.network.connection - INFO - [getUpdates] JSON{'offset': 23}
2026-04-28 16:40:17,684 - httpx - INFO - HTTP Request: POST https://tapi.bale.ai/bot2029474166:MzkMDmPbKHhF6JT0Dn9AYuq84mnTq20L1wk/getUpdates "HTTP/1.1 200 OK"
2026-04-28 16:40:17,690 - balethon.network.connection - INFO - [getUpdates] JSON{'offset': 23}
2026-04-28 16:40:22,715 - httpx - INFO - HTTP Request: POST https://tapi.bale.ai/bot2029474166:MzkMDmPbKHhF6JT0Dn9AYuq84mnTq20L1wk/getUpdates "HTTP/1.1 200 OK"
2026-04-28 16:40:22,725 - balethon.network.connection - INFO - [getUpdates] JSON{'offset': 23}
2026-04-28 16:40:27,753 - httpx - INFO - HTTP Request: POST https://tapi.bale.ai/bot2029474166:MzkMDmPbKHhF6JT0Dn9AYuq84mnTq20L1wk/getUpdates "HTTP/1.1 200 OK"
2026-04-28 16:40:27,769 - balethon.network.connection - INFO - [getUpdates] JSON{'offset': 23}
2026-04-28 16:40:32,839 - httpx - INFO - HTTP Request: POST https://tapi.bale.ai/bot2029474166:MzkMDmPbKHhF6JT0Dn9AYuq84mnTq20L1wk/getUpdates "HTTP/1.1 200 OK"
2026-04-28 16:40:32,852 - balethon.network.connection - INFO - [getUpdates] JSON{'offset': 23}
2026-04-28 16:40:37,938 - httpx - INFO - HTTP Request: POST https://tapi.bale.ai/bot2029474166:MzkMDmPbKHhF6JT0Dn9AYuq84mnTq20L1wk/getUpdates "HTTP/1.1 200 OK"
2026-04-28 16:40:37,952 - balethon.network.connection - INFO - [getUpdates] JSON{'offset': 23}
2026-04-28 16:40:42,983 - httpx - INFO - HTTP Request: POST https://tapi.bale.ai/bot2029474166:MzkMDmPbKHhF6JT0Dn9AYuq84mnTq20L1wk/getUpdates "HTTP/1.1 200 OK"
2026-04-28 16:40:42,994 - balethon.network.connection - INFO - [getUpdates] JSON{'offset': 23}
2026-04-28 16:40:48,018 - httpx - INFO - HTTP Request: POST https://tapi.bale.ai/bot2029474166:MzkMDmPbKHhF6JT0Dn9AYuq84mnTq20L1wk/getUpdates "HTTP/1.1 200 OK"
2026-04-28 16:40:48,031 - balethon.network.connection - INFO - [getUpdates] JSON{'offset': 23}
2026-04-28 16:40:53,062 - httpx - INFO - HTTP Request: POST https://tapi.bale.ai/bot2029474166:MzkMDmPbKHhF6JT0Dn9AYuq84mnTq20L1wk/getUpdates "HTTP/1.1 200 OK"
2026-04-28 16:40:53,076 - balethon.network.connection - INFO - [getUpdates] JSON{'offset': 23}
2026-04-28 16:40:58,097 - httpx - INFO - HTTP Request: POST https://tapi.bale.ai/bot2029474166:MzkMDmPbKHhF6JT0Dn9AYuq84mnTq20L1wk/getUpdates "HTTP/1.1 200 OK"
2026-04-28 16:40:58,110 - balethon.network.connection - INFO - [getUpdates] JSON{'offset': 23}
2026-04-28 16:41:03,138 - httpx - INFO - HTTP Request: POST https://tapi.bale.ai/bot2029474166:MzkMDmPbKHhF6JT0Dn9AYuq84mnTq20L1wk/getUpdates "HTTP/1.1 200 OK"
2026-04-28 16:41:03,156 - balethon.network.connection - INFO - [getUpdates] JSON{'offset': 23}
2026-04-28 16:41:08,180 - httpx - INFO - HTTP Request: POST https://tapi.bale.ai/bot2029474166:MzkMDmPbKHhF6JT0Dn9AYuq84mnTq20L1wk/getUpdates "HTTP/1.1 200 OK"
2026-04-28 16:41:08,188 - balethon.network.connection - INFO - [getUpdates] JSON{'offset': 23}
2026-04-28 16:41:13,210 - httpx - INFO - HTTP Request: POST https://tapi.bale.ai/bot2029474166:MzkMDmPbKHhF6JT0Dn9AYuq84mnTq20L1wk/getUpdates "HTTP/1.1 200 OK"
2026-04-28 16:41:13,223 - balethon.network.connection - INFO - [getUpdates] JSON{'offset': 23}
2026-04-28 16:41:18,268 - httpx - INFO - HTTP Request: POST https://tapi.bale.ai/bot2029474166:MzkMDmPbKHhF6JT0Dn9AYuq84mnTq20L1wk/getUpdates "HTTP/1.1 200 OK"
2026-04-28 16:41:18,277 - balethon.network.connection - INFO - [getUpdates] JSON{'offset': 23}
2026-04-28 16:41:23,342 - httpx - INFO - HTTP Request: POST https://tapi.bale.ai/bot2029474166:MzkMDmPbKHhF6JT0Dn9AYuq84mnTq20L1wk/getUpdates "HTTP/1.1 200 OK"
2026-04-28 16:41:23,354 - balethon.network.connection - INFO - [getUpdates] JSON{'offset': 23}
2026-04-28 16:41:28,379 - httpx - INFO - HTTP Request: POST https://tapi.bale.ai/bot2029474166:MzkMDmPbKHhF6JT0Dn9AYuq84mnTq20L1wk/getUpdates "HTTP/1.1 200 OK"
2026-04-28 16:41:28,391 - balethon.network.connection - INFO - [getUpdates] JSON{'offset': 23}
2026-04-28 16:41:33,422 - httpx - INFO - HTTP Request: POST https://tapi.bale.ai/bot2029474166:MzkMDmPbKHhF6JT0Dn9AYuq84mnTq20L1wk/getUpdates "HTTP/1.1 200 OK"
2026-04-28 16:41:33,434 - balethon.network.connection - INFO - [getUpdates] JSON{'offset': 23}
2026-04-28 16:41:38,453 - httpx - INFO - HTTP Request: POST https://tapi.bale.ai/bot2029474166:MzkMDmPbKHhF6JT0Dn9AYuq84mnTq20L1wk/getUpdates "HTTP/1.1 200 OK"
2026-04-28 16:41:38,465 - balethon.network.connection - INFO - [getUpdates] JSON{'offset': 23}
2026-04-28 16:41:43,489 - httpx - INFO - HTTP Request: POST https://tapi.bale.ai/bot2029474166:MzkMDmPbKHhF6JT0Dn9AYuq84mnTq20L1wk/getUpdates "HTTP/1.1 200 OK"
2026-04-28 16:41:43,505 - balethon.network.connection - INFO - [getUpdates] JSON{'offset': 23}
2026-04-28 16:41:48,536 - httpx - INFO - HTTP Request: POST https://tapi.bale.ai/bot2029474166:MzkMDmPbKHhF6JT0Dn9AYuq84mnTq20L1wk/getUpdates "HTTP/1.1 200 OK"
2026-04-28 16:41:48,552 - balethon.network.connection - INFO - [getUpdates] JSON{'offset': 23}
2026-04-28 16:41:53,577 - httpx - INFO - HTTP Request: POST https://tapi.bale.ai/bot2029474166:MzkMDmPbKHhF6JT0Dn9AYuq84mnTq20L1wk/getUpdates "HTTP/1.1 200 OK"
2026-04-28 16:41:53,591 - balethon.network.connection - INFO - [getUpdates] JSON{'offset': 23}
2026-04-28 16:41:58,623 - httpx - INFO - HTTP Request: POST https://tapi.bale.ai/bot2029474166:MzkMDmPbKHhF6JT0Dn9AYuq84mnTq20L1wk/getUpdates "HTTP/1.1 200 OK"
2026-04-28 16:41:58,633 - balethon.network.connection - INFO - [getUpdates] JSON{'offset': 23}
2026-04-28 16:42:03,656 - httpx - INFO - HTTP Request: POST https://tapi.bale.ai/bot2029474166:MzkMDmPbKHhF6JT0Dn9AYuq84mnTq20L1wk/getUpdates "HTTP/1.1 200 OK"
2026-04-28 16:42:03,675 - balethon.network.connection - INFO - [getUpdates] JSON{'offset': 23}
2026-04-28 16:42:08,739 - httpx - INFO - HTTP Request: POST https://tapi.bale.ai/bot2029474166:MzkMDmPbKHhF6JT0Dn9AYuq84mnTq20L1wk/getUpdates "HTTP/1.1 200 OK"
2026-04-28 16:42:08,754 - balethon.network.connection - INFO - [getUpdates] JSON{'offset': 23}
2026-04-28 16:42:13,778 - httpx - INFO - HTTP Request: POST https://tapi.bale.ai/bot2029474166:MzkMDmPbKHhF6JT0Dn9AYuq84mnTq20L1wk/getUpdates "HTTP/1.1 200 OK"
2026-04-28 16:42:13,799 - balethon.network.connection - INFO - [getUpdates] JSON{'offset': 23}
2026-04-28 16:42:18,818 - httpx - INFO - HTTP Request: POST https://tapi.bale.ai/bot2029474166:MzkMDmPbKHhF6JT0Dn9AYuq84mnTq20L1wk/getUpdates "HTTP/1.1 200 OK"
2026-04-28 16:42:18,825 - balethon.network.connection - INFO - [getUpdates] JSON{'offset': 23}
2026-04-28 16:42:23,848 - httpx - INFO - HTTP Request: POST https://tapi.bale.ai/bot2029474166:MzkMDmPbKHhF6JT0Dn9AYuq84mnTq20L1wk/getUpdates "HTTP/1.1 200 OK"
2026-04-28 16:42:23,858 - balethon.network.connection - INFO - [getUpdates] JSON{'offset': 23}
2026-04-28 16:42:28,947 - httpx - INFO - HTTP Request: POST https://tapi.bale.ai/bot2029474166:MzkMDmPbKHhF6JT0Dn9AYuq84mnTq20L1wk/getUpdates "HTTP/1.1 200 OK"
2026-04-28 16:42:28,966 - balethon.network.connection - INFO - [getUpdates] JSON{'offset': 23}
2026-04-28 16:42:33,990 - httpx - INFO - HTTP Request: POST https://tapi.bale.ai/bot2029474166:MzkMDmPbKHhF6JT0Dn9AYuq84mnTq20L1wk/getUpdates "HTTP/1.1 200 OK"
2026-04-28 16:42:34,002 - balethon.network.connection - INFO - [getUpdates] JSON{'offset': 23}
2026-04-28 16:42:39,028 - httpx - INFO - HTTP Request: POST https://tapi.bale.ai/bot2029474166:MzkMDmPbKHhF6JT0Dn9AYuq84mnTq20L1wk/getUpdates "HTTP/1.1 200 OK"
2026-04-28 16:42:39,041 - balethon.network.connection - INFO - [getUpdates] JSON{'offset': 23}
2026-04-28 16:42:44,075 - httpx - INFO - HTTP Request: POST https://tapi.bale.ai/bot2029474166:MzkMDmPbKHhF6JT0Dn9AYuq84mnTq20L1wk/getUpdates "HTTP/1.1 200 OK"
2026-04-28 16:42:44,088 - balethon.network.connection - INFO - [getUpdates] JSON{'offset': 23}
2026-04-28 16:42:49,118 - httpx - INFO - HTTP Request: POST https://tapi.bale.ai/bot2029474166:MzkMDmPbKHhF6JT0Dn9AYuq84mnTq20L1wk/getUpdates "HTTP/1.1 200 OK"
2026-04-28 16:42:49,127 - balethon.network.connection - INFO - [getUpdates] JSON{'offset': 23}
2026-04-28 16:42:54,150 - httpx - INFO - HTTP Request: POST https://tapi.bale.ai/bot2029474166:MzkMDmPbKHhF6JT0Dn9AYuq84mnTq20L1wk/getUpdates "HTTP/1.1 200 OK"
2026-04-28 16:42:54,164 - balethon.network.connection - INFO - [getUpdates] JSON{'offset': 23}
2026-04-28 16:42:59,186 - httpx - INFO - HTTP Request: POST https://tapi.bale.ai/bot2029474166:MzkMDmPbKHhF6JT0Dn9AYuq84mnTq20L1wk/getUpdates "HTTP/1.1 200 OK"
2026-04-28 16:42:59,194 - balethon.network.connection - INFO - [getUpdates] JSON{'offset': 23}
2026-04-28 16:43:04,214 - httpx - INFO - HTTP Request: POST https://tapi.bale.ai/bot2029474166:MzkMDmPbKHhF6JT0Dn9AYuq84mnTq20L1wk/getUpdates "HTTP/1.1 200 OK"
2026-04-28 16:43:04,223 - balethon.network.connection - INFO - [getUpdates] JSON{'offset': 23}
2026-04-28 16:43:09,268 - httpx - INFO - HTTP Request: POST https://tapi.bale.ai/bot2029474166:MzkMDmPbKHhF6JT0Dn9AYuq84mnTq20L1wk/getUpdates "HTTP/1.1 200 OK"
2026-04-28 16:43:09,277 - balethon.network.connection - INFO - [getUpdates] JSON{'offset': 23}
2026-04-28 16:43:14,345 - httpx - INFO - HTTP Request: POST https://tapi.bale.ai/bot2029474166:MzkMDmPbKHhF6JT0Dn9AYuq84mnTq20L1wk/getUpdates "HTTP/1.1 200 OK"
2026-04-28 16:43:14,357 - balethon.network.connection - INFO - [getUpdates] JSON{'offset': 23}
2026-04-28 16:43:19,412 - httpx - INFO - HTTP Request: POST https://tapi.bale.ai/bot2029474166:MzkMDmPbKHhF6JT0Dn9AYuq84mnTq20L1wk/getUpdates "HTTP/1.1 200 OK"
2026-04-28 16:43:19,429 - balethon.network.connection - INFO - [getUpdates] JSON{'offset': 23}
2026-04-28 16:43:24,455 - httpx - INFO - HTTP Request: POST https://tapi.bale.ai/bot2029474166:MzkMDmPbKHhF6JT0Dn9AYuq84mnTq20L1wk/getUpdates "HTTP/1.1 200 OK"
2026-04-28 16:43:24,465 - balethon.network.connection - INFO - [getUpdates] JSON{'offset': 23}
2026-04-28 16:43:29,491 - httpx - INFO - HTTP Request: POST https://tapi.bale.ai/bot2029474166:MzkMDmPbKHhF6JT0Dn9AYuq84mnTq20L1wk/getUpdates "HTTP/1.1 200 OK"
2026-04-28 16:43:29,504 - balethon.network.connection - INFO - [getUpdates] JSON{'offset': 23}
2026-04-28 16:43:34,534 - httpx - INFO - HTTP Request: POST https://tapi.bale.ai/bot2029474166:MzkMDmPbKHhF6JT0Dn9AYuq84mnTq20L1wk/getUpdates "HTTP/1.1 200 OK"
2026-04-28 16:43:34,544 - balethon.network.connection - INFO - [getUpdates] JSON{'offset': 23}
2026-04-28 16:43:39,582 - httpx - INFO - HTTP Request: POST https://tapi.bale.ai/bot2029474166:MzkMDmPbKHhF6JT0Dn9AYuq84mnTq20L1wk/getUpdates "HTTP/1.1 200 OK"
2026-04-28 16:43:39,592 - balethon.network.connection - INFO - [getUpdates] JSON{'offset': 23}
2026-04-28 16:43:44,611 - httpx - INFO - HTTP Request: POST https://tapi.bale.ai/bot2029474166:MzkMDmPbKHhF6JT0Dn9AYuq84mnTq20L1wk/getUpdates "HTTP/1.1 200 OK"
2026-04-28 16:43:44,624 - balethon.network.connection - INFO - [getUpdates] JSON{'offset': 23}
2026-04-28 16:43:49,668 - httpx - INFO - HTTP Request: POST https://tapi.bale.ai/bot2029474166:MzkMDmPbKHhF6JT0Dn9AYuq84mnTq20L1wk/getUpdates "HTTP/1.1 200 OK"
2026-04-28 16:43:49,677 - balethon.network.connection - INFO - [getUpdates] JSON{'offset': 23}
2026-04-28 16:43:54,765 - httpx - INFO - HTTP Request: POST https://tapi.bale.ai/bot2029474166:MzkMDmPbKHhF6JT0Dn9AYuq84mnTq20L1wk/getUpdates "HTTP/1.1 200 OK"
2026-04-28 16:43:54,781 - balethon.network.connection - INFO - [getUpdates] JSON{'offset': 23}
2026-04-28 16:43:59,806 - httpx - INFO - HTTP Request: POST https://tapi.bale.ai/bot2029474166:MzkMDmPbKHhF6JT0Dn9AYuq84mnTq20L1wk/getUpdates "HTTP/1.1 200 OK"
2026-04-28 16:43:59,814 - balethon.network.connection - INFO - [getUpdates] JSON{'offset': 23}
2026-04-28 16:44:04,840 - httpx - INFO - HTTP Request: POST https://tapi.bale.ai/bot2029474166:MzkMDmPbKHhF6JT0Dn9AYuq84mnTq20L1wk/getUpdates "HTTP/1.1 200 OK"
2026-04-28 16:44:04,848 - balethon.network.connection - INFO - [getUpdates] JSON{'offset': 23}
2026-04-28 16:44:09,869 - httpx - INFO - HTTP Request: POST https://tapi.bale.ai/bot2029474166:MzkMDmPbKHhF6JT0Dn9AYuq84mnTq20L1wk/getUpdates "HTTP/1.1 200 OK"
2026-04-28 16:44:09,882 - balethon.network.connection - INFO - [getUpdates] JSON{'offset': 23}
2026-04-28 16:44:14,960 - httpx - INFO - HTTP Request: POST https://tapi.bale.ai/bot2029474166:MzkMDmPbKHhF6JT0Dn9AYuq84mnTq20L1wk/getUpdates "HTTP/1.1 200 OK"
2026-04-28 16:44:14,972 - balethon.network.connection - INFO - [getUpdates] JSON{'offset': 23}
2026-04-28 16:44:19,993 - httpx - INFO - HTTP Request: POST https://tapi.bale.ai/bot2029474166:MzkMDmPbKHhF6JT0Dn9AYuq84mnTq20L1wk/getUpdates "HTTP/1.1 200 OK"
2026-04-28 16:44:20,010 - balethon.network.connection - INFO - [getUpdates] JSON{'offset': 23}
2026-04-28 16:44:25,037 - httpx - INFO - HTTP Request: POST https://tapi.bale.ai/bot2029474166:MzkMDmPbKHhF6JT0Dn9AYuq84mnTq20L1wk/getUpdates "HTTP/1.1 200 OK"
2026-04-28 16:44:25,044 - balethon.network.connection - INFO - [getUpdates] JSON{'offset': 23}
2026-04-28 16:44:30,061 - httpx - INFO - HTTP Request: POST https://tapi.bale.ai/bot2029474166:MzkMDmPbKHhF6JT0Dn9AYuq84mnTq20L1wk/getUpdates "HTTP/1.1 200 OK"
2026-04-28 16:44:30,075 - balethon.network.connection - INFO - [getUpdates] JSON{'offset': 23}
2026-04-28 16:44:35,109 - httpx - INFO - HTTP Request: POST https://tapi.bale.ai/bot2029474166:MzkMDmPbKHhF6JT0Dn9AYuq84mnTq20L1wk/getUpdates "HTTP/1.1 200 OK"
2026-04-28 16:44:35,121 - balethon.network.connection - INFO - [getUpdates] JSON{'offset': 23}
2026-04-28 16:44:40,155 - httpx - INFO - HTTP Request: POST https://tapi.bale.ai/bot2029474166:MzkMDmPbKHhF6JT0Dn9AYuq84mnTq20L1wk/getUpdates "HTTP/1.1 200 OK"
2026-04-28 16:44:40,170 - balethon.network.connection - INFO - [getUpdates] JSON{'offset': 23}
2026-04-28 16:44:45,191 - httpx - INFO - HTTP Request: POST https://tapi.bale.ai/bot2029474166:MzkMDmPbKHhF6JT0Dn9AYuq84mnTq20L1wk/getUpdates "HTTP/1.1 200 OK"
2026-04-28 16:44:45,201 - balethon.network.connection - INFO - [getUpdates] JSON{'offset': 23}
2026-04-28 16:44:50,228 - httpx - INFO - HTTP Request: POST https://tapi.bale.ai/bot2029474166:MzkMDmPbKHhF6JT0Dn9AYuq84mnTq20L1wk/getUpdates "HTTP/1.1 200 OK"
2026-04-28 16:44:50,237 - balethon.network.connection - INFO - [getUpdates] JSON{'offset': 23}
2026-04-28 16:44:55,254 - httpx - INFO - HTTP Request: POST https://tapi.bale.ai/bot2029474166:MzkMDmPbKHhF6JT0Dn9AYuq84mnTq20L1wk/getUpdates "HTTP/1.1 200 OK"
2026-04-28 16:44:55,268 - balethon.network.connection - INFO - [getUpdates] JSON{'offset': 23}
2026-04-28 16:45:00,292 - httpx - INFO - HTTP Request: POST https://tapi.bale.ai/bot2029474166:MzkMDmPbKHhF6JT0Dn9AYuq84mnTq20L1wk/getUpdates "HTTP/1.1 200 OK"
2026-04-28 16:45:00,306 - balethon.network.connection - INFO - [getUpdates] JSON{'offset': 23}
2026-04-28 16:45:05,344 - httpx - INFO - HTTP Request: POST https://tapi.bale.ai/bot2029474166:MzkMDmPbKHhF6JT0Dn9AYuq84mnTq20L1wk/getUpdates "HTTP/1.1 200 OK"
2026-04-28 16:45:05,352 - balethon.network.connection - INFO - [getUpdates] JSON{'offset': 23}
2026-04-28 16:45:10,374 - httpx - INFO - HTTP Request: POST https://tapi.bale.ai/bot2029474166:MzkMDmPbKHhF6JT0Dn9AYuq84mnTq20L1wk/getUpdates "HTTP/1.1 200 OK"
2026-04-28 16:45:10,391 - balethon.network.connection - INFO - [getUpdates] JSON{'offset': 23}
2026-04-28 16:45:15,417 - httpx - INFO - HTTP Request: POST https://tapi.bale.ai/bot2029474166:MzkMDmPbKHhF6JT0Dn9AYuq84mnTq20L1wk/getUpdates "HTTP/1.1 200 OK"
2026-04-28 16:45:15,427 - balethon.network.connection - INFO - [getUpdates] JSON{'offset': 23}
2026-04-28 16:45:20,446 - httpx - INFO - HTTP Request: POST https://tapi.bale.ai/bot2029474166:MzkMDmPbKHhF6JT0Dn9AYuq84mnTq20L1wk/getUpdates "HTTP/1.1 200 OK"
2026-04-28 16:45:20,455 - balethon.network.connection - INFO - [getUpdates] JSON{'offset': 23}
2026-04-28 16:45:25,484 - httpx - INFO - HTTP Request: POST https://tapi.bale.ai/bot2029474166:MzkMDmPbKHhF6JT0Dn9AYuq84mnTq20L1wk/getUpdates "HTTP/1.1 200 OK"
2026-04-28 16:45:25,499 - balethon.network.connection - INFO - [getUpdates] JSON{'offset': 23}
2026-04-28 16:45:30,527 - httpx - INFO - HTTP Request: POST https://tapi.bale.ai/bot2029474166:MzkMDmPbKHhF6JT0Dn9AYuq84mnTq20L1wk/getUpdates "HTTP/1.1 200 OK"
2026-04-28 16:45:30,535 - balethon.network.connection - INFO - [getUpdates] JSON{'offset': 23}
2026-04-28 16:45:35,555 - httpx - INFO - HTTP Request: POST https://tapi.bale.ai/bot2029474166:MzkMDmPbKHhF6JT0Dn9AYuq84mnTq20L1wk/getUpdates "HTTP/1.1 200 OK"
2026-04-28 16:45:35,577 - balethon.network.connection - INFO - [getUpdates] JSON{'offset': 23}
2026-04-28 16:45:40,648 - httpx - INFO - HTTP Request: POST https://tapi.bale.ai/bot2029474166:MzkMDmPbKHhF6JT0Dn9AYuq84mnTq20L1wk/getUpdates "HTTP/1.1 200 OK"
2026-04-28 16:45:40,661 - balethon.network.connection - INFO - [getUpdates] JSON{'offset': 23}
2026-04-28 16:45:45,697 - httpx - INFO - HTTP Request: POST https://tapi.bale.ai/bot2029474166:MzkMDmPbKHhF6JT0Dn9AYuq84mnTq20L1wk/getUpdates "HTTP/1.1 200 OK"
2026-04-28 16:45:45,711 - balethon.network.connection - INFO - [getUpdates] JSON{'offset': 23}
2026-04-28 16:45:50,739 - httpx - INFO - HTTP Request: POST https://tapi.bale.ai/bot2029474166:MzkMDmPbKHhF6JT0Dn9AYuq84mnTq20L1wk/getUpdates "HTTP/1.1 200 OK"
2026-04-28 16:45:50,747 - balethon.network.connection - INFO - [getUpdates] JSON{'offset': 23}
2026-04-28 16:45:55,773 - httpx - INFO - HTTP Request: POST https://tapi.bale.ai/bot2029474166:MzkMDmPbKHhF6JT0Dn9AYuq84mnTq20L1wk/getUpdates "HTTP/1.1 200 OK"
2026-04-28 16:45:55,781 - balethon.network.connection - INFO - [getUpdates] JSON{'offset': 23}
2026-04-28 16:46:00,802 - httpx - INFO - HTTP Request: POST https://tapi.bale.ai/bot2029474166:MzkMDmPbKHhF6JT0Dn9AYuq84mnTq20L1wk/getUpdates "HTTP/1.1 200 OK"
2026-04-28 16:46:00,809 - balethon.network.connection - INFO - [getUpdates] JSON{'offset': 23}
2026-04-28 16:46:05,835 - httpx - INFO - HTTP Request: POST https://tapi.bale.ai/bot2029474166:MzkMDmPbKHhF6JT0Dn9AYuq84mnTq20L1wk/getUpdates "HTTP/1.1 200 OK"
2026-04-28 16:46:05,843 - balethon.network.connection - INFO - [getUpdates] JSON{'offset': 23}
2026-04-28 16:46:10,864 - httpx - INFO - HTTP Request: POST https://tapi.bale.ai/bot2029474166:MzkMDmPbKHhF6JT0Dn9AYuq84mnTq20L1wk/getUpdates "HTTP/1.1 200 OK"
2026-04-28 16:46:10,881 - balethon.network.connection - INFO - [getUpdates] JSON{'offset': 23}
2026-04-28 16:46:15,905 - httpx - INFO - HTTP Request: POST https://tapi.bale.ai/bot2029474166:MzkMDmPbKHhF6JT0Dn9AYuq84mnTq20L1wk/getUpdates "HTTP/1.1 200 OK"
2026-04-28 16:46:15,912 - balethon.network.connection - INFO - [getUpdates] JSON{'offset': 23}
2026-04-28 16:46:20,930 - httpx - INFO - HTTP Request: POST https://tapi.bale.ai/bot2029474166:MzkMDmPbKHhF6JT0Dn9AYuq84mnTq20L1wk/getUpdates "HTTP/1.1 200 OK"
2026-04-28 16:46:20,944 - balethon.network.connection - INFO - [getUpdates] JSON{'offset': 23}
2026-04-28 16:46:25,972 - httpx - INFO - HTTP Request: POST https://tapi.bale.ai/bot2029474166:MzkMDmPbKHhF6JT0Dn9AYuq84mnTq20L1wk/getUpdates "HTTP/1.1 200 OK"
2026-04-28 16:46:25,980 - balethon.network.connection - INFO - [getUpdates] JSON{'offset': 23}
2026-04-28 16:46:31,002 - httpx - INFO - HTTP Request: POST https://tapi.bale.ai/bot2029474166:MzkMDmPbKHhF6JT0Dn9AYuq84mnTq20L1wk/getUpdates "HTTP/1.1 200 OK"
2026-04-28 16:46:31,018 - balethon.network.connection - INFO - [getUpdates] JSON{'offset': 23}
2026-04-28 16:46:36,042 - httpx - INFO - HTTP Request: POST https://tapi.bale.ai/bot2029474166:MzkMDmPbKHhF6JT0Dn9AYuq84mnTq20L1wk/getUpdates "HTTP/1.1 200 OK"
2026-04-28 16:46:36,051 - balethon.network.connection - INFO - [getUpdates] JSON{'offset': 23}
2026-04-28 16:46:41,074 - httpx - INFO - HTTP Request: POST https://tapi.bale.ai/bot2029474166:MzkMDmPbKHhF6JT0Dn9AYuq84mnTq20L1wk/getUpdates "HTTP/1.1 200 OK"
2026-04-28 16:46:41,096 - balethon.network.connection - INFO - [getUpdates] JSON{'offset': 23}
2026-04-28 16:46:46,149 - httpx - INFO - HTTP Request: POST https://tapi.bale.ai/bot2029474166:MzkMDmPbKHhF6JT0Dn9AYuq84mnTq20L1wk/getUpdates "HTTP/1.1 200 OK"
2026-04-28 16:46:46,164 - balethon.network.connection - INFO - [getUpdates] JSON{'offset': 23}
2026-04-28 16:46:51,190 - httpx - INFO - HTTP Request: POST https://tapi.bale.ai/bot2029474166:MzkMDmPbKHhF6JT0Dn9AYuq84mnTq20L1wk/getUpdates "HTTP/1.1 200 OK"
2026-04-28 16:46:51,203 - balethon.network.connection - INFO - [getUpdates] JSON{'offset': 23}
2026-04-28 16:46:56,223 - httpx - INFO - HTTP Request: POST https://tapi.bale.ai/bot2029474166:MzkMDmPbKHhF6JT0Dn9AYuq84mnTq20L1wk/getUpdates "HTTP/1.1 200 OK"
2026-04-28 16:46:56,232 - balethon.network.connection - INFO - [getUpdates] JSON{'offset': 23}
2026-04-28 16:47:01,269 - httpx - INFO - HTTP Request: POST https://tapi.bale.ai/bot2029474166:MzkMDmPbKHhF6JT0Dn9AYuq84mnTq20L1wk/getUpdates "HTTP/1.1 200 OK"
2026-04-28 16:47:01,278 - balethon.network.connection - INFO - [getUpdates] JSON{'offset': 23}
2026-04-28 16:47:06,355 - httpx - INFO - HTTP Request: POST https://tapi.bale.ai/bot2029474166:MzkMDmPbKHhF6JT0Dn9AYuq84mnTq20L1wk/getUpdates "HTTP/1.1 200 OK"
2026-04-28 16:47:06,368 - balethon.network.connection - INFO - [getUpdates] JSON{'offset': 23}
2026-04-28 16:47:11,388 - httpx - INFO - HTTP Request: POST https://tapi.bale.ai/bot2029474166:MzkMDmPbKHhF6JT0Dn9AYuq84mnTq20L1wk/getUpdates "HTTP/1.1 200 OK"
2026-04-28 16:47:11,405 - balethon.network.connection - INFO - [getUpdates] JSON{'offset': 23}
2026-04-28 16:47:16,447 - httpx - INFO - HTTP Request: POST https://tapi.bale.ai/bot2029474166:MzkMDmPbKHhF6JT0Dn9AYuq84mnTq20L1wk/getUpdates "HTTP/1.1 200 OK"
2026-04-28 16:47:16,460 - balethon.network.connection - INFO - [getUpdates] JSON{'offset': 23}
2026-04-28 16:47:21,490 - httpx - INFO - HTTP Request: POST https://tapi.bale.ai/bot2029474166:MzkMDmPbKHhF6JT0Dn9AYuq84mnTq20L1wk/getUpdates "HTTP/1.1 200 OK"
2026-04-28 16:47:21,505 - balethon.network.connection - INFO - [getUpdates] JSON{'offset': 23}
2026-04-28 16:47:26,530 - httpx - INFO - HTTP Request: POST https://tapi.bale.ai/bot2029474166:MzkMDmPbKHhF6JT0Dn9AYuq84mnTq20L1wk/getUpdates "HTTP/1.1 200 OK"
2026-04-28 16:47:26,541 - balethon.network.connection - INFO - [getUpdates] JSON{'offset': 23}
2026-04-28 16:47:31,563 - httpx - INFO - HTTP Request: POST https://tapi.bale.ai/bot2029474166:MzkMDmPbKHhF6JT0Dn9AYuq84mnTq20L1wk/getUpdates "HTTP/1.1 200 OK"
2026-04-28 16:47:31,577 - balethon.network.connection - INFO - [getUpdates] JSON{'offset': 23}
2026-04-28 16:47:36,602 - httpx - INFO - HTTP Request: POST https://tapi.bale.ai/bot2029474166:MzkMDmPbKHhF6JT0Dn9AYuq84mnTq20L1wk/getUpdates "HTTP/1.1 200 OK"
2026-04-28 16:47:36,680 - balethon.network.connection - INFO - [getUpdates] JSON{'offset': 23}
2026-04-28 16:47:41,749 - httpx - INFO - HTTP Request: POST https://tapi.bale.ai/bot2029474166:MzkMDmPbKHhF6JT0Dn9AYuq84mnTq20L1wk/getUpdates "HTTP/1.1 200 OK"
2026-04-28 16:47:41,759 - balethon.network.connection - INFO - [getUpdates] JSON{'offset': 23}
2026-04-28 16:47:46,848 - httpx - INFO - HTTP Request: POST https://tapi.bale.ai/bot2029474166:MzkMDmPbKHhF6JT0Dn9AYuq84mnTq20L1wk/getUpdates "HTTP/1.1 200 OK"
2026-04-28 16:47:46,858 - balethon.network.connection - INFO - [getUpdates] JSON{'offset': 23}
2026-04-28 16:47:51,889 - httpx - INFO - HTTP Request: POST https://tapi.bale.ai/bot2029474166:MzkMDmPbKHhF6JT0Dn9AYuq84mnTq20L1wk/getUpdates "HTTP/1.1 200 OK"
2026-04-28 16:47:51,902 - balethon.network.connection - INFO - [getUpdates] JSON{'offset': 23}
2026-04-28 16:47:56,934 - httpx - INFO - HTTP Request: POST https://tapi.bale.ai/bot2029474166:MzkMDmPbKHhF6JT0Dn9AYuq84mnTq20L1wk/getUpdates "HTTP/1.1 200 OK"
2026-04-28 16:47:56,947 - balethon.network.connection - INFO - [getUpdates] JSON{'offset': 23}
2026-04-28 16:48:01,986 - httpx - INFO - HTTP Request: POST https://tapi.bale.ai/bot2029474166:MzkMDmPbKHhF6JT0Dn9AYuq84mnTq20L1wk/getUpdates "HTTP/1.1 200 OK"
2026-04-28 16:48:01,999 - balethon.network.connection - INFO - [getUpdates] JSON{'offset': 23}
2026-04-28 16:48:07,053 - httpx - INFO - HTTP Request: POST https://tapi.bale.ai/bot2029474166:MzkMDmPbKHhF6JT0Dn9AYuq84mnTq20L1wk/getUpdates "HTTP/1.1 200 OK"
2026-04-28 16:48:07,065 - balethon.network.connection - INFO - [getUpdates] JSON{'offset': 23}
2026-04-28 16:48:12,089 - httpx - INFO - HTTP Request: POST https://tapi.bale.ai/bot2029474166:MzkMDmPbKHhF6JT0Dn9AYuq84mnTq20L1wk/getUpdates "HTTP/1.1 200 OK"
2026-04-28 16:48:12,101 - balethon.network.connection - INFO - [getUpdates] JSON{'offset': 23}
2026-04-28 16:48:17,159 - httpx - INFO - HTTP Request: POST https://tapi.bale.ai/bot2029474166:MzkMDmPbKHhF6JT0Dn9AYuq84mnTq20L1wk/getUpdates "HTTP/1.1 200 OK"
2026-04-28 16:48:17,172 - balethon.network.connection - INFO - [getUpdates] JSON{'offset': 23}
2026-04-28 16:48:22,248 - httpx - INFO - HTTP Request: POST https://tapi.bale.ai/bot2029474166:MzkMDmPbKHhF6JT0Dn9AYuq84mnTq20L1wk/getUpdates "HTTP/1.1 200 OK"
2026-04-28 16:48:22,256 - balethon.network.connection - INFO - [getUpdates] JSON{'offset': 23}
2026-04-28 16:48:27,282 - httpx - INFO - HTTP Request: POST https://tapi.bale.ai/bot2029474166:MzkMDmPbKHhF6JT0Dn9AYuq84mnTq20L1wk/getUpdates "HTTP/1.1 200 OK"
2026-04-28 16:48:27,296 - balethon.network.connection - INFO - [getUpdates] JSON{'offset': 23}
2026-04-28 16:48:32,321 - httpx - INFO - HTTP Request: POST https://tapi.bale.ai/bot2029474166:MzkMDmPbKHhF6JT0Dn9AYuq84mnTq20L1wk/getUpdates "HTTP/1.1 200 OK"
2026-04-28 16:48:32,330 - balethon.network.connection - INFO - [getUpdates] JSON{'offset': 23}
2026-04-28 16:48:37,348 - httpx - INFO - HTTP Request: POST https://tapi.bale.ai/bot2029474166:MzkMDmPbKHhF6JT0Dn9AYuq84mnTq20L1wk/getUpdates "HTTP/1.1 200 OK"
2026-04-28 16:48:37,357 - balethon.network.connection - INFO - [getUpdates] JSON{'offset': 23}
2026-04-28 16:48:42,379 - httpx - INFO - HTTP Request: POST https://tapi.bale.ai/bot2029474166:MzkMDmPbKHhF6JT0Dn9AYuq84mnTq20L1wk/getUpdates "HTTP/1.1 200 OK"
2026-04-28 16:48:42,393 - balethon.network.connection - INFO - [getUpdates] JSON{'offset': 23}
2026-04-28 16:48:47,420 - httpx - INFO - HTTP Request: POST https://tapi.bale.ai/bot2029474166:MzkMDmPbKHhF6JT0Dn9AYuq84mnTq20L1wk/getUpdates "HTTP/1.1 200 OK"
2026-04-28 16:48:47,429 - balethon.network.connection - INFO - [getUpdates] JSON{'offset': 23}
2026-04-28 16:48:52,447 - httpx - INFO - HTTP Request: POST https://tapi.bale.ai/bot2029474166:MzkMDmPbKHhF6JT0Dn9AYuq84mnTq20L1wk/getUpdates "HTTP/1.1 200 OK"
2026-04-28 16:48:52,455 - balethon.network.connection - INFO - [getUpdates] JSON{'offset': 23}
2026-04-28 16:48:57,479 - httpx - INFO - HTTP Request: POST https://tapi.bale.ai/bot2029474166:MzkMDmPbKHhF6JT0Dn9AYuq84mnTq20L1wk/getUpdates "HTTP/1.1 200 OK"
2026-04-28 16:48:57,497 - balethon.network.connection - INFO - [getUpdates] JSON{'offset': 23}
2026-04-28 16:49:02,520 - httpx - INFO - HTTP Request: POST https://tapi.bale.ai/bot2029474166:MzkMDmPbKHhF6JT0Dn9AYuq84mnTq20L1wk/getUpdates "HTTP/1.1 200 OK"
2026-04-28 16:49:02,533 - balethon.network.connection - INFO - [getUpdates] JSON{'offset': 23}
2026-04-28 16:49:07,588 - httpx - INFO - HTTP Request: POST https://tapi.bale.ai/bot2029474166:MzkMDmPbKHhF6JT0Dn9AYuq84mnTq20L1wk/getUpdates "HTTP/1.1 200 OK"
2026-04-28 16:49:07,597 - balethon.network.connection - INFO - [getUpdates] JSON{'offset': 23}
2026-04-28 16:49:12,623 - httpx - INFO - HTTP Request: POST https://tapi.bale.ai/bot2029474166:MzkMDmPbKHhF6JT0Dn9AYuq84mnTq20L1wk/getUpdates "HTTP/1.1 200 OK"
2026-04-28 16:49:12,636 - balethon.network.connection - INFO - [getUpdates] JSON{'offset': 23}
2026-04-28 16:49:17,666 - httpx - INFO - HTTP Request: POST https://tapi.bale.ai/bot2029474166:MzkMDmPbKHhF6JT0Dn9AYuq84mnTq20L1wk/getUpdates "HTTP/1.1 200 OK"
2026-04-28 16:49:17,676 - balethon.network.connection - INFO - [getUpdates] JSON{'offset': 23}
2026-04-28 16:49:22,706 - httpx - INFO - HTTP Request: POST https://tapi.bale.ai/bot2029474166:MzkMDmPbKHhF6JT0Dn9AYuq84mnTq20L1wk/getUpdates "HTTP/1.1 200 OK"
2026-04-28 16:49:22,720 - balethon.network.connection - INFO - [getUpdates] JSON{'offset': 23}
2026-04-28 16:49:27,746 - httpx - INFO - HTTP Request: POST https://tapi.bale.ai/bot2029474166:MzkMDmPbKHhF6JT0Dn9AYuq84mnTq20L1wk/getUpdates "HTTP/1.1 200 OK"
2026-04-28 16:49:27,755 - balethon.network.connection - INFO - [getUpdates] JSON{'offset': 23}
2026-04-28 16:49:33,299 - httpx - INFO - HTTP Request: POST https://tapi.bale.ai/bot2029474166:MzkMDmPbKHhF6JT0Dn9AYuq84mnTq20L1wk/getUpdates "HTTP/1.1 200 OK"
2026-04-28 16:49:33,312 - balethon.network.connection - INFO - [getUpdates] JSON{'offset': 23}
2026-04-28 16:49:38,363 - httpx - INFO - HTTP Request: POST https://tapi.bale.ai/bot2029474166:MzkMDmPbKHhF6JT0Dn9AYuq84mnTq20L1wk/getUpdates "HTTP/1.1 200 OK"
2026-04-28 16:49:38,382 - balethon.network.connection - INFO - [getUpdates] JSON{'offset': 23}
2026-04-28 16:49:43,479 - httpx - INFO - HTTP Request: POST https://tapi.bale.ai/bot2029474166:MzkMDmPbKHhF6JT0Dn9AYuq84mnTq20L1wk/getUpdates "HTTP/1.1 200 OK"
2026-04-28 16:49:43,487 - balethon.network.connection - INFO - [getUpdates] JSON{'offset': 23}
2026-04-28 16:49:48,582 - httpx - INFO - HTTP Request: POST https://tapi.bale.ai/bot2029474166:MzkMDmPbKHhF6JT0Dn9AYuq84mnTq20L1wk/getUpdates "HTTP/1.1 200 OK"
2026-04-28 16:49:48,590 - balethon.network.connection - INFO - [getUpdates] JSON{'offset': 23}
2026-04-28 16:49:53,620 - httpx - INFO - HTTP Request: POST https://tapi.bale.ai/bot2029474166:MzkMDmPbKHhF6JT0Dn9AYuq84mnTq20L1wk/getUpdates "HTTP/1.1 200 OK"
2026-04-28 16:49:53,634 - balethon.network.connection - INFO - [getUpdates] JSON{'offset': 23}
2026-04-28 16:49:58,665 - httpx - INFO - HTTP Request: POST https://tapi.bale.ai/bot2029474166:MzkMDmPbKHhF6JT0Dn9AYuq84mnTq20L1wk/getUpdates "HTTP/1.1 200 OK"
2026-04-28 16:49:58,673 - balethon.network.connection - INFO - [getUpdates] JSON{'offset': 23}
2026-04-28 16:50:03,691 - httpx - INFO - HTTP Request: POST https://tapi.bale.ai/bot2029474166:MzkMDmPbKHhF6JT0Dn9AYuq84mnTq20L1wk/getUpdates "HTTP/1.1 200 OK"
2026-04-28 16:50:03,704 - balethon.network.connection - INFO - [getUpdates] JSON{'offset': 23}
2026-04-28 16:50:08,733 - httpx - INFO - HTTP Request: POST https://tapi.bale.ai/bot2029474166:MzkMDmPbKHhF6JT0Dn9AYuq84mnTq20L1wk/getUpdates "HTTP/1.1 200 OK"
2026-04-28 16:50:08,748 - balethon.network.connection - INFO - [getUpdates] JSON{'offset': 23}
2026-04-28 16:50:13,768 - httpx - INFO - HTTP Request: POST https://tapi.bale.ai/bot2029474166:MzkMDmPbKHhF6JT0Dn9AYuq84mnTq20L1wk/getUpdates "HTTP/1.1 200 OK"
2026-04-28 16:50:13,781 - balethon.network.connection - INFO - [getUpdates] JSON{'offset': 23}
2026-04-28 16:50:18,807 - httpx - INFO - HTTP Request: POST https://tapi.bale.ai/bot2029474166:MzkMDmPbKHhF6JT0Dn9AYuq84mnTq20L1wk/getUpdates "HTTP/1.1 200 OK"
2026-04-28 16:50:18,816 - balethon.network.connection - INFO - [getUpdates] JSON{'offset': 23}
2026-04-28 16:50:23,858 - httpx - INFO - HTTP Request: POST https://tapi.bale.ai/bot2029474166:MzkMDmPbKHhF6JT0Dn9AYuq84mnTq20L1wk/getUpdates "HTTP/1.1 200 OK"
2026-04-28 16:50:23,871 - balethon.network.connection - INFO - [getUpdates] JSON{'offset': 23}
2026-04-28 16:50:28,954 - httpx - INFO - HTTP Request: POST https://tapi.bale.ai/bot2029474166:MzkMDmPbKHhF6JT0Dn9AYuq84mnTq20L1wk/getUpdates "HTTP/1.1 200 OK"
2026-04-28 16:50:28,965 - balethon.network.connection - INFO - [getUpdates] JSON{'offset': 23}
2026-04-28 16:50:34,053 - httpx - INFO - HTTP Request: POST https://tapi.bale.ai/bot2029474166:MzkMDmPbKHhF6JT0Dn9AYuq84mnTq20L1wk/getUpdates "HTTP/1.1 200 OK"
2026-04-28 16:50:34,065 - balethon.network.connection - INFO - [getUpdates] JSON{'offset': 23}
2026-04-28 16:50:39,164 - httpx - INFO - HTTP Request: POST https://tapi.bale.ai/bot2029474166:MzkMDmPbKHhF6JT0Dn9AYuq84mnTq20L1wk/getUpdates "HTTP/1.1 200 OK"
2026-04-28 16:50:39,177 - balethon.network.connection - INFO - [getUpdates] JSON{'offset': 23}
2026-04-28 16:50:44,202 - httpx - INFO - HTTP Request: POST https://tapi.bale.ai/bot2029474166:MzkMDmPbKHhF6JT0Dn9AYuq84mnTq20L1wk/getUpdates "HTTP/1.1 200 OK"
2026-04-28 16:50:44,213 - balethon.network.connection - INFO - [getUpdates] JSON{'offset': 23}
2026-04-28 16:50:49,259 - httpx - INFO - HTTP Request: POST https://tapi.bale.ai/bot2029474166:MzkMDmPbKHhF6JT0Dn9AYuq84mnTq20L1wk/getUpdates "HTTP/1.1 200 OK"
2026-04-28 16:50:49,277 - balethon.network.connection - INFO - [getUpdates] JSON{'offset': 23}
2026-04-28 16:50:54,305 - httpx - INFO - HTTP Request: POST https://tapi.bale.ai/bot2029474166:MzkMDmPbKHhF6JT0Dn9AYuq84mnTq20L1wk/getUpdates "HTTP/1.1 200 OK"
2026-04-28 16:50:54,321 - balethon.network.connection - INFO - [getUpdates] JSON{'offset': 23}
2026-04-28 16:50:59,346 - httpx - INFO - HTTP Request: POST https://tapi.bale.ai/bot2029474166:MzkMDmPbKHhF6JT0Dn9AYuq84mnTq20L1wk/getUpdates "HTTP/1.1 200 OK"
2026-04-28 16:50:59,359 - balethon.network.connection - INFO - [getUpdates] JSON{'offset': 23}
2026-04-28 16:51:04,387 - httpx - INFO - HTTP Request: POST https://tapi.bale.ai/bot2029474166:MzkMDmPbKHhF6JT0Dn9AYuq84mnTq20L1wk/getUpdates "HTTP/1.1 200 OK"
2026-04-28 16:51:04,396 - balethon.network.connection - INFO - [getUpdates] JSON{'offset': 23}
2026-04-28 16:51:09,423 - httpx - INFO - HTTP Request: POST https://tapi.bale.ai/bot2029474166:MzkMDmPbKHhF6JT0Dn9AYuq84mnTq20L1wk/getUpdates "HTTP/1.1 200 OK"
2026-04-28 16:51:09,438 - balethon.network.connection - INFO - [getUpdates] JSON{'offset': 23}
2026-04-28 16:51:14,460 - httpx - INFO - HTTP Request: POST https://tapi.bale.ai/bot2029474166:MzkMDmPbKHhF6JT0Dn9AYuq84mnTq20L1wk/getUpdates "HTTP/1.1 200 OK"
2026-04-28 16:51:14,469 - balethon.network.connection - INFO - [getUpdates] JSON{'offset': 23}
2026-04-28 16:51:19,561 - httpx - INFO - HTTP Request: POST https://tapi.bale.ai/bot2029474166:MzkMDmPbKHhF6JT0Dn9AYuq84mnTq20L1wk/getUpdates "HTTP/1.1 200 OK"
2026-04-28 16:51:19,569 - balethon.network.connection - INFO - [getUpdates] JSON{'offset': 23}
2026-04-28 16:51:24,588 - httpx - INFO - HTTP Request: POST https://tapi.bale.ai/bot2029474166:MzkMDmPbKHhF6JT0Dn9AYuq84mnTq20L1wk/getUpdates "HTTP/1.1 200 OK"
2026-04-28 16:51:24,602 - balethon.network.connection - INFO - [getUpdates] JSON{'offset': 23}
2026-04-28 16:51:29,683 - httpx - INFO - HTTP Request: POST https://tapi.bale.ai/bot2029474166:MzkMDmPbKHhF6JT0Dn9AYuq84mnTq20L1wk/getUpdates "HTTP/1.1 200 OK"
2026-04-28 16:51:29,692 - balethon.network.connection - INFO - [getUpdates] JSON{'offset': 23}
2026-04-28 16:51:34,758 - httpx - INFO - HTTP Request: POST https://tapi.bale.ai/bot2029474166:MzkMDmPbKHhF6JT0Dn9AYuq84mnTq20L1wk/getUpdates "HTTP/1.1 200 OK"
2026-04-28 16:51:34,774 - balethon.network.connection - INFO - [getUpdates] JSON{'offset': 23}
2026-04-28 16:51:39,801 - httpx - INFO - HTTP Request: POST https://tapi.bale.ai/bot2029474166:MzkMDmPbKHhF6JT0Dn9AYuq84mnTq20L1wk/getUpdates "HTTP/1.1 200 OK"
2026-04-28 16:51:39,810 - balethon.network.connection - INFO - [getUpdates] JSON{'offset': 23}
2026-04-28 16:51:44,868 - httpx - INFO - HTTP Request: POST https://tapi.bale.ai/bot2029474166:MzkMDmPbKHhF6JT0Dn9AYuq84mnTq20L1wk/getUpdates "HTTP/1.1 200 OK"
2026-04-28 16:51:44,877 - balethon.network.connection - INFO - [getUpdates] JSON{'offset': 23}
2026-04-28 16:51:49,903 - httpx - INFO - HTTP Request: POST https://tapi.bale.ai/bot2029474166:MzkMDmPbKHhF6JT0Dn9AYuq84mnTq20L1wk/getUpdates "HTTP/1.1 200 OK"
2026-04-28 16:51:49,917 - balethon.network.connection - INFO - [getUpdates] JSON{'offset': 23}
2026-04-28 16:51:54,979 - httpx - INFO - HTTP Request: POST https://tapi.bale.ai/bot2029474166:MzkMDmPbKHhF6JT0Dn9AYuq84mnTq20L1wk/getUpdates "HTTP/1.1 200 OK"
2026-04-28 16:51:54,989 - balethon.network.connection - INFO - [getUpdates] JSON{'offset': 23}
2026-04-28 16:52:00,054 - httpx - INFO - HTTP Request: POST https://tapi.bale.ai/bot2029474166:MzkMDmPbKHhF6JT0Dn9AYuq84mnTq20L1wk/getUpdates "HTTP/1.1 200 OK"
2026-04-28 16:52:00,066 - balethon.network.connection - INFO - [getUpdates] JSON{'offset': 23}
2026-04-28 16:52:05,093 - httpx - INFO - HTTP Request: POST https://tapi.bale.ai/bot2029474166:MzkMDmPbKHhF6JT0Dn9AYuq84mnTq20L1wk/getUpdates "HTTP/1.1 200 OK"
2026-04-28 16:52:05,100 - balethon.network.connection - INFO - [getUpdates] JSON{'offset': 23}
2026-04-28 16:52:10,129 - httpx - INFO - HTTP Request: POST https://tapi.bale.ai/bot2029474166:MzkMDmPbKHhF6JT0Dn9AYuq84mnTq20L1wk/getUpdates "HTTP/1.1 200 OK"
2026-04-28 16:52:10,138 - balethon.network.connection - INFO - [getUpdates] JSON{'offset': 23}
2026-04-28 16:52:15,171 - httpx - INFO - HTTP Request: POST https://tapi.bale.ai/bot2029474166:MzkMDmPbKHhF6JT0Dn9AYuq84mnTq20L1wk/getUpdates "HTTP/1.1 200 OK"
2026-04-28 16:52:15,184 - balethon.network.connection - INFO - [getUpdates] JSON{'offset': 23}
2026-04-28 16:52:20,208 - httpx - INFO - HTTP Request: POST https://tapi.bale.ai/bot2029474166:MzkMDmPbKHhF6JT0Dn9AYuq84mnTq20L1wk/getUpdates "HTTP/1.1 200 OK"
2026-04-28 16:52:20,217 - balethon.network.connection - INFO - [getUpdates] JSON{'offset': 23}
2026-04-28 16:52:25,252 - httpx - INFO - HTTP Request: POST https://tapi.bale.ai/bot2029474166:MzkMDmPbKHhF6JT0Dn9AYuq84mnTq20L1wk/getUpdates "HTTP/1.1 200 OK"
2026-04-28 16:52:25,265 - balethon.network.connection - INFO - [getUpdates] JSON{'offset': 23}
2026-04-28 16:52:30,287 - httpx - INFO - HTTP Request: POST https://tapi.bale.ai/bot2029474166:MzkMDmPbKHhF6JT0Dn9AYuq84mnTq20L1wk/getUpdates "HTTP/1.1 200 OK"
2026-04-28 16:52:30,300 - balethon.network.connection - INFO - [getUpdates] JSON{'offset': 23}
2026-04-28 16:52:35,329 - httpx - INFO - HTTP Request: POST https://tapi.bale.ai/bot2029474166:MzkMDmPbKHhF6JT0Dn9AYuq84mnTq20L1wk/getUpdates "HTTP/1.1 200 OK"
2026-04-28 16:52:35,339 - balethon.network.connection - INFO - [getUpdates] JSON{'offset': 23}
2026-04-28 16:52:40,362 - httpx - INFO - HTTP Request: POST https://tapi.bale.ai/bot2029474166:MzkMDmPbKHhF6JT0Dn9AYuq84mnTq20L1wk/getUpdates "HTTP/1.1 200 OK"
2026-04-28 16:52:40,376 - balethon.network.connection - INFO - [getUpdates] JSON{'offset': 23}
2026-04-28 16:52:45,456 - httpx - INFO - HTTP Request: POST https://tapi.bale.ai/bot2029474166:MzkMDmPbKHhF6JT0Dn9AYuq84mnTq20L1wk/getUpdates "HTTP/1.1 200 OK"
2026-04-28 16:52:45,465 - balethon.network.connection - INFO - [getUpdates] JSON{'offset': 23}
2026-04-28 16:52:50,487 - httpx - INFO - HTTP Request: POST https://tapi.bale.ai/bot2029474166:MzkMDmPbKHhF6JT0Dn9AYuq84mnTq20L1wk/getUpdates "HTTP/1.1 200 OK"
2026-04-28 16:52:50,500 - balethon.network.connection - INFO - [getUpdates] JSON{'offset': 23}
2026-04-28 16:52:55,522 - httpx - INFO - HTTP Request: POST https://tapi.bale.ai/bot2029474166:MzkMDmPbKHhF6JT0Dn9AYuq84mnTq20L1wk/getUpdates "HTTP/1.1 200 OK"
2026-04-28 16:52:55,529 - balethon.network.connection - INFO - [getUpdates] JSON{'offset': 23}
2026-04-28 16:53:00,551 - httpx - INFO - HTTP Request: POST https://tapi.bale.ai/bot2029474166:MzkMDmPbKHhF6JT0Dn9AYuq84mnTq20L1wk/getUpdates "HTTP/1.1 200 OK"
2026-04-28 16:53:00,561 - balethon.network.connection - INFO - [getUpdates] JSON{'offset': 23}
2026-04-28 16:53:05,579 - httpx - INFO - HTTP Request: POST https://tapi.bale.ai/bot2029474166:MzkMDmPbKHhF6JT0Dn9AYuq84mnTq20L1wk/getUpdates "HTTP/1.1 200 OK"
2026-04-28 16:53:05,594 - balethon.network.connection - INFO - [getUpdates] JSON{'offset': 23}
2026-04-28 16:53:10,616 - httpx - INFO - HTTP Request: POST https://tapi.bale.ai/bot2029474166:MzkMDmPbKHhF6JT0Dn9AYuq84mnTq20L1wk/getUpdates "HTTP/1.1 200 OK"
2026-04-28 16:53:10,625 - balethon.network.connection - INFO - [getUpdates] JSON{'offset': 23}
2026-04-28 16:53:15,659 - httpx - INFO - HTTP Request: POST https://tapi.bale.ai/bot2029474166:MzkMDmPbKHhF6JT0Dn9AYuq84mnTq20L1wk/getUpdates "HTTP/1.1 200 OK"
2026-04-28 16:53:15,675 - balethon.network.connection - INFO - [getUpdates] JSON{'offset': 23}
2026-04-28 16:53:20,707 - httpx - INFO - HTTP Request: POST https://tapi.bale.ai/bot2029474166:MzkMDmPbKHhF6JT0Dn9AYuq84mnTq20L1wk/getUpdates "HTTP/1.1 200 OK"
2026-04-28 16:53:20,720 - balethon.network.connection - INFO - [getUpdates] JSON{'offset': 23}
2026-04-28 16:53:25,779 - httpx - INFO - HTTP Request: POST https://tapi.bale.ai/bot2029474166:MzkMDmPbKHhF6JT0Dn9AYuq84mnTq20L1wk/getUpdates "HTTP/1.1 200 OK"
2026-04-28 16:53:25,791 - balethon.network.connection - INFO - [getUpdates] JSON{'offset': 23}
2026-04-28 16:53:30,813 - httpx - INFO - HTTP Request: POST https://tapi.bale.ai/bot2029474166:MzkMDmPbKHhF6JT0Dn9AYuq84mnTq20L1wk/getUpdates "HTTP/1.1 200 OK"
2026-04-28 16:53:30,826 - balethon.network.connection - INFO - [getUpdates] JSON{'offset': 23}
2026-04-28 16:53:35,855 - httpx - INFO - HTTP Request: POST https://tapi.bale.ai/bot2029474166:MzkMDmPbKHhF6JT0Dn9AYuq84mnTq20L1wk/getUpdates "HTTP/1.1 200 OK"
2026-04-28 16:53:35,864 - balethon.network.connection - INFO - [getUpdates] JSON{'offset': 23}
2026-04-28 16:53:40,890 - httpx - INFO - HTTP Request: POST https://tapi.bale.ai/bot2029474166:MzkMDmPbKHhF6JT0Dn9AYuq84mnTq20L1wk/getUpdates "HTTP/1.1 200 OK"
2026-04-28 16:53:40,898 - balethon.network.connection - INFO - [getUpdates] JSON{'offset': 23}
2026-04-28 16:53:45,965 - httpx - INFO - HTTP Request: POST https://tapi.bale.ai/bot2029474166:MzkMDmPbKHhF6JT0Dn9AYuq84mnTq20L1wk/getUpdates "HTTP/1.1 200 OK"
2026-04-28 16:53:45,978 - balethon.network.connection - INFO - [getUpdates] JSON{'offset': 23}
2026-04-28 16:53:51,066 - httpx - INFO - HTTP Request: POST https://tapi.bale.ai/bot2029474166:MzkMDmPbKHhF6JT0Dn9AYuq84mnTq20L1wk/getUpdates "HTTP/1.1 200 OK"
2026-04-28 16:53:51,077 - balethon.network.connection - INFO - [getUpdates] JSON{'offset': 23}
2026-04-28 16:53:56,102 - httpx - INFO - HTTP Request: POST https://tapi.bale.ai/bot2029474166:MzkMDmPbKHhF6JT0Dn9AYuq84mnTq20L1wk/getUpdates "HTTP/1.1 200 OK"
2026-04-28 16:53:56,115 - balethon.network.connection - INFO - [getUpdates] JSON{'offset': 23}
2026-04-28 16:54:01,139 - httpx - INFO - HTTP Request: POST https://tapi.bale.ai/bot2029474166:MzkMDmPbKHhF6JT0Dn9AYuq84mnTq20L1wk/getUpdates "HTTP/1.1 200 OK"
2026-04-28 16:54:01,152 - balethon.network.connection - INFO - [getUpdates] JSON{'offset': 23}
2026-04-28 16:54:06,183 - httpx - INFO - HTTP Request: POST https://tapi.bale.ai/bot2029474166:MzkMDmPbKHhF6JT0Dn9AYuq84mnTq20L1wk/getUpdates "HTTP/1.1 200 OK"
2026-04-28 16:54:06,191 - balethon.network.connection - INFO - [getUpdates] JSON{'offset': 23}
2026-04-28 16:54:11,212 - httpx - INFO - HTTP Request: POST https://tapi.bale.ai/bot2029474166:MzkMDmPbKHhF6JT0Dn9AYuq84mnTq20L1wk/getUpdates "HTTP/1.1 200 OK"
2026-04-28 16:54:11,227 - balethon.network.connection - INFO - [getUpdates] JSON{'offset': 23}
2026-04-28 16:54:16,248 - httpx - INFO - HTTP Request: POST https://tapi.bale.ai/bot2029474166:MzkMDmPbKHhF6JT0Dn9AYuq84mnTq20L1wk/getUpdates "HTTP/1.1 200 OK"
2026-04-28 16:54:16,258 - balethon.network.connection - INFO - [getUpdates] JSON{'offset': 23}
2026-04-28 16:54:21,281 - httpx - INFO - HTTP Request: POST https://tapi.bale.ai/bot2029474166:MzkMDmPbKHhF6JT0Dn9AYuq84mnTq20L1wk/getUpdates "HTTP/1.1 200 OK"
2026-04-28 16:54:21,296 - balethon.network.connection - INFO - [getUpdates] JSON{'offset': 23}
2026-04-28 16:54:26,364 - httpx - INFO - HTTP Request: POST https://tapi.bale.ai/bot2029474166:MzkMDmPbKHhF6JT0Dn9AYuq84mnTq20L1wk/getUpdates "HTTP/1.1 200 OK"
2026-04-28 16:54:26,373 - balethon.network.connection - INFO - [getUpdates] JSON{'offset': 23}
2026-04-28 16:54:31,394 - httpx - INFO - HTTP Request: POST https://tapi.bale.ai/bot2029474166:MzkMDmPbKHhF6JT0Dn9AYuq84mnTq20L1wk/getUpdates "HTTP/1.1 200 OK"
2026-04-28 16:54:31,404 - balethon.network.connection - INFO - [getUpdates] JSON{'offset': 23}
2026-04-28 16:54:36,439 - httpx - INFO - HTTP Request: POST https://tapi.bale.ai/bot2029474166:MzkMDmPbKHhF6JT0Dn9AYuq84mnTq20L1wk/getUpdates "HTTP/1.1 200 OK"
2026-04-28 16:54:36,447 - balethon.network.connection - INFO - [getUpdates] JSON{'offset': 23}
2026-04-28 16:54:41,469 - httpx - INFO - HTTP Request: POST https://tapi.bale.ai/bot2029474166:MzkMDmPbKHhF6JT0Dn9AYuq84mnTq20L1wk/getUpdates "HTTP/1.1 200 OK"
2026-04-28 16:54:41,477 - balethon.network.connection - INFO - [getUpdates] JSON{'offset': 23}
2026-04-28 16:54:46,495 - httpx - INFO - HTTP Request: POST https://tapi.bale.ai/bot2029474166:MzkMDmPbKHhF6JT0Dn9AYuq84mnTq20L1wk/getUpdates "HTTP/1.1 200 OK"
2026-04-28 16:54:46,508 - balethon.network.connection - INFO - [getUpdates] JSON{'offset': 23}
2026-04-28 16:54:51,582 - httpx - INFO - HTTP Request: POST https://tapi.bale.ai/bot2029474166:MzkMDmPbKHhF6JT0Dn9AYuq84mnTq20L1wk/getUpdates "HTTP/1.1 200 OK"
2026-04-28 16:54:51,589 - balethon.network.connection - INFO - [getUpdates] JSON{'offset': 23}
2026-04-28 16:54:56,613 - httpx - INFO - HTTP Request: POST https://tapi.bale.ai/bot2029474166:MzkMDmPbKHhF6JT0Dn9AYuq84mnTq20L1wk/getUpdates "HTTP/1.1 200 OK"
2026-04-28 16:54:56,626 - balethon.network.connection - INFO - [getUpdates] JSON{'offset': 23}
2026-04-28 16:55:01,648 - httpx - INFO - HTTP Request: POST https://tapi.bale.ai/bot2029474166:MzkMDmPbKHhF6JT0Dn9AYuq84mnTq20L1wk/getUpdates "HTTP/1.1 200 OK"
2026-04-28 16:55:01,655 - balethon.network.connection - INFO - [getUpdates] JSON{'offset': 23}
2026-04-28 16:55:06,680 - httpx - INFO - HTTP Request: POST https://tapi.bale.ai/bot2029474166:MzkMDmPbKHhF6JT0Dn9AYuq84mnTq20L1wk/getUpdates "HTTP/1.1 200 OK"
2026-04-28 16:55:06,694 - balethon.network.connection - INFO - [getUpdates] JSON{'offset': 23}
2026-04-28 16:55:11,714 - httpx - INFO - HTTP Request: POST https://tapi.bale.ai/bot2029474166:MzkMDmPbKHhF6JT0Dn9AYuq84mnTq20L1wk/getUpdates "HTTP/1.1 200 OK"
2026-04-28 16:55:11,723 - balethon.network.connection - INFO - [getUpdates] JSON{'offset': 23}
2026-04-28 16:55:16,780 - httpx - INFO - HTTP Request: POST https://tapi.bale.ai/bot2029474166:MzkMDmPbKHhF6JT0Dn9AYuq84mnTq20L1wk/getUpdates "HTTP/1.1 200 OK"
2026-04-28 16:55:16,795 - balethon.network.connection - INFO - [getUpdates] JSON{'offset': 23}
2026-04-28 16:55:21,853 - httpx - INFO - HTTP Request: POST https://tapi.bale.ai/bot2029474166:MzkMDmPbKHhF6JT0Dn9AYuq84mnTq20L1wk/getUpdates "HTTP/1.1 200 OK"
2026-04-28 16:55:21,865 - balethon.network.connection - INFO - [getUpdates] JSON{'offset': 23}
2026-04-28 16:55:26,893 - httpx - INFO - HTTP Request: POST https://tapi.bale.ai/bot2029474166:MzkMDmPbKHhF6JT0Dn9AYuq84mnTq20L1wk/getUpdates "HTTP/1.1 200 OK"
2026-04-28 16:55:26,907 - balethon.network.connection - INFO - [getUpdates] JSON{'offset': 23}
2026-04-28 16:55:31,939 - httpx - INFO - HTTP Request: POST https://tapi.bale.ai/bot2029474166:MzkMDmPbKHhF6JT0Dn9AYuq84mnTq20L1wk/getUpdates "HTTP/1.1 200 OK"
2026-04-28 16:55:31,954 - balethon.network.connection - INFO - [getUpdates] JSON{'offset': 23}
2026-04-28 16:55:36,974 - httpx - INFO - HTTP Request: POST https://tapi.bale.ai/bot2029474166:MzkMDmPbKHhF6JT0Dn9AYuq84mnTq20L1wk/getUpdates "HTTP/1.1 200 OK"
2026-04-28 16:55:37,007 - balethon.network.connection - INFO - [getUpdates] JSON{'offset': 23}
2026-04-28 16:55:42,042 - httpx - INFO - HTTP Request: POST https://tapi.bale.ai/bot2029474166:MzkMDmPbKHhF6JT0Dn9AYuq84mnTq20L1wk/getUpdates "HTTP/1.1 200 OK"
2026-04-28 16:55:42,057 - balethon.network.connection - INFO - [getUpdates] JSON{'offset': 23}
2026-04-28 16:55:47,233 - httpx - INFO - HTTP Request: POST https://tapi.bale.ai/bot2029474166:MzkMDmPbKHhF6JT0Dn9AYuq84mnTq20L1wk/getUpdates "HTTP/1.1 200 OK"
2026-04-28 16:55:47,240 - balethon.network.connection - INFO - [getUpdates] JSON{'offset': 23}
2026-04-28 16:55:48,720 - balethon.network.connection - INFO - [getUpdates] JSON{'offset': 23}
2026-04-28 16:55:48,845 - balethon.network.connection - INFO - [getUpdates] JSON{'offset': 23}
2026-04-28 16:55:48,900 - balethon.network.connection - INFO - [getUpdates] JSON{'offset': 23}
2026-04-28 16:55:48,919 - balethon.network.connection - INFO - [getUpdates] JSON{'offset': 23}
2026-04-28 16:55:48,937 - balethon.network.connection - INFO - [getUpdates] JSON{'offset': 23}
2026-04-28 16:55:48,954 - balethon.network.connection - INFO - [getUpdates] JSON{'offset': 23}
2026-04-28 16:55:48,969 - balethon.network.connection - INFO - [getUpdates] JSON{'offset': 23}
2026-04-28 16:55:48,983 - balethon.network.connection - INFO - [getUpdates] JSON{'offset': 23}
2026-04-28 16:55:48,995 - balethon.network.connection - INFO - [getUpdates] JSON{'offset': 23}
2026-04-28 16:55:49,008 - balethon.network.connection - INFO - [getUpdates] JSON{'offset': 23}
2026-04-28 16:55:49,073 - balethon.network.connection - INFO - [getUpdates] JSON{'offset': 23}
2026-04-28 16:55:49,096 - balethon.network.connection - INFO - [getUpdates] JSON{'offset': 23}
2026-04-28 16:55:49,109 - balethon.network.connection - INFO - [getUpdates] JSON{'offset': 23}
2026-04-28 16:55:49,128 - balethon.network.connection - INFO - [getUpdates] JSON{'offset': 23}
2026-04-28 16:55:49,157 - balethon.network.connection - INFO - [getUpdates] JSON{'offset': 23}
2026-04-28 16:55:49,182 - balethon.network.connection - INFO - [getUpdates] JSON{'offset': 23}
2026-04-28 16:55:49,204 - balethon.network.connection - INFO - [getUpdates] JSON{'offset': 23}
2026-04-28 16:55:49,222 - balethon.network.connection - INFO - [getUpdates] JSON{'offset': 23}
2026-04-28 16:55:49,260 - balethon.network.connection - INFO - [getUpdates] JSON{'offset': 23}
2026-04-28 16:55:49,277 - balethon.network.connection - INFO - [getUpdates] JSON{'offset': 23}
2026-04-28 16:55:49,293 - balethon.network.connection - INFO - [getUpdates] JSON{'offset': 23}
2026-04-28 16:55:49,305 - balethon.network.connection - INFO - [getUpdates] JSON{'offset': 23}
2026-04-28 16:55:49,322 - balethon.network.connection - INFO - [getUpdates] JSON{'offset': 23}
2026-04-28 16:55:49,334 - balethon.network.connection - INFO - [getUpdates] JSON{'offset': 23}
2026-04-28 16:55:49,348 - balethon.network.connection - INFO - [getUpdates] JSON{'offset': 23}
2026-04-28 16:55:49,363 - balethon.network.connection - INFO - [getUpdates] JSON{'offset': 23}
2026-04-28 16:55:49,375 - balethon.network.connection - INFO - [getUpdates] JSON{'offset': 23}
2026-04-28 16:55:49,392 - balethon.network.connection - INFO - [getUpdates] JSON{'offset': 23}
2026-04-28 16:55:49,407 - balethon.network.connection - INFO - [getUpdates] JSON{'offset': 23}
2026-04-28 16:55:49,420 - balethon.network.connection - INFO - [getUpdates] JSON{'offset': 23}
2026-04-28 16:55:49,433 - balethon.network.connection - INFO - [getUpdates] JSON{'offset': 23}
2026-04-28 16:55:49,447 - balethon.network.connection - INFO - [getUpdates] JSON{'offset': 23}
2026-04-28 16:55:49,458 - balethon.network.connection - INFO - [getUpdates] JSON{'offset': 23}
2026-04-28 16:55:49,469 - balethon.network.connection - INFO - [getUpdates] JSON{'offset': 23}
2026-04-28 16:55:49,478 - balethon.network.connection - INFO - [getUpdates] JSON{'offset': 23}
2026-04-28 16:55:49,487 - balethon.network.connection - INFO - [getUpdates] JSON{'offset': 23}
2026-04-28 16:55:49,497 - balethon.network.connection - INFO - [getUpdates] JSON{'offset': 23}
2026-04-28 16:55:49,506 - balethon.network.connection - INFO - [getUpdates] JSON{'offset': 23}
2026-04-28 16:55:49,516 - balethon.network.connection - INFO - [getUpdates] JSON{'offset': 23}
2026-04-28 16:55:49,525 - balethon.network.connection - INFO - [getUpdates] JSON{'offset': 23}
2026-04-28 16:55:49,535 - balethon.network.connection - INFO - [getUpdates] JSON{'offset': 23}
2026-04-28 16:55:49,545 - balethon.network.connection - INFO - [getUpdates] JSON{'offset': 23}
2026-04-28 16:55:49,554 - balethon.network.connection - INFO - [getUpdates] JSON{'offset': 23}
2026-04-28 16:55:49,564 - balethon.network.connection - INFO - [getUpdates] JSON{'offset': 23}
2026-04-28 16:55:49,574 - balethon.network.connection - INFO - [getUpdates] JSON{'offset': 23}
2026-04-28 17:01:52,508 - balethon.network.connection - INFO - [getUpdates] JSON{'offset': 23}
2026-04-28 17:01:52,542 - balethon.network.connection - INFO - [getUpdates] JSON{'offset': 23}
2026-04-28 17:01:52,554 - balethon.network.connection - INFO - [getUpdates] JSON{'offset': 23}
2026-04-28 17:01:52,567 - balethon.network.connection - INFO - [getUpdates] JSON{'offset': 23}
2026-04-28 17:01:52,581 - balethon.network.connection - INFO - [getUpdates] JSON{'offset': 23}
2026-04-28 17:01:52,595 - balethon.network.connection - INFO - [getUpdates] JSON{'offset': 23}
2026-04-28 17:01:52,608 - balethon.network.connection - INFO - [getUpdates] JSON{'offset': 23}
2026-04-28 17:01:52,623 - balethon.network.connection - INFO - [getUpdates] JSON{'offset': 23}
2026-04-28 17:01:52,644 - balethon.network.connection - INFO - [getUpdates] JSON{'offset': 23}
2026-04-28 17:01:52,661 - balethon.network.connection - INFO - [getUpdates] JSON{'offset': 23}
2026-04-28 17:01:52,680 - balethon.network.connection - INFO - [getUpdates] JSON{'offset': 23}
2026-04-28 17:01:52,697 - balethon.network.connection - INFO - [getUpdates] JSON{'offset': 23}
2026-04-28 17:01:52,715 - balethon.network.connection - INFO - [getUpdates] JSON{'offset': 23}
2026-04-28 17:01:52,732 - balethon.network.connection - INFO - [getUpdates] JSON{'offset': 23}
2026-04-28 17:01:52,748 - balethon.network.connection - INFO - [getUpdates] JSON{'offset': 23}
2026-04-28 17:01:52,760 - balethon.network.connection - INFO - [getUpdates] JSON{'offset': 23}
2026-04-28 17:01:52,773 - balethon.network.connection - INFO - [getUpdates] JSON{'offset': 23}
2026-04-28 17:01:52,786 - balethon.network.connection - INFO - [getUpdates] JSON{'offset': 23}
2026-04-28 17:01:52,799 - balethon.network.connection - INFO - [getUpdates] JSON{'offset': 23}
2026-04-28 17:01:52,810 - balethon.network.connection - INFO - [getUpdates] JSON{'offset': 23}
2026-04-28 17:01:52,824 - balethon.network.connection - INFO - [getUpdates] JSON{'offset': 23}
2026-04-28 17:01:52,837 - balethon.network.connection - INFO - [getUpdates] JSON{'offset': 23}
2026-04-28 17:01:52,849 - balethon.network.connection - INFO - [getUpdates] JSON{'offset': 23}
2026-04-28 17:01:52,862 - balethon.network.connection - INFO - [getUpdates] JSON{'offset': 23}
2026-04-28 17:01:52,874 - balethon.network.connection - INFO - [getUpdates] JSON{'offset': 23}
2026-04-28 17:01:52,886 - balethon.network.connection - INFO - [getUpdates] JSON{'offset': 23}
2026-04-28 17:01:52,896 - balethon.network.connection - INFO - [getUpdates] JSON{'offset': 23}
2026-04-28 17:01:52,908 - balethon.network.connection - INFO - [getUpdates] JSON{'offset': 23}
2026-04-28 17:01:52,919 - balethon.network.connection - INFO - [getUpdates] JSON{'offset': 23}
2026-04-28 17:01:52,933 - balethon.network.connection - INFO - [getUpdates] JSON{'offset': 23}
2026-04-28 17:01:52,944 - balethon.network.connection - INFO - [getUpdates] JSON{'offset': 23}
2026-04-28 17:01:52,957 - balethon.network.connection - INFO - [getUpdates] JSON{'offset': 23}
2026-04-28 17:01:52,970 - balethon.network.connection - INFO - [getUpdates] JSON{'offset': 23}
2026-04-28 17:01:52,984 - balethon.network.connection - INFO - [getUpdates] JSON{'offset': 23}
2026-04-28 17:01:52,996 - balethon.network.connection - INFO - [getUpdates] JSON{'offset': 23}
2026-04-28 17:01:53,009 - balethon.network.connection - INFO - [getUpdates] JSON{'offset': 23}
2026-04-28 17:01:53,021 - balethon.network.connection - INFO - [getUpdates] JSON{'offset': 23}
2026-04-28 17:01:53,035 - balethon.network.connection - INFO - [getUpdates] JSON{'offset': 23}
2026-04-28 17:01:53,048 - balethon.network.connection - INFO - [getUpdates] JSON{'offset': 23}
2026-04-28 17:01:53,059 - balethon.network.connection - INFO - [getUpdates] JSON{'offset': 23}
2026-04-28 17:01:53,072 - balethon.network.connection - INFO - [getUpdates] JSON{'offset': 23}
2026-04-28 17:01:53,084 - balethon.network.connection - INFO - [getUpdates] JSON{'offset': 23}
2026-04-28 17:01:53,095 - balethon.network.connection - INFO - [getUpdates] JSON{'offset': 23}
2026-04-28 17:01:53,107 - balethon.network.connection - INFO - [getUpdates] JSON{'offset': 23}
2026-04-28 17:01:53,119 - balethon.network.connection - INFO - [getUpdates] JSON{'offset': 23}
2026-04-28 17:01:53,130 - balethon.network.connection - INFO - [getUpdates] JSON{'offset': 23}
2026-04-28 17:01:53,140 - balethon.network.connection - INFO - [getUpdates] JSON{'offset': 23}
2026-04-28 17:01:53,150 - balethon.network.connection - INFO - [getUpdates] JSON{'offset': 23}
2026-04-28 17:01:53,161 - balethon.network.connection - INFO - [getUpdates] JSON{'offset': 23}
2026-04-28 17:01:53,172 - balethon.network.connection - INFO - [getUpdates] JSON{'offset': 23}
2026-04-28 17:01:53,182 - balethon.network.connection - INFO - [getUpdates] JSON{'offset': 23}
2026-04-28 17:01:53,193 - balethon.network.connection - INFO - [getUpdates] JSON{'offset': 23}
2026-04-28 17:01:53,202 - balethon.network.connection - INFO - [getUpdates] JSON{'offset': 23}
2026-04-28 17:01:53,213 - balethon.network.connection - INFO - [getUpdates] JSON{'offset': 23}
2026-04-28 17:01:53,223 - balethon.network.connection - INFO - [getUpdates] JSON{'offset': 23}
2026-04-28 17:01:53,233 - balethon.network.connection - INFO - [getUpdates] JSON{'offset': 23}
2026-04-28 17:01:53,243 - balethon.network.connection - INFO - [getUpdates] JSON{'offset': 23}
2026-04-28 17:01:53,254 - balethon.network.connection - INFO - [getUpdates] JSON{'offset': 23}
2026-04-28 17:01:53,266 - balethon.network.connection - INFO - [getUpdates] JSON{'offset': 23}
2026-04-28 17:01:53,278 - balethon.network.connection - INFO - [getUpdates] JSON{'offset': 23}
2026-04-28 17:01:53,289 - balethon.network.connection - INFO - [getUpdates] JSON{'offset': 23}
2026-04-28 17:01:53,301 - balethon.network.connection - INFO - [getUpdates] JSON{'offset': 23}
2026-04-28 17:01:53,320 - balethon.network.connection - INFO - [getUpdates] JSON{'offset': 23}
2026-04-28 17:01:53,347 - balethon.network.connection - INFO - [getUpdates] JSON{'offset': 23}
2026-04-28 17:01:53,359 - balethon.network.connection - INFO - [getUpdates] JSON{'offset': 23}
2026-04-28 17:01:53,370 - balethon.network.connection - INFO - [getUpdates] JSON{'offset': 23}
2026-04-28 17:01:53,381 - balethon.network.connection - INFO - [getUpdates] JSON{'offset': 23}
2026-04-28 17:01:53,393 - balethon.network.connection - INFO - [getUpdates] JSON{'offset': 23}
2026-04-28 17:01:53,404 - balethon.network.connection - INFO - [getUpdates] JSON{'offset': 23}
2026-04-28 17:01:53,415 - balethon.network.connection - INFO - [getUpdates] JSON{'offset': 23}
2026-04-28 17:01:53,429 - balethon.network.connection - INFO - [getUpdates] JSON{'offset': 23}
2026-04-28 17:01:53,450 - balethon.network.connection - INFO - [getUpdates] JSON{'offset': 23}
2026-04-28 17:01:53,460 - balethon.network.connection - INFO - [getUpdates] JSON{'offset': 23}
2026-04-28 17:01:53,469 - balethon.network.connection - INFO - [getUpdates] JSON{'offset': 23}
2026-04-28 17:01:53,478 - balethon.network.connection - INFO - [getUpdates] JSON{'offset': 23}
2026-04-28 17:01:53,487 - balethon.network.connection - INFO - [getUpdates] JSON{'offset': 23}
2026-04-28 17:01:53,496 - balethon.network.connection - INFO - [getUpdates] JSON{'offset': 23}
2026-04-28 17:01:53,505 - balethon.network.connection - INFO - [getUpdates] JSON{'offset': 23}
2026-04-28 17:01:53,517 - balethon.network.connection - INFO - [getUpdates] JSON{'offset': 23}
2026-04-28 17:01:53,550 - balethon.network.connection - INFO - [getUpdates] JSON{'offset': 23}
2026-04-28 17:01:53,561 - balethon.network.connection - INFO - [getUpdates] JSON{'offset': 23}
2026-04-28 17:01:53,576 - balethon.network.connection - INFO - [getUpdates] JSON{'offset': 23}
2026-04-28 17:01:53,597 - balethon.network.connection - INFO - [getUpdates] JSON{'offset': 23}
2026-04-28 17:01:53,608 - balethon.network.connection - INFO - [getUpdates] JSON{'offset': 23}
2026-04-28 17:01:53,619 - balethon.network.connection - INFO - [getUpdates] JSON{'offset': 23}
2026-04-28 17:01:53,635 - balethon.network.connection - INFO - [getUpdates] JSON{'offset': 23}
2026-04-28 17:01:53,657 - balethon.network.connection - INFO - [getUpdates] JSON{'offset': 23}
2026-04-28 17:01:53,670 - balethon.network.connection - INFO - [getUpdates] JSON{'offset': 23}
2026-04-28 17:01:53,704 - balethon.network.connection - INFO - [getUpdates] JSON{'offset': 23}
2026-04-28 17:01:53,727 - balethon.network.connection - INFO - [getUpdates] JSON{'offset': 23}
2026-04-28 17:01:53,756 - balethon.network.connection - INFO - [getUpdates] JSON{'offset': 23}
2026-04-28 17:01:53,784 - balethon.network.connection - INFO - [getUpdates] JSON{'offset': 23}
2026-04-28 17:01:53,811 - balethon.network.connection - INFO - [getUpdates] JSON{'offset': 23}
2026-04-28 17:01:53,834 - balethon.network.connection - INFO - [getUpdates] JSON{'offset': 23}
2026-04-28 17:01:53,852 - balethon.network.connection - INFO - [getUpdates] JSON{'offset': 23}
2026-04-28 17:01:53,893 - balethon.network.connection - INFO - [getUpdates] JSON{'offset': 23}
2026-04-28 17:01:53,923 - balethon.network.connection - INFO - [getUpdates] JSON{'offset': 23}
2026-04-28 17:01:53,951 - balethon.network.connection - INFO - [getUpdates] JSON{'offset': 23}
2026-04-28 17:01:53,983 - balethon.network.connection - INFO - [getUpdates] JSON{'offset': 23}
2026-04-28 17:01:54,016 - balethon.network.connection - INFO - [getUpdates] JSON{'offset': 23}
2026-04-28 17:01:54,047 - balethon.network.connection - INFO - [getUpdates] JSON{'offset': 23}
2026-04-28 17:01:54,077 - balethon.network.connection - INFO - [getUpdates] JSON{'offset': 23}
2026-04-28 17:01:54,130 - balethon.network.connection - INFO - [getUpdates] JSON{'offset': 23}
2026-04-28 17:01:54,152 - balethon.network.connection - INFO - [getUpdates] JSON{'offset': 23}
2026-04-28 17:01:54,172 - balethon.network.connection - INFO - [getUpdates] JSON{'offset': 23}
2026-04-28 17:01:54,201 - balethon.network.connection - INFO - [getUpdates] JSON{'offset': 23}
2026-04-28 17:01:54,233 - balethon.network.connection - INFO - [getUpdates] JSON{'offset': 23}
2026-04-28 17:01:54,256 - balethon.network.connection - INFO - [getUpdates] JSON{'offset': 23}
2026-04-28 17:01:54,278 - balethon.network.connection - INFO - [getUpdates] JSON{'offset': 23}
2026-04-28 17:01:54,302 - balethon.network.connection - INFO - [getUpdates] JSON{'offset': 23}
2026-04-28 17:01:54,328 - balethon.network.connection - INFO - [getUpdates] JSON{'offset': 23}
2026-04-28 17:01:54,342 - balethon.network.connection - INFO - [getUpdates] JSON{'offset': 23}
2026-04-28 17:01:54,356 - balethon.network.connection - INFO - [getUpdates] JSON{'offset': 23}
2026-04-28 17:01:54,368 - balethon.network.connection - INFO - [getUpdates] JSON{'offset': 23}
2026-04-28 17:01:54,380 - balethon.network.connection - INFO - [getUpdates] JSON{'offset': 23}
2026-04-28 17:01:54,391 - balethon.network.connection - INFO - [getUpdates] JSON{'offset': 23}
2026-04-28 17:01:54,402 - balethon.network.connection - INFO - [getUpdates] JSON{'offset': 23}
2026-04-28 17:01:54,423 - balethon.network.connection - INFO - [getUpdates] JSON{'offset': 23}
2026-04-28 17:01:54,438 - balethon.network.connection - INFO - [getUpdates] JSON{'offset': 23}
2026-04-28 17:01:54,453 - balethon.network.connection - INFO - [getUpdates] JSON{'offset': 23}
2026-04-28 17:01:54,468 - balethon.network.connection - INFO - [getUpdates] JSON{'offset': 23}
2026-04-28 17:01:54,576 - balethon.network.connection - INFO - [getUpdates] JSON{'offset': 23}
2026-04-28 17:01:54,699 - balethon.network.connection - INFO - [getUpdates] JSON{'offset': 23}
2026-04-28 17:01:55,226 - balethon.network.connection - INFO - [getUpdates] JSON{'offset': 23}
2026-04-28 17:01:55,366 - balethon.network.connection - INFO - [getUpdates] JSON{'offset': 23}
2026-04-28 17:01:55,498 - balethon.network.connection - INFO - [getUpdates] JSON{'offset': 23}
2026-04-28 17:01:55,582 - balethon.network.connection - INFO - [getUpdates] JSON{'offset': 23}
2026-04-28 17:01:55,700 - balethon.network.connection - INFO - [getUpdates] JSON{'offset': 23}
2026-04-28 17:01:55,862 - balethon.network.connection - INFO - [getUpdates] JSON{'offset': 23}
2026-04-28 17:01:55,985 - balethon.network.connection - INFO - [getUpdates] JSON{'offset': 23}
2026-04-28 17:01:56,102 - balethon.network.connection - INFO - [getUpdates] JSON{'offset': 23}
2026-04-28 17:01:56,317 - balethon.network.connection - INFO - [getUpdates] JSON{'offset': 23}
2026-04-28 17:01:56,407 - balethon.network.connection - INFO - [getUpdates] JSON{'offset': 23}
2026-04-28 17:01:56,473 - balethon.network.connection - INFO - [getUpdates] JSON{'offset': 23}
2026-04-28 17:01:56,543 - balethon.network.connection - INFO - [getUpdates] JSON{'offset': 23}
2026-04-28 17:01:56,577 - balethon.network.connection - INFO - [getUpdates] JSON{'offset': 23}
2026-04-28 17:01:56,617 - balethon.network.connection - INFO - [getUpdates] JSON{'offset': 23}
2026-04-28 17:01:56,654 - balethon.network.connection - INFO - [getUpdates] JSON{'offset': 23}
2026-04-28 17:01:56,694 - balethon.network.connection - INFO - [getUpdates] JSON{'offset': 23}
2026-04-28 17:01:56,730 - balethon.network.connection - INFO - [getUpdates] JSON{'offset': 23}
2026-04-28 17:01:56,893 - balethon.network.connection - INFO - [getUpdates] JSON{'offset': 23}
2026-04-28 17:01:56,951 - balethon.network.connection - INFO - [getUpdates] JSON{'offset': 23}
2026-04-28 17:01:57,007 - balethon.network.connection - INFO - [getUpdates] JSON{'offset': 23}
2026-04-28 17:01:57,162 - balethon.network.connection - INFO - [getUpdates] JSON{'offset': 23}
2026-04-28 17:01:57,229 - balethon.network.connection - INFO - [getUpdates] JSON{'offset': 23}
2026-04-28 17:01:57,326 - balethon.network.connection - INFO - [getUpdates] JSON{'offset': 23}
2026-04-28 17:01:57,378 - balethon.network.connection - INFO - [getUpdates] JSON{'offset': 23}
2026-04-28 17:01:57,409 - balethon.network.connection - INFO - [getUpdates] JSON{'offset': 23}
2026-04-28 17:01:57,430 - balethon.network.connection - INFO - [getUpdates] JSON{'offset': 23}
2026-04-28 17:01:57,457 - balethon.network.connection - INFO - [getUpdates] JSON{'offset': 23}
2026-04-28 17:01:57,474 - balethon.network.connection - INFO - [getUpdates] JSON{'offset': 23}
2026-04-28 17:01:57,504 - balethon.network.connection - INFO - [getUpdates] JSON{'offset': 23}
2026-04-28 17:01:57,524 - balethon.network.connection - INFO - [getUpdates] JSON{'offset': 23}
2026-04-28 17:01:57,547 - balethon.network.connection - INFO - [getUpdates] JSON{'offset': 23}
2026-04-28 17:01:57,570 - balethon.network.connection - INFO - [getUpdates] JSON{'offset': 23}
2026-04-28 17:01:57,607 - balethon.network.connection - INFO - [getUpdates] JSON{'offset': 23}
2026-04-28 17:01:57,631 - balethon.network.connection - INFO - [getUpdates] JSON{'offset': 23}
2026-04-28 17:01:57,662 - balethon.network.connection - INFO - [getUpdates] JSON{'offset': 23}
2026-04-28 17:01:57,687 - balethon.network.connection - INFO - [getUpdates] JSON{'offset': 23}
2026-04-28 17:01:57,713 - balethon.network.connection - INFO - [getUpdates] JSON{'offset': 23}
2026-04-28 17:01:57,729 - balethon.network.connection - INFO - [getUpdates] JSON{'offset': 23}
2026-04-28 17:01:57,748 - balethon.network.connection - INFO - [getUpdates] JSON{'offset': 23}
2026-04-28 17:01:57,769 - balethon.network.connection - INFO - [getUpdates] JSON{'offset': 23}
2026-04-28 17:01:57,783 - balethon.network.connection - INFO - [getUpdates] JSON{'offset': 23}
2026-04-28 17:01:57,822 - balethon.network.connection - INFO - [getUpdates] JSON{'offset': 23}
2026-04-28 17:01:57,862 - balethon.network.connection - INFO - [getUpdates] JSON{'offset': 23}
2026-04-28 17:01:57,885 - balethon.network.connection - INFO - [getUpdates] JSON{'offset': 23}
2026-04-28 17:01:57,903 - balethon.network.connection - INFO - [getUpdates] JSON{'offset': 23}
2026-04-28 17:01:57,921 - balethon.network.connection - INFO - [getUpdates] JSON{'offset': 23}
2026-04-28 17:01:57,934 - balethon.network.connection - INFO - [getUpdates] JSON{'offset': 23}
2026-04-28 17:01:57,950 - balethon.network.connection - INFO - [getUpdates] JSON{'offset': 23}
2026-04-28 17:01:57,997 - balethon.network.connection - INFO - [getUpdates] JSON{'offset': 23}
2026-04-28 17:01:58,057 - balethon.network.connection - INFO - [getUpdates] JSON{'offset': 23}
2026-04-28 17:01:58,095 - balethon.network.connection - INFO - [getUpdates] JSON{'offset': 23}
2026-04-28 17:01:58,142 - balethon.network.connection - INFO - [getUpdates] JSON{'offset': 23}
2026-04-28 17:01:58,164 - balethon.network.connection - INFO - [getUpdates] JSON{'offset': 23}
2026-04-28 17:01:58,191 - balethon.network.connection - INFO - [getUpdates] JSON{'offset': 23}
2026-04-28 17:01:58,220 - balethon.network.connection - INFO - [getUpdates] JSON{'offset': 23}
2026-04-28 17:01:58,243 - balethon.network.connection - INFO - [getUpdates] JSON{'offset': 23}
2026-04-28 17:01:58,291 - balethon.network.connection - INFO - [getUpdates] JSON{'offset': 23}
2026-04-28 17:01:58,328 - balethon.network.connection - INFO - [getUpdates] JSON{'offset': 23}
2026-04-28 17:01:58,376 - balethon.network.connection - INFO - [getUpdates] JSON{'offset': 23}
2026-04-28 17:01:58,406 - balethon.network.connection - INFO - [getUpdates] JSON{'offset': 23}
2026-04-28 17:01:58,429 - balethon.network.connection - INFO - [getUpdates] JSON{'offset': 23}
2026-04-28 17:01:58,450 - balethon.network.connection - INFO - [getUpdates] JSON{'offset': 23}
2026-04-28 17:01:58,476 - balethon.network.connection - INFO - [getUpdates] JSON{'offset': 23}
2026-04-28 17:01:58,505 - balethon.network.connection - INFO - [getUpdates] JSON{'offset': 23}
2026-04-28 17:01:58,527 - balethon.network.connection - INFO - [getUpdates] JSON{'offset': 23}
2026-04-28 17:01:58,549 - balethon.network.connection - INFO - [getUpdates] JSON{'offset': 23}
2026-04-28 17:01:58,574 - balethon.network.connection - INFO - [getUpdates] JSON{'offset': 23}
2026-04-28 17:01:58,589 - balethon.network.connection - INFO - [getUpdates] JSON{'offset': 23}
2026-04-28 17:01:58,602 - balethon.network.connection - INFO - [getUpdates] JSON{'offset': 23}
2026-04-28 17:01:58,616 - balethon.network.connection - INFO - [getUpdates] JSON{'offset': 23}
2026-04-28 17:01:58,633 - balethon.network.connection - INFO - [getUpdates] JSON{'offset': 23}
2026-04-28 17:01:58,656 - balethon.network.connection - INFO - [getUpdates] JSON{'offset': 23}
2026-04-28 17:01:58,668 - balethon.network.connection - INFO - [getUpdates] JSON{'offset': 23}
2026-04-28 17:01:58,684 - balethon.network.connection - INFO - [getUpdates] JSON{'offset': 23}
2026-04-28 17:01:58,699 - balethon.network.connection - INFO - [getUpdates] JSON{'offset': 23}
2026-04-28 17:01:58,716 - balethon.network.connection - INFO - [getUpdates] JSON{'offset': 23}
2026-04-28 17:01:58,727 - balethon.network.connection - INFO - [getUpdates] JSON{'offset': 23}
2026-04-28 17:01:58,742 - balethon.network.connection - INFO - [getUpdates] JSON{'offset': 23}
2026-04-28 17:01:58,754 - balethon.network.connection - INFO - [getUpdates] JSON{'offset': 23}
2026-04-28 17:01:58,767 - balethon.network.connection - INFO - [getUpdates] JSON{'offset': 23}
2026-04-28 17:01:58,780 - balethon.network.connection - INFO - [getUpdates] JSON{'offset': 23}
2026-04-28 17:01:58,793 - balethon.network.connection - INFO - [getUpdates] JSON{'offset': 23}
2026-04-28 17:01:58,804 - balethon.network.connection - INFO - [getUpdates] JSON{'offset': 23}
2026-04-28 17:01:58,816 - balethon.network.connection - INFO - [getUpdates] JSON{'offset': 23}
2026-04-28 17:01:58,827 - balethon.network.connection - INFO - [getUpdates] JSON{'offset': 23}
2026-04-28 17:01:58,842 - balethon.network.connection - INFO - [getUpdates] JSON{'offset': 23}
2026-04-28 17:01:58,853 - balethon.network.connection - INFO - [getUpdates] JSON{'offset': 23}
2026-04-28 17:01:58,869 - balethon.network.connection - INFO - [getUpdates] JSON{'offset': 23}
2026-04-28 17:01:58,880 - balethon.network.connection - INFO - [getUpdates] JSON{'offset': 23}
2026-04-28 17:01:58,891 - balethon.network.connection - INFO - [getUpdates] JSON{'offset': 23}
2026-04-28 17:01:58,903 - balethon.network.connection - INFO - [getUpdates] JSON{'offset': 23}
2026-04-28 17:01:58,915 - balethon.network.connection - INFO - [getUpdates] JSON{'offset': 23}
2026-04-28 17:01:58,930 - balethon.network.connection - INFO - [getUpdates] JSON{'offset': 23}
2026-04-28 17:01:58,943 - balethon.network.connection - INFO - [getUpdates] JSON{'offset': 23}
2026-04-28 17:01:58,953 - balethon.network.connection - INFO - [getUpdates] JSON{'offset': 23}
2026-04-28 17:01:58,966 - balethon.network.connection - INFO - [getUpdates] JSON{'offset': 23}
2026-04-28 17:01:58,978 - balethon.network.connection - INFO - [getUpdates] JSON{'offset': 23}
2026-04-28 17:01:58,993 - balethon.network.connection - INFO - [getUpdates] JSON{'offset': 23}
2026-04-28 17:01:59,016 - balethon.network.connection - INFO - [getUpdates] JSON{'offset': 23}
2026-04-28 17:01:59,027 - balethon.network.connection - INFO - [getUpdates] JSON{'offset': 23}
2026-04-28 17:01:59,042 - balethon.network.connection - INFO - [getUpdates] JSON{'offset': 23}
2026-04-28 17:01:59,053 - balethon.network.connection - INFO - [getUpdates] JSON{'offset': 23}
2026-04-28 17:01:59,066 - balethon.network.connection - INFO - [getUpdates] JSON{'offset': 23}
2026-04-28 17:01:59,077 - balethon.network.connection - INFO - [getUpdates] JSON{'offset': 23}
2026-04-28 17:01:59,090 - balethon.network.connection - INFO - [getUpdates] JSON{'offset': 23}
2026-04-28 17:01:59,101 - balethon.network.connection - INFO - [getUpdates] JSON{'offset': 23}
2026-04-28 17:01:59,113 - balethon.network.connection - INFO - [getUpdates] JSON{'offset': 23}
2026-04-28 17:01:59,136 - balethon.network.connection - INFO - [getUpdates] JSON{'offset': 23}
2026-04-28 17:01:59,164 - balethon.network.connection - INFO - [getUpdates] JSON{'offset': 23}
2026-04-28 17:01:59,199 - balethon.network.connection - INFO - [getUpdates] JSON{'offset': 23}
2026-04-28 17:01:59,213 - balethon.network.connection - INFO - [getUpdates] JSON{'offset': 23}
2026-04-28 17:01:59,229 - balethon.network.connection - INFO - [getUpdates] JSON{'offset': 23}
2026-04-28 17:01:59,243 - balethon.network.connection - INFO - [getUpdates] JSON{'offset': 23}
2026-04-28 17:01:59,260 - balethon.network.connection - INFO - [getUpdates] JSON{'offset': 23}
2026-04-28 17:01:59,274 - balethon.network.connection - INFO - [getUpdates] JSON{'offset': 23}
2026-04-28 17:01:59,294 - balethon.network.connection - INFO - [getUpdates] JSON{'offset': 23}
2026-04-28 17:01:59,306 - balethon.network.connection - INFO - [getUpdates] JSON{'offset': 23}
2026-04-28 17:01:59,322 - balethon.network.connection - INFO - [getUpdates] JSON{'offset': 23}
2026-04-28 17:01:59,341 - balethon.network.connection - INFO - [getUpdates] JSON{'offset': 23}
2026-04-28 17:01:59,362 - balethon.network.connection - INFO - [getUpdates] JSON{'offset': 23}
2026-04-28 17:01:59,381 - balethon.network.connection - INFO - [getUpdates] JSON{'offset': 23}
2026-04-28 17:01:59,400 - balethon.network.connection - INFO - [getUpdates] JSON{'offset': 23}
2026-04-28 17:01:59,422 - balethon.network.connection - INFO - [getUpdates] JSON{'offset': 23}
2026-04-28 17:01:59,446 - balethon.network.connection - INFO - [getUpdates] JSON{'offset': 23}
2026-04-28 17:01:59,471 - balethon.network.connection - INFO - [getUpdates] JSON{'offset': 23}
2026-04-28 17:01:59,489 - balethon.network.connection - INFO - [getUpdates] JSON{'offset': 23}
2026-04-28 17:01:59,500 - balethon.network.connection - INFO - [getUpdates] JSON{'offset': 23}
2026-04-28 17:01:59,513 - balethon.network.connection - INFO - [getUpdates] JSON{'offset': 23}
2026-04-28 17:01:59,527 - balethon.network.connection - INFO - [getUpdates] JSON{'offset': 23}
2026-04-28 17:01:59,540 - balethon.network.connection - INFO - [getUpdates] JSON{'offset': 23}
2026-04-28 17:01:59,555 - balethon.network.connection - INFO - [getUpdates] JSON{'offset': 23}
2026-04-28 17:01:59,566 - balethon.network.connection - INFO - [getUpdates] JSON{'offset': 23}
2026-04-28 17:01:59,581 - balethon.network.connection - INFO - [getUpdates] JSON{'offset': 23}
2026-04-28 17:01:59,601 - balethon.network.connection - INFO - [getUpdates] JSON{'offset': 23}
2026-04-28 17:01:59,613 - balethon.network.connection - INFO - [getUpdates] JSON{'offset': 23}
2026-04-28 17:01:59,626 - balethon.network.connection - INFO - [getUpdates] JSON{'offset': 23}
2026-04-28 17:01:59,638 - balethon.network.connection - INFO - [getUpdates] JSON{'offset': 23}
2026-04-28 17:01:59,652 - balethon.network.connection - INFO - [getUpdates] JSON{'offset': 23}
2026-04-28 17:01:59,662 - balethon.network.connection - INFO - [getUpdates] JSON{'offset': 23}
2026-04-28 17:01:59,675 - balethon.network.connection - INFO - [getUpdates] JSON{'offset': 23}
2026-04-28 17:01:59,691 - balethon.network.connection - INFO - [getUpdates] JSON{'offset': 23}
2026-04-28 17:01:59,700 - balethon.network.connection - INFO - [getUpdates] JSON{'offset': 23}
2026-04-28 17:01:59,716 - balethon.network.connection - INFO - [getUpdates] JSON{'offset': 23}
2026-04-28 17:01:59,728 - balethon.network.connection - INFO - [getUpdates] JSON{'offset': 23}
2026-04-28 17:01:59,742 - balethon.network.connection - INFO - [getUpdates] JSON{'offset': 23}
2026-04-28 17:01:59,754 - balethon.network.connection - INFO - [getUpdates] JSON{'offset': 23}
2026-04-28 17:01:59,766 - balethon.network.connection - INFO - [getUpdates] JSON{'offset': 23}
2026-04-28 17:01:59,777 - balethon.network.connection - INFO - [getUpdates] JSON{'offset': 23}
2026-04-28 17:01:59,791 - balethon.network.connection - INFO - [getUpdates] JSON{'offset': 23}
2026-04-28 17:01:59,803 - balethon.network.connection - INFO - [getUpdates] JSON{'offset': 23}
2026-04-28 17:01:59,814 - balethon.network.connection - INFO - [getUpdates] JSON{'offset': 23}
2026-04-28 17:01:59,830 - balethon.network.connection - INFO - [getUpdates] JSON{'offset': 23}
2026-04-28 17:01:59,840 - balethon.network.connection - INFO - [getUpdates] JSON{'offset': 23}
2026-04-28 17:01:59,853 - balethon.network.connection - INFO - [getUpdates] JSON{'offset': 23}
2026-04-28 17:01:59,867 - balethon.network.connection - INFO - [getUpdates] JSON{'offset': 23}
2026-04-28 17:01:59,879 - balethon.network.connection - INFO - [getUpdates] JSON{'offset': 23}
2026-04-28 17:01:59,924 - balethon.network.connection - INFO - [getUpdates] JSON{'offset': 23}
2026-04-28 17:01:59,941 - balethon.network.connection - INFO - [getUpdates] JSON{'offset': 23}
2026-04-28 17:01:59,954 - balethon.network.connection - INFO - [getUpdates] JSON{'offset': 23}
2026-04-28 17:01:59,964 - balethon.network.connection - INFO - [getUpdates] JSON{'offset': 23}
2026-04-28 17:01:59,977 - balethon.network.connection - INFO - [getUpdates] JSON{'offset': 23}
2026-04-28 17:01:59,986 - balethon.network.connection - INFO - [getUpdates] JSON{'offset': 23}
2026-04-28 17:02:00,000 - balethon.network.connection - INFO - [getUpdates] JSON{'offset': 23}
2026-04-28 17:02:00,009 - balethon.network.connection - INFO - [getUpdates] JSON{'offset': 23}
2026-04-28 17:02:00,020 - balethon.network.connection - INFO - [getUpdates] JSON{'offset': 23}
2026-04-28 17:02:00,030 - balethon.network.connection - INFO - [getUpdates] JSON{'offset': 23}
2026-04-28 17:02:00,042 - balethon.network.connection - INFO - [getUpdates] JSON{'offset': 23}
2026-04-28 17:02:00,054 - balethon.network.connection - INFO - [getUpdates] JSON{'offset': 23}
2026-04-28 17:02:00,067 - balethon.network.connection - INFO - [getUpdates] JSON{'offset': 23}
2026-04-28 17:02:00,077 - balethon.network.connection - INFO - [getUpdates] JSON{'offset': 23}
2026-04-28 17:02:00,089 - balethon.network.connection - INFO - [getUpdates] JSON{'offset': 23}
2026-04-28 17:02:00,102 - balethon.network.connection - INFO - [getUpdates] JSON{'offset': 23}
2026-04-28 17:02:00,112 - balethon.network.connection - INFO - [getUpdates] JSON{'offset': 23}
2026-04-28 17:02:00,123 - balethon.network.connection - INFO - [getUpdates] JSON{'offset': 23}
2026-04-28 17:02:00,135 - balethon.network.connection - INFO - [getUpdates] JSON{'offset': 23}
2026-04-28 17:02:00,147 - balethon.network.connection - INFO - [getUpdates] JSON{'offset': 23}
2026-04-28 17:02:00,158 - balethon.network.connection - INFO - [getUpdates] JSON{'offset': 23}
2026-04-28 17:02:00,167 - balethon.network.connection - INFO - [getUpdates] JSON{'offset': 23}
2026-04-28 17:02:00,179 - balethon.network.connection - INFO - [getUpdates] JSON{'offset': 23}
2026-04-28 17:02:00,190 - balethon.network.connection - INFO - [getUpdates] JSON{'offset': 23}
2026-04-28 17:02:00,201 - balethon.network.connection - INFO - [getUpdates] JSON{'offset': 23}
2026-04-28 17:02:00,212 - balethon.network.connection - INFO - [getUpdates] JSON{'offset': 23}
2026-04-28 17:02:00,223 - balethon.network.connection - INFO - [getUpdates] JSON{'offset': 23}
2026-04-28 17:02:00,234 - balethon.network.connection - INFO - [getUpdates] JSON{'offset': 23}
2026-04-28 17:02:00,246 - balethon.network.connection - INFO - [getUpdates] JSON{'offset': 23}
2026-04-28 17:02:00,258 - balethon.network.connection - INFO - [getUpdates] JSON{'offset': 23}
2026-04-28 17:02:00,270 - balethon.network.connection - INFO - [getUpdates] JSON{'offset': 23}
2026-04-28 17:02:00,282 - balethon.network.connection - INFO - [getUpdates] JSON{'offset': 23}
2026-04-28 17:02:00,292 - balethon.network.connection - INFO - [getUpdates] JSON{'offset': 23}
2026-04-28 17:02:00,304 - balethon.network.connection - INFO - [getUpdates] JSON{'offset': 23}
2026-04-28 17:02:00,315 - balethon.network.connection - INFO - [getUpdates] JSON{'offset': 23}
2026-04-28 17:02:00,326 - balethon.network.connection - INFO - [getUpdates] JSON{'offset': 23}
2026-04-28 17:02:00,338 - balethon.network.connection - INFO - [getUpdates] JSON{'offset': 23}
2026-04-28 17:02:00,350 - balethon.network.connection - INFO - [getUpdates] JSON{'offset': 23}
2026-04-28 17:02:00,360 - balethon.network.connection - INFO - [getUpdates] JSON{'offset': 23}
2026-04-28 17:02:00,371 - balethon.network.connection - INFO - [getUpdates] JSON{'offset': 23}
2026-04-28 17:02:00,383 - balethon.network.connection - INFO - [getUpdates] JSON{'offset': 23}
2026-04-28 17:02:00,394 - balethon.network.connection - INFO - [getUpdates] JSON{'offset': 23}
2026-04-28 17:02:00,407 - balethon.network.connection - INFO - [getUpdates] JSON{'offset': 23}
2026-04-28 17:02:00,418 - balethon.network.connection - INFO - [getUpdates] JSON{'offset': 23}
2026-04-28 17:02:00,429 - balethon.network.connection - INFO - [getUpdates] JSON{'offset': 23}
2026-04-28 17:02:00,443 - balethon.network.connection - INFO - [getUpdates] JSON{'offset': 23}
2026-04-28 17:02:00,458 - balethon.network.connection - INFO - [getUpdates] JSON{'offset': 23}
2026-04-28 17:02:00,471 - balethon.network.connection - INFO - [getUpdates] JSON{'offset': 23}
2026-04-28 17:02:00,487 - balethon.network.connection - INFO - [getUpdates] JSON{'offset': 23}
2026-04-28 17:02:00,500 - balethon.network.connection - INFO - [getUpdates] JSON{'offset': 23}
2026-04-28 17:02:00,512 - balethon.network.connection - INFO - [getUpdates] JSON{'offset': 23}
2026-04-28 17:02:00,525 - balethon.network.connection - INFO - [getUpdates] JSON{'offset': 23}
2026-04-28 17:02:00,536 - balethon.network.connection - INFO - [getUpdates] JSON{'offset': 23}
2026-04-28 17:02:00,549 - balethon.network.connection - INFO - [getUpdates] JSON{'offset': 23}
2026-04-28 17:02:00,564 - balethon.network.connection - INFO - [getUpdates] JSON{'offset': 23}
2026-04-28 17:02:00,576 - balethon.network.connection - INFO - [getUpdates] JSON{'offset': 23}
2026-04-28 17:02:00,589 - balethon.network.connection - INFO - [getUpdates] JSON{'offset': 23}
2026-04-28 17:02:00,603 - balethon.network.connection - INFO - [getUpdates] JSON{'offset': 23}
2026-04-28 17:02:00,615 - balethon.network.connection - INFO - [getUpdates] JSON{'offset': 23}
2026-04-28 17:02:00,626 - balethon.network.connection - INFO - [getUpdates] JSON{'offset': 23}
2026-04-28 17:02:00,637 - balethon.network.connection - INFO - [getUpdates] JSON{'offset': 23}
2026-04-28 17:02:00,652 - balethon.network.connection - INFO - [getUpdates] JSON{'offset': 23}
2026-04-28 17:02:00,667 - balethon.network.connection - INFO - [getUpdates] JSON{'offset': 23}
2026-04-28 17:02:00,682 - balethon.network.connection - INFO - [getUpdates] JSON{'offset': 23}
2026-04-28 17:02:00,696 - balethon.network.connection - INFO - [getUpdates] JSON{'offset': 23}
2026-04-28 17:02:00,709 - balethon.network.connection - INFO - [getUpdates] JSON{'offset': 23}
2026-04-28 17:02:00,721 - balethon.network.connection - INFO - [getUpdates] JSON{'offset': 23}
2026-04-28 17:02:00,735 - balethon.network.connection - INFO - [getUpdates] JSON{'offset': 23}
2026-04-28 17:02:00,746 - balethon.network.connection - INFO - [getUpdates] JSON{'offset': 23}
2026-04-28 17:02:00,769 - balethon.network.connection - INFO - [getUpdates] JSON{'offset': 23}
2026-04-28 17:02:00,783 - balethon.network.connection - INFO - [getUpdates] JSON{'offset': 23}
2026-04-28 17:02:00,801 - balethon.network.connection - INFO - [getUpdates] JSON{'offset': 23}
2026-04-28 17:02:00,816 - balethon.network.connection - INFO - [getUpdates] JSON{'offset': 23}
2026-04-28 17:02:00,832 - balethon.network.connection - INFO - [getUpdates] JSON{'offset': 23}
2026-04-28 17:02:00,853 - balethon.network.connection - INFO - [getUpdates] JSON{'offset': 23}
2026-04-28 17:02:00,865 - balethon.network.connection - INFO - [getUpdates] JSON{'offset': 23}
2026-04-28 17:02:00,888 - balethon.network.connection - INFO - [getUpdates] JSON{'offset': 23}
2026-04-28 17:02:00,911 - balethon.network.connection - INFO - [getUpdates] JSON{'offset': 23}
2026-04-28 17:02:00,933 - balethon.network.connection - INFO - [getUpdates] JSON{'offset': 23}
2026-04-28 17:02:00,942 - balethon.network.connection - INFO - [getUpdates] JSON{'offset': 23}
2026-04-28 17:02:00,964 - balethon.network.connection - INFO - [getUpdates] JSON{'offset': 23}
2026-04-28 17:02:01,005 - balethon.network.connection - INFO - [getUpdates] JSON{'offset': 23}
2026-04-28 17:02:01,028 - balethon.network.connection - INFO - [getUpdates] JSON{'offset': 23}
2026-04-28 17:02:01,050 - balethon.network.connection - INFO - [getUpdates] JSON{'offset': 23}
2026-04-28 17:02:01,068 - balethon.network.connection - INFO - [getUpdates] JSON{'offset': 23}
2026-04-28 17:02:01,089 - balethon.network.connection - INFO - [getUpdates] JSON{'offset': 23}
2026-04-28 17:02:01,103 - balethon.network.connection - INFO - [getUpdates] JSON{'offset': 23}
2026-04-28 17:02:01,210 - balethon.network.connection - INFO - [getUpdates] JSON{'offset': 23}
2026-04-28 17:02:01,243 - balethon.network.connection - INFO - [getUpdates] JSON{'offset': 23}
2026-04-28 17:02:01,257 - balethon.network.connection - INFO - [getUpdates] JSON{'offset': 23}
2026-04-28 17:02:01,276 - balethon.network.connection - INFO - [getUpdates] JSON{'offset': 23}
2026-04-28 17:02:01,285 - balethon.network.connection - INFO - [getUpdates] JSON{'offset': 23}
2026-04-28 17:02:01,297 - balethon.network.connection - INFO - [getUpdates] JSON{'offset': 23}
2026-04-28 17:02:01,307 - balethon.network.connection - INFO - [getUpdates] JSON{'offset': 23}
2026-04-28 17:02:01,319 - balethon.network.connection - INFO - [getUpdates] JSON{'offset': 23}
2026-04-28 17:02:01,330 - balethon.network.connection - INFO - [getUpdates] JSON{'offset': 23}
2026-04-28 17:02:01,340 - balethon.network.connection - INFO - [getUpdates] JSON{'offset': 23}
2026-04-28 17:02:01,357 - balethon.network.connection - INFO - [getUpdates] JSON{'offset': 23}
2026-04-28 17:02:01,368 - balethon.network.connection - INFO - [getUpdates] JSON{'offset': 23}
2026-04-28 17:02:01,380 - balethon.network.connection - INFO - [getUpdates] JSON{'offset': 23}
2026-04-28 17:02:01,392 - balethon.network.connection - INFO - [getUpdates] JSON{'offset': 23}
2026-04-28 17:02:01,403 - balethon.network.connection - INFO - [getUpdates] JSON{'offset': 23}
2026-04-28 17:02:01,415 - balethon.network.connection - INFO - [getUpdates] JSON{'offset': 23}
2026-04-28 17:02:01,428 - balethon.network.connection - INFO - [getUpdates] JSON{'offset': 23}
2026-04-28 17:02:01,438 - balethon.network.connection - INFO - [getUpdates] JSON{'offset': 23}
2026-04-28 17:02:01,450 - balethon.network.connection - INFO - [getUpdates] JSON{'offset': 23}
2026-04-28 17:02:01,461 - balethon.network.connection - INFO - [getUpdates] JSON{'offset': 23}
2026-04-28 17:02:01,471 - balethon.network.connection - INFO - [getUpdates] JSON{'offset': 23}
2026-04-28 17:02:01,484 - balethon.network.connection - INFO - [getUpdates] JSON{'offset': 23}
2026-04-28 17:02:01,494 - balethon.network.connection - INFO - [getUpdates] JSON{'offset': 23}
2026-04-28 17:02:01,504 - balethon.network.connection - INFO - [getUpdates] JSON{'offset': 23}
2026-04-28 17:02:01,516 - balethon.network.connection - INFO - [getUpdates] JSON{'offset': 23}
2026-04-28 17:02:01,527 - balethon.network.connection - INFO - [getUpdates] JSON{'offset': 23}
2026-04-28 17:02:01,538 - balethon.network.connection - INFO - [getUpdates] JSON{'offset': 23}
2026-04-28 17:02:01,548 - balethon.network.connection - INFO - [getUpdates] JSON{'offset': 23}
2026-04-28 17:02:01,559 - balethon.network.connection - INFO - [getUpdates] JSON{'offset': 23}
2026-04-28 17:02:01,570 - balethon.network.connection - INFO - [getUpdates] JSON{'offset': 23}
2026-04-28 17:02:01,583 - balethon.network.connection - INFO - [getUpdates] JSON{'offset': 23}
2026-04-28 17:02:01,593 - balethon.network.connection - INFO - [getUpdates] JSON{'offset': 23}
2026-04-28 17:02:01,605 - balethon.network.connection - INFO - [getUpdates] JSON{'offset': 23}
2026-04-28 17:02:01,615 - balethon.network.connection - INFO - [getUpdates] JSON{'offset': 23}
2026-04-28 17:02:01,629 - balethon.network.connection - INFO - [getUpdates] JSON{'offset': 23}
2026-04-28 17:02:01,639 - balethon.network.connection - INFO - [getUpdates] JSON{'offset': 23}
2026-04-28 17:02:01,653 - balethon.network.connection - INFO - [getUpdates] JSON{'offset': 23}
2026-04-28 17:02:01,662 - balethon.network.connection - INFO - [getUpdates] JSON{'offset': 23}
2026-04-28 17:02:01,674 - balethon.network.connection - INFO - [getUpdates] JSON{'offset': 23}
2026-04-28 17:02:01,692 - balethon.network.connection - INFO - [getUpdates] JSON{'offset': 23}
2026-04-28 17:02:01,703 - balethon.network.connection - INFO - [getUpdates] JSON{'offset': 23}
2026-04-28 17:02:01,716 - balethon.network.connection - INFO - [getUpdates] JSON{'offset': 23}
2026-04-28 17:02:01,725 - balethon.network.connection - INFO - [getUpdates] JSON{'offset': 23}
2026-04-28 17:02:01,736 - balethon.network.connection - INFO - [getUpdates] JSON{'offset': 23}
2026-04-28 17:02:01,747 - balethon.network.connection - INFO - [getUpdates] JSON{'offset': 23}
2026-04-28 17:02:01,761 - balethon.network.connection - INFO - [getUpdates] JSON{'offset': 23}
2026-04-28 17:02:01,774 - balethon.network.connection - INFO - [getUpdates] JSON{'offset': 23}
2026-04-28 17:02:01,787 - balethon.network.connection - INFO - [getUpdates] JSON{'offset': 23}
2026-04-28 17:02:01,803 - balethon.network.connection - INFO - [getUpdates] JSON{'offset': 23}
2026-04-28 17:02:01,815 - balethon.network.connection - INFO - [getUpdates] JSON{'offset': 23}
2026-04-28 17:02:01,829 - balethon.network.connection - INFO - [getUpdates] JSON{'offset': 23}
2026-04-28 17:02:01,875 - balethon.network.connection - INFO - [getUpdates] JSON{'offset': 23}
2026-04-28 17:02:01,968 - balethon.network.connection - INFO - [getUpdates] JSON{'offset': 23}
2026-04-28 17:02:02,027 - balethon.network.connection - INFO - [getUpdates] JSON{'offset': 23}
2026-04-28 17:02:02,057 - balethon.network.connection - INFO - [getUpdates] JSON{'offset': 23}
2026-04-28 17:02:02,068 - balethon.network.connection - INFO - [getUpdates] JSON{'offset': 23}
2026-04-28 17:02:02,099 - balethon.network.connection - INFO - [getUpdates] JSON{'offset': 23}
2026-04-28 17:02:02,113 - balethon.network.connection - INFO - [getUpdates] JSON{'offset': 23}
2026-04-28 17:02:02,136 - balethon.network.connection - INFO - [getUpdates] JSON{'offset': 23}
2026-04-28 17:02:02,147 - balethon.network.connection - INFO - [getUpdates] JSON{'offset': 23}
2026-04-28 17:02:02,163 - balethon.network.connection - INFO - [getUpdates] JSON{'offset': 23}
2026-04-28 17:02:02,177 - balethon.network.connection - INFO - [getUpdates] JSON{'offset': 23}
2026-04-28 17:02:02,224 - balethon.network.connection - INFO - [getUpdates] JSON{'offset': 23}
2026-04-28 17:02:02,260 - balethon.network.connection - INFO - [getUpdates] JSON{'offset': 23}
2026-04-28 17:02:02,298 - balethon.network.connection - INFO - [getUpdates] JSON{'offset': 23}
2026-04-28 17:02:02,307 - balethon.network.connection - INFO - [getUpdates] JSON{'offset': 23}
2026-04-28 17:02:02,323 - balethon.network.connection - INFO - [getUpdates] JSON{'offset': 23}
2026-04-28 17:02:02,333 - balethon.network.connection - INFO - [getUpdates] JSON{'offset': 23}
2026-04-28 17:02:02,346 - balethon.network.connection - INFO - [getUpdates] JSON{'offset': 23}
2026-04-28 17:02:02,360 - balethon.network.connection - INFO - [getUpdates] JSON{'offset': 23}
2026-04-28 17:02:02,371 - balethon.network.connection - INFO - [getUpdates] JSON{'offset': 23}
2026-04-28 17:02:02,383 - balethon.network.connection - INFO - [getUpdates] JSON{'offset': 23}
2026-04-28 17:02:02,397 - balethon.network.connection - INFO - [getUpdates] JSON{'offset': 23}
2026-04-28 17:02:02,408 - balethon.network.connection - INFO - [getUpdates] JSON{'offset': 23}
2026-04-28 17:02:02,423 - balethon.network.connection - INFO - [getUpdates] JSON{'offset': 23}
2026-04-28 17:02:02,432 - balethon.network.connection - INFO - [getUpdates] JSON{'offset': 23}
2026-04-28 17:02:02,444 - balethon.network.connection - INFO - [getUpdates] JSON{'offset': 23}
2026-04-28 17:02:02,455 - balethon.network.connection - INFO - [getUpdates] JSON{'offset': 23}
2026-04-28 17:02:02,468 - balethon.network.connection - INFO - [getUpdates] JSON{'offset': 23}
2026-04-28 17:02:02,481 - balethon.network.connection - INFO - [getUpdates] JSON{'offset': 23}
2026-04-28 17:02:02,491 - balethon.network.connection - INFO - [getUpdates] JSON{'offset': 23}
2026-04-28 17:02:02,500 - balethon.network.connection - INFO - [getUpdates] JSON{'offset': 23}
2026-04-28 17:02:02,512 - balethon.network.connection - INFO - [getUpdates] JSON{'offset': 23}
2026-04-28 17:02:02,523 - balethon.network.connection - INFO - [getUpdates] JSON{'offset': 23}
2026-04-28 17:02:02,533 - balethon.network.connection - INFO - [getUpdates] JSON{'offset': 23}
2026-04-28 17:02:02,544 - balethon.network.connection - INFO - [getUpdates] JSON{'offset': 23}
2026-04-28 17:02:02,555 - balethon.network.connection - INFO - [getUpdates] JSON{'offset': 23}
2026-04-28 17:02:02,567 - balethon.network.connection - INFO - [getUpdates] JSON{'offset': 23}
2026-04-28 17:02:02,576 - balethon.network.connection - INFO - [getUpdates] JSON{'offset': 23}
2026-04-28 17:02:02,588 - balethon.network.connection - INFO - [getUpdates] JSON{'offset': 23}
2026-04-28 17:02:02,599 - balethon.network.connection - INFO - [getUpdates] JSON{'offset': 23}
2026-04-28 17:02:02,610 - balethon.network.connection - INFO - [getUpdates] JSON{'offset': 23}
2026-04-28 17:02:02,622 - balethon.network.connection - INFO - [getUpdates] JSON{'offset': 23}
2026-04-28 17:02:02,636 - balethon.network.connection - INFO - [getUpdates] JSON{'offset': 23}
2026-04-28 17:02:02,646 - balethon.network.connection - INFO - [getUpdates] JSON{'offset': 23}
2026-04-28 17:02:02,656 - balethon.network.connection - INFO - [getUpdates] JSON{'offset': 23}
2026-04-28 17:02:02,669 - balethon.network.connection - INFO - [getUpdates] JSON{'offset': 23}
2026-04-28 17:02:02,678 - balethon.network.connection - INFO - [getUpdates] JSON{'offset': 23}
2026-04-28 17:02:02,687 - balethon.network.connection - INFO - [getUpdates] JSON{'offset': 23}
2026-04-28 17:02:02,703 - balethon.network.connection - INFO - [getUpdates] JSON{'offset': 23}
2026-04-28 17:02:02,726 - balethon.network.connection - INFO - [getUpdates] JSON{'offset': 23}
2026-04-28 17:02:02,755 - balethon.network.connection - INFO - [getUpdates] JSON{'offset': 23}
2026-04-28 17:02:02,787 - balethon.network.connection - INFO - [getUpdates] JSON{'offset': 23}
2026-04-28 17:02:02,833 - balethon.network.connection - INFO - [getUpdates] JSON{'offset': 23}
2026-04-28 17:02:02,895 - balethon.network.connection - INFO - [getUpdates] JSON{'offset': 23}
2026-04-28 17:02:02,928 - balethon.network.connection - INFO - [getUpdates] JSON{'offset': 23}
2026-04-28 17:02:02,955 - balethon.network.connection - INFO - [getUpdates] JSON{'offset': 23}
2026-04-28 17:02:02,969 - balethon.network.connection - INFO - [getUpdates] JSON{'offset': 23}
2026-04-28 17:02:02,983 - balethon.network.connection - INFO - [getUpdates] JSON{'offset': 23}
2026-04-28 17:02:02,996 - balethon.network.connection - INFO - [getUpdates] JSON{'offset': 23}
2026-04-28 17:02:03,010 - balethon.network.connection - INFO - [getUpdates] JSON{'offset': 23}
2026-04-28 17:02:03,026 - balethon.network.connection - INFO - [getUpdates] JSON{'offset': 23}
2026-04-28 17:02:03,041 - balethon.network.connection - INFO - [getUpdates] JSON{'offset': 23}
2026-04-28 17:02:03,061 - balethon.network.connection - INFO - [getUpdates] JSON{'offset': 23}
2026-04-28 17:02:03,074 - balethon.network.connection - INFO - [getUpdates] JSON{'offset': 23}
2026-04-28 17:02:03,094 - balethon.network.connection - INFO - [getUpdates] JSON{'offset': 23}
2026-04-28 17:02:03,109 - balethon.network.connection - INFO - [getUpdates] JSON{'offset': 23}
2026-04-28 17:02:03,124 - balethon.network.connection - INFO - [getUpdates] JSON{'offset': 23}
2026-04-28 17:02:03,136 - balethon.network.connection - INFO - [getUpdates] JSON{'offset': 23}
2026-04-28 17:02:03,155 - balethon.network.connection - INFO - [getUpdates] JSON{'offset': 23}
2026-04-28 17:02:03,166 - balethon.network.connection - INFO - [getUpdates] JSON{'offset': 23}
2026-04-28 17:02:03,182 - balethon.network.connection - INFO - [getUpdates] JSON{'offset': 23}
2026-04-28 17:02:03,195 - balethon.network.connection - INFO - [getUpdates] JSON{'offset': 23}
2026-04-28 17:02:03,209 - balethon.network.connection - INFO - [getUpdates] JSON{'offset': 23}
2026-04-28 17:02:03,227 - balethon.network.connection - INFO - [getUpdates] JSON{'offset': 23}
2026-04-28 17:02:03,248 - balethon.network.connection - INFO - [getUpdates] JSON{'offset': 23}
2026-04-28 17:02:03,264 - balethon.network.connection - INFO - [getUpdates] JSON{'offset': 23}
2026-04-28 17:02:03,286 - balethon.network.connection - INFO - [getUpdates] JSON{'offset': 23}
2026-04-28 17:02:03,298 - balethon.network.connection - INFO - [getUpdates] JSON{'offset': 23}
2026-04-28 17:02:03,316 - balethon.network.connection - INFO - [getUpdates] JSON{'offset': 23}
2026-04-28 17:02:03,336 - balethon.network.connection - INFO - [getUpdates] JSON{'offset': 23}
2026-04-28 17:02:03,352 - balethon.network.connection - INFO - [getUpdates] JSON{'offset': 23}
2026-04-28 17:02:03,367 - balethon.network.connection - INFO - [getUpdates] JSON{'offset': 23}
2026-04-28 17:02:03,380 - balethon.network.connection - INFO - [getUpdates] JSON{'offset': 23}
2026-04-28 17:02:03,394 - balethon.network.connection - INFO - [getUpdates] JSON{'offset': 23}
2026-04-28 17:02:03,414 - balethon.network.connection - INFO - [getUpdates] JSON{'offset': 23}
2026-04-28 17:02:03,429 - balethon.network.connection - INFO - [getUpdates] JSON{'offset': 23}
2026-04-28 17:02:03,444 - balethon.network.connection - INFO - [getUpdates] JSON{'offset': 23}
2026-04-28 17:02:03,461 - balethon.network.connection - INFO - [getUpdates] JSON{'offset': 23}
2026-04-28 17:02:03,475 - balethon.network.connection - INFO - [getUpdates] JSON{'offset': 23}
2026-04-28 17:02:03,485 - balethon.network.connection - INFO - [getUpdates] JSON{'offset': 23}
2026-04-28 17:02:03,501 - balethon.network.connection - INFO - [getUpdates] JSON{'offset': 23}
2026-04-28 17:02:03,514 - balethon.network.connection - INFO - [getUpdates] JSON{'offset': 23}
2026-04-28 17:02:03,531 - balethon.network.connection - INFO - [getUpdates] JSON{'offset': 23}
2026-04-28 17:02:03,545 - balethon.network.connection - INFO - [getUpdates] JSON{'offset': 23}
2026-04-28 17:02:03,561 - balethon.network.connection - INFO - [getUpdates] JSON{'offset': 23}
2026-04-28 17:02:03,575 - balethon.network.connection - INFO - [getUpdates] JSON{'offset': 23}
2026-04-28 17:02:03,593 - balethon.network.connection - INFO - [getUpdates] JSON{'offset': 23}
2026-04-28 17:02:03,604 - balethon.network.connection - INFO - [getUpdates] JSON{'offset': 23}
2026-04-28 17:02:03,615 - balethon.network.connection - INFO - [getUpdates] JSON{'offset': 23}
2026-04-28 17:02:03,627 - balethon.network.connection - INFO - [getUpdates] JSON{'offset': 23}
2026-04-28 17:02:03,641 - balethon.network.connection - INFO - [getUpdates] JSON{'offset': 23}
2026-04-28 17:02:03,654 - balethon.network.connection - INFO - [getUpdates] JSON{'offset': 23}
2026-04-28 17:02:03,667 - balethon.network.connection - INFO - [getUpdates] JSON{'offset': 23}
2026-04-28 17:02:03,678 - balethon.network.connection - INFO - [getUpdates] JSON{'offset': 23}
2026-04-28 17:02:03,693 - balethon.network.connection - INFO - [getUpdates] JSON{'offset': 23}
2026-04-28 17:02:03,706 - balethon.network.connection - INFO - [getUpdates] JSON{'offset': 23}
2026-04-28 17:02:03,719 - balethon.network.connection - INFO - [getUpdates] JSON{'offset': 23}
2026-04-28 17:02:03,729 - balethon.network.connection - INFO - [getUpdates] JSON{'offset': 23}
2026-04-28 17:02:03,741 - balethon.network.connection - INFO - [getUpdates] JSON{'offset': 23}
2026-04-28 17:02:03,756 - balethon.network.connection - INFO - [getUpdates] JSON{'offset': 23}
2026-04-28 17:02:03,774 - balethon.network.connection - INFO - [getUpdates] JSON{'offset': 23}
2026-04-28 17:02:03,789 - balethon.network.connection - INFO - [getUpdates] JSON{'offset': 23}
2026-04-28 17:02:03,804 - balethon.network.connection - INFO - [getUpdates] JSON{'offset': 23}
2026-04-28 17:02:03,822 - balethon.network.connection - INFO - [getUpdates] JSON{'offset': 23}
2026-04-28 17:02:03,835 - balethon.network.connection - INFO - [getUpdates] JSON{'offset': 23}
2026-04-28 17:02:03,852 - balethon.network.connection - INFO - [getUpdates] JSON{'offset': 23}
2026-04-28 17:02:03,866 - balethon.network.connection - INFO - [getUpdates] JSON{'offset': 23}
2026-04-28 17:02:03,879 - balethon.network.connection - INFO - [getUpdates] JSON{'offset': 23}
2026-04-28 17:02:03,894 - balethon.network.connection - INFO - [getUpdates] JSON{'offset': 23}
2026-04-28 17:02:03,907 - balethon.network.connection - INFO - [getUpdates] JSON{'offset': 23}
2026-04-28 17:02:03,925 - balethon.network.connection - INFO - [getUpdates] JSON{'offset': 23}
2026-04-28 17:02:03,937 - balethon.network.connection - INFO - [getUpdates] JSON{'offset': 23}
2026-04-28 17:02:03,954 - balethon.network.connection - INFO - [getUpdates] JSON{'offset': 23}
2026-04-28 17:02:03,968 - balethon.network.connection - INFO - [getUpdates] JSON{'offset': 23}
2026-04-28 17:02:03,984 - balethon.network.connection - INFO - [getUpdates] JSON{'offset': 23}
2026-04-28 17:02:03,996 - balethon.network.connection - INFO - [getUpdates] JSON{'offset': 23}
2026-04-28 17:02:04,010 - balethon.network.connection - INFO - [getUpdates] JSON{'offset': 23}
2026-04-28 17:02:04,023 - balethon.network.connection - INFO - [getUpdates] JSON{'offset': 23}
2026-04-28 17:02:04,037 - balethon.network.connection - INFO - [getUpdates] JSON{'offset': 23}
2026-04-28 17:02:04,056 - balethon.network.connection - INFO - [getUpdates] JSON{'offset': 23}
2026-04-28 17:02:04,177 - balethon.network.connection - INFO - [getUpdates] JSON{'offset': 23}
2026-04-28 17:02:04,310 - balethon.network.connection - INFO - [getUpdates] JSON{'offset': 23}
2026-04-28 17:02:04,365 - balethon.network.connection - INFO - [getUpdates] JSON{'offset': 23}
2026-04-28 17:02:04,387 - balethon.network.connection - INFO - [getUpdates] JSON{'offset': 23}
2026-04-28 17:02:04,408 - balethon.network.connection - INFO - [getUpdates] JSON{'offset': 23}
2026-04-28 17:02:04,458 - balethon.network.connection - INFO - [getUpdates] JSON{'offset': 23}
2026-04-28 17:02:04,523 - balethon.network.connection - INFO - [getUpdates] JSON{'offset': 23}
2026-04-28 17:02:04,577 - balethon.network.connection - INFO - [getUpdates] JSON{'offset': 23}
2026-04-28 17:02:04,612 - balethon.network.connection - INFO - [getUpdates] JSON{'offset': 23}
2026-04-28 17:02:04,647 - balethon.network.connection - INFO - [getUpdates] JSON{'offset': 23}
2026-04-28 17:02:04,684 - balethon.network.connection - INFO - [getUpdates] JSON{'offset': 23}
2026-04-28 17:02:04,705 - balethon.network.connection - INFO - [getUpdates] JSON{'offset': 23}
2026-04-28 17:02:04,731 - balethon.network.connection - INFO - [getUpdates] JSON{'offset': 23}
2026-04-28 17:02:04,750 - balethon.network.connection - INFO - [getUpdates] JSON{'offset': 23}
2026-04-28 17:02:04,765 - balethon.network.connection - INFO - [getUpdates] JSON{'offset': 23}
2026-04-28 17:02:04,787 - balethon.network.connection - INFO - [getUpdates] JSON{'offset': 23}
2026-04-28 17:02:04,812 - balethon.network.connection - INFO - [getUpdates] JSON{'offset': 23}
2026-04-28 17:02:04,828 - balethon.network.connection - INFO - [getUpdates] JSON{'offset': 23}
2026-04-28 17:02:04,854 - balethon.network.connection - INFO - [getUpdates] JSON{'offset': 23}
2026-04-28 17:02:04,876 - balethon.network.connection - INFO - [getUpdates] JSON{'offset': 23}
2026-04-28 17:02:04,901 - balethon.network.connection - INFO - [getUpdates] JSON{'offset': 23}
2026-04-28 17:02:04,927 - balethon.network.connection - INFO - [getUpdates] JSON{'offset': 23}
2026-04-28 17:02:04,952 - balethon.network.connection - INFO - [getUpdates] JSON{'offset': 23}
2026-04-28 17:02:04,968 - balethon.network.connection - INFO - [getUpdates] JSON{'offset': 23}
2026-04-28 17:02:04,993 - balethon.network.connection - INFO - [getUpdates] JSON{'offset': 23}
2026-04-28 17:02:05,017 - balethon.network.connection - INFO - [getUpdates] JSON{'offset': 23}
2026-04-28 17:02:05,034 - balethon.network.connection - INFO - [getUpdates] JSON{'offset': 23}
2026-04-28 17:02:05,060 - balethon.network.connection - INFO - [getUpdates] JSON{'offset': 23}
2026-04-28 17:02:05,088 - balethon.network.connection - INFO - [getUpdates] JSON{'offset': 23}
2026-04-28 17:02:05,104 - balethon.network.connection - INFO - [getUpdates] JSON{'offset': 23}
2026-04-28 17:02:05,130 - balethon.network.connection - INFO - [getUpdates] JSON{'offset': 23}
2026-04-28 17:02:05,159 - balethon.network.connection - INFO - [getUpdates] JSON{'offset': 23}
2026-04-28 17:02:05,186 - balethon.network.connection - INFO - [getUpdates] JSON{'offset': 23}
2026-04-28 17:02:05,223 - balethon.network.connection - INFO - [getUpdates] JSON{'offset': 23}
2026-04-28 17:02:05,252 - balethon.network.connection - INFO - [getUpdates] JSON{'offset': 23}
2026-04-28 17:02:05,295 - balethon.network.connection - INFO - [getUpdates] JSON{'offset': 23}
2026-04-28 17:02:05,327 - balethon.network.connection - INFO - [getUpdates] JSON{'offset': 23}
2026-04-28 17:02:05,352 - balethon.network.connection - INFO - [getUpdates] JSON{'offset': 23}
2026-04-28 17:02:05,374 - balethon.network.connection - INFO - [getUpdates] JSON{'offset': 23}
2026-04-28 17:02:05,393 - balethon.network.connection - INFO - [getUpdates] JSON{'offset': 23}
2026-04-28 17:02:05,415 - balethon.network.connection - INFO - [getUpdates] JSON{'offset': 23}
2026-04-28 17:02:05,435 - balethon.network.connection - INFO - [getUpdates] JSON{'offset': 23}
2026-04-28 17:02:05,449 - balethon.network.connection - INFO - [getUpdates] JSON{'offset': 23}
2026-04-28 17:02:05,463 - balethon.network.connection - INFO - [getUpdates] JSON{'offset': 23}
2026-04-28 17:02:05,485 - balethon.network.connection - INFO - [getUpdates] JSON{'offset': 23}
2026-04-28 17:02:05,502 - balethon.network.connection - INFO - [getUpdates] JSON{'offset': 23}
2026-04-28 17:02:05,522 - balethon.network.connection - INFO - [getUpdates] JSON{'offset': 23}
2026-04-28 17:02:05,537 - balethon.network.connection - INFO - [getUpdates] JSON{'offset': 23}
2026-04-28 17:02:05,552 - balethon.network.connection - INFO - [getUpdates] JSON{'offset': 23}
2026-04-28 17:02:05,567 - balethon.network.connection - INFO - [getUpdates] JSON{'offset': 23}
2026-04-28 17:02:05,583 - balethon.network.connection - INFO - [getUpdates] JSON{'offset': 23}
2026-04-28 17:02:05,597 - balethon.network.connection - INFO - [getUpdates] JSON{'offset': 23}
2026-04-28 17:02:05,615 - balethon.network.connection - INFO - [getUpdates] JSON{'offset': 23}
2026-04-28 17:02:05,629 - balethon.network.connection - INFO - [getUpdates] JSON{'offset': 23}
2026-04-28 17:02:05,651 - balethon.network.connection - INFO - [getUpdates] JSON{'offset': 23}
2026-04-28 17:02:05,669 - balethon.network.connection - INFO - [getUpdates] JSON{'offset': 23}
2026-04-28 17:02:05,691 - balethon.network.connection - INFO - [getUpdates] JSON{'offset': 23}
2026-04-28 17:02:05,710 - balethon.network.connection - INFO - [getUpdates] JSON{'offset': 23}
2026-04-28 17:02:05,729 - balethon.network.connection - INFO - [getUpdates] JSON{'offset': 23}
2026-04-28 17:02:05,747 - balethon.network.connection - INFO - [getUpdates] JSON{'offset': 23}
2026-04-28 17:02:05,768 - balethon.network.connection - INFO - [getUpdates] JSON{'offset': 23}
2026-04-28 17:02:05,797 - balethon.network.connection - INFO - [getUpdates] JSON{'offset': 23}
2026-04-28 17:02:05,824 - balethon.network.connection - INFO - [getUpdates] JSON{'offset': 23}
2026-04-28 17:02:05,834 - balethon.network.connection - INFO - [getUpdates] JSON{'offset': 23}
2026-04-28 17:02:05,852 - balethon.network.connection - INFO - [getUpdates] JSON{'offset': 23}
2026-04-28 17:02:05,867 - balethon.network.connection - INFO - [getUpdates] JSON{'offset': 23}
2026-04-28 17:02:05,881 - balethon.network.connection - INFO - [getUpdates] JSON{'offset': 23}
2026-04-28 17:02:05,891 - balethon.network.connection - INFO - [getUpdates] JSON{'offset': 23}
2026-04-28 17:02:05,903 - balethon.network.connection - INFO - [getUpdates] JSON{'offset': 23}
2026-04-28 17:02:05,913 - balethon.network.connection - INFO - [getUpdates] JSON{'offset': 23}
2026-04-28 17:02:05,928 - balethon.network.connection - INFO - [getUpdates] JSON{'offset': 23}
2026-04-28 17:02:05,945 - balethon.network.connection - INFO - [getUpdates] JSON{'offset': 23}
2026-04-28 17:02:05,957 - balethon.network.connection - INFO - [getUpdates] JSON{'offset': 23}
2026-04-28 17:02:05,980 - balethon.network.connection - INFO - [getUpdates] JSON{'offset': 23}
2026-04-28 17:02:06,003 - balethon.network.connection - INFO - [getUpdates] JSON{'offset': 23}
2026-04-28 17:02:06,016 - balethon.network.connection - INFO - [getUpdates] JSON{'offset': 23}
2026-04-28 17:02:06,027 - balethon.network.connection - INFO - [getUpdates] JSON{'offset': 23}
2026-04-28 17:02:06,039 - balethon.network.connection - INFO - [getUpdates] JSON{'offset': 23}
2026-04-28 17:02:06,052 - balethon.network.connection - INFO - [getUpdates] JSON{'offset': 23}
2026-04-28 17:02:06,063 - balethon.network.connection - INFO - [getUpdates] JSON{'offset': 23}
2026-04-28 17:02:06,075 - balethon.network.connection - INFO - [getUpdates] JSON{'offset': 23}
2026-04-28 17:02:06,085 - balethon.network.connection - INFO - [getUpdates] JSON{'offset': 23}
2026-04-28 17:02:06,096 - balethon.network.connection - INFO - [getUpdates] JSON{'offset': 23}
2026-04-28 17:02:06,131 - balethon.network.connection - INFO - [getUpdates] JSON{'offset': 23}
2026-04-28 17:02:06,146 - balethon.network.connection - INFO - [getUpdates] JSON{'offset': 23}
2026-04-28 17:02:06,158 - balethon.network.connection - INFO - [getUpdates] JSON{'offset': 23}
2026-04-28 17:02:06,169 - balethon.network.connection - INFO - [getUpdates] JSON{'offset': 23}
2026-04-28 17:02:06,183 - balethon.network.connection - INFO - [getUpdates] JSON{'offset': 23}
2026-04-28 17:02:06,198 - balethon.network.connection - INFO - [getUpdates] JSON{'offset': 23}
2026-04-28 17:02:06,210 - balethon.network.connection - INFO - [getUpdates] JSON{'offset': 23}
2026-04-28 17:02:06,220 - balethon.network.connection - INFO - [getUpdates] JSON{'offset': 23}
2026-04-28 17:02:06,233 - balethon.network.connection - INFO - [getUpdates] JSON{'offset': 23}
2026-04-28 17:02:06,248 - balethon.network.connection - INFO - [getUpdates] JSON{'offset': 23}
2026-04-28 17:02:06,261 - balethon.network.connection - INFO - [getUpdates] JSON{'offset': 23}
2026-04-28 17:02:06,272 - balethon.network.connection - INFO - [getUpdates] JSON{'offset': 23}
2026-04-28 17:02:06,282 - balethon.network.connection - INFO - [getUpdates] JSON{'offset': 23}
2026-04-28 17:02:06,295 - balethon.network.connection - INFO - [getUpdates] JSON{'offset': 23}
2026-04-28 17:02:06,307 - balethon.network.connection - INFO - [getUpdates] JSON{'offset': 23}
2026-04-28 17:02:06,319 - balethon.network.connection - INFO - [getUpdates] JSON{'offset': 23}
2026-04-28 17:02:06,330 - balethon.network.connection - INFO - [getUpdates] JSON{'offset': 23}
2026-04-28 17:02:06,342 - balethon.network.connection - INFO - [getUpdates] JSON{'offset': 23}
2026-04-28 17:02:06,352 - balethon.network.connection - INFO - [getUpdates] JSON{'offset': 23}
2026-04-28 17:02:06,365 - balethon.network.connection - INFO - [getUpdates] JSON{'offset': 23}
2026-04-28 17:02:06,377 - balethon.network.connection - INFO - [getUpdates] JSON{'offset': 23}
2026-04-28 17:02:06,388 - balethon.network.connection - INFO - [getUpdates] JSON{'offset': 23}
2026-04-28 17:02:06,400 - balethon.network.connection - INFO - [getUpdates] JSON{'offset': 23}
2026-04-28 17:02:06,412 - balethon.network.connection - INFO - [getUpdates] JSON{'offset': 23}
2026-04-28 17:02:06,425 - balethon.network.connection - INFO - [getUpdates] JSON{'offset': 23}
2026-04-28 17:02:06,436 - balethon.network.connection - INFO - [getUpdates] JSON{'offset': 23}
2026-04-28 17:02:06,450 - balethon.network.connection - INFO - [getUpdates] JSON{'offset': 23}
2026-04-28 17:02:06,460 - balethon.network.connection - INFO - [getUpdates] JSON{'offset': 23}
2026-04-28 17:02:06,476 - balethon.network.connection - INFO - [getUpdates] JSON{'offset': 23}
2026-04-28 17:02:06,490 - balethon.network.connection - INFO - [getUpdates] JSON{'offset': 23}
2026-04-28 17:02:06,506 - balethon.network.connection - INFO - [getUpdates] JSON{'offset': 23}
2026-04-28 17:02:06,524 - balethon.network.connection - INFO - [getUpdates] JSON{'offset': 23}
2026-04-28 17:02:06,546 - balethon.network.connection - INFO - [getUpdates] JSON{'offset': 23}
2026-04-28 17:02:06,572 - balethon.network.connection - INFO - [getUpdates] JSON{'offset': 23}
2026-04-28 17:02:06,586 - balethon.network.connection - INFO - [getUpdates] JSON{'offset': 23}
2026-04-28 17:02:06,603 - balethon.network.connection - INFO - [getUpdates] JSON{'offset': 23}
2026-04-28 17:02:06,616 - balethon.network.connection - INFO - [getUpdates] JSON{'offset': 23}
2026-04-28 17:02:06,630 - balethon.network.connection - INFO - [getUpdates] JSON{'offset': 23}
2026-04-28 17:02:06,644 - balethon.network.connection - INFO - [getUpdates] JSON{'offset': 23}
2026-04-28 17:02:06,659 - balethon.network.connection - INFO - [getUpdates] JSON{'offset': 23}
2026-04-28 17:02:06,673 - balethon.network.connection - INFO - [getUpdates] JSON{'offset': 23}
2026-04-28 17:02:06,685 - balethon.network.connection - INFO - [getUpdates] JSON{'offset': 23}
2026-04-28 17:02:06,705 - balethon.network.connection - INFO - [getUpdates] JSON{'offset': 23}
2026-04-28 17:02:06,724 - balethon.network.connection - INFO - [getUpdates] JSON{'offset': 23}
2026-04-28 17:02:06,739 - balethon.network.connection - INFO - [getUpdates] JSON{'offset': 23}
2026-04-28 17:02:06,754 - balethon.network.connection - INFO - [getUpdates] JSON{'offset': 23}
2026-04-28 17:02:06,773 - balethon.network.connection - INFO - [getUpdates] JSON{'offset': 23}
2026-04-28 17:02:06,786 - balethon.network.connection - INFO - [getUpdates] JSON{'offset': 23}
2026-04-28 17:02:06,803 - balethon.network.connection - INFO - [getUpdates] JSON{'offset': 23}
2026-04-28 17:02:06,818 - balethon.network.connection - INFO - [getUpdates] JSON{'offset': 23}
2026-04-28 17:02:06,904 - balethon.network.connection - INFO - [getUpdates] JSON{'offset': 23}
2026-04-28 17:02:06,953 - balethon.network.connection - INFO - [getUpdates] JSON{'offset': 23}
2026-04-28 17:02:06,999 - balethon.network.connection - INFO - [getUpdates] JSON{'offset': 23}
2026-04-28 17:02:07,026 - balethon.network.connection - INFO - [getUpdates] JSON{'offset': 23}
2026-04-28 17:02:07,059 - balethon.network.connection - INFO - [getUpdates] JSON{'offset': 23}
2026-04-28 17:02:07,081 - balethon.network.connection - INFO - [getUpdates] JSON{'offset': 23}
2026-04-28 17:02:07,100 - balethon.network.connection - INFO - [getUpdates] JSON{'offset': 23}
2026-04-28 17:02:07,112 - balethon.network.connection - INFO - [getUpdates] JSON{'offset': 23}
2026-04-28 17:02:07,128 - balethon.network.connection - INFO - [getUpdates] JSON{'offset': 23}
2026-04-28 17:02:07,145 - balethon.network.connection - INFO - [getUpdates] JSON{'offset': 23}
2026-04-28 17:02:07,159 - balethon.network.connection - INFO - [getUpdates] JSON{'offset': 23}
2026-04-28 17:02:07,172 - balethon.network.connection - INFO - [getUpdates] JSON{'offset': 23}
2026-04-28 17:02:07,183 - balethon.network.connection - INFO - [getUpdates] JSON{'offset': 23}
2026-04-28 17:02:07,196 - balethon.network.connection - INFO - [getUpdates] JSON{'offset': 23}
2026-04-28 17:02:07,211 - balethon.network.connection - INFO - [getUpdates] JSON{'offset': 23}
2026-04-28 17:02:07,223 - balethon.network.connection - INFO - [getUpdates] JSON{'offset': 23}
2026-04-28 17:02:07,235 - balethon.network.connection - INFO - [getUpdates] JSON{'offset': 23}
2026-04-28 17:02:07,253 - balethon.network.connection - INFO - [getUpdates] JSON{'offset': 23}
2026-04-28 17:02:07,269 - balethon.network.connection - INFO - [getUpdates] JSON{'offset': 23}
2026-04-28 17:02:07,282 - balethon.network.connection - INFO - [getUpdates] JSON{'offset': 23}
2026-04-28 17:02:07,297 - balethon.network.connection - INFO - [getUpdates] JSON{'offset': 23}
2026-04-28 17:02:07,314 - balethon.network.connection - INFO - [getUpdates] JSON{'offset': 23}
2026-04-28 17:02:07,331 - balethon.network.connection - INFO - [getUpdates] JSON{'offset': 23}
2026-04-28 17:02:07,349 - balethon.network.connection - INFO - [getUpdates] JSON{'offset': 23}
2026-04-28 17:02:07,362 - balethon.network.connection - INFO - [getUpdates] JSON{'offset': 23}
2026-04-28 17:02:07,378 - balethon.network.connection - INFO - [getUpdates] JSON{'offset': 23}
2026-04-28 17:02:07,393 - balethon.network.connection - INFO - [getUpdates] JSON{'offset': 23}
2026-04-28 17:02:07,407 - balethon.network.connection - INFO - [getUpdates] JSON{'offset': 23}
2026-04-28 17:02:07,421 - balethon.network.connection - INFO - [getUpdates] JSON{'offset': 23}
2026-04-28 17:02:07,441 - balethon.network.connection - INFO - [getUpdates] JSON{'offset': 23}
2026-04-28 17:02:07,464 - balethon.network.connection - INFO - [getUpdates] JSON{'offset': 23}
2026-04-28 17:02:07,475 - balethon.network.connection - INFO - [getUpdates] JSON{'offset': 23}
2026-04-28 17:02:07,493 - balethon.network.connection - INFO - [getUpdates] JSON{'offset': 23}
2026-04-28 17:02:07,510 - balethon.network.connection - INFO - [getUpdates] JSON{'offset': 23}
2026-04-28 17:02:07,532 - balethon.network.connection - INFO - [getUpdates] JSON{'offset': 23}
2026-04-28 17:02:07,560 - balethon.network.connection - INFO - [getUpdates] JSON{'offset': 23}
2026-04-28 17:02:07,579 - balethon.network.connection - INFO - [getUpdates] JSON{'offset': 23}
2026-04-28 17:02:07,600 - balethon.network.connection - INFO - [getUpdates] JSON{'offset': 23}
2026-04-28 17:02:07,616 - balethon.network.connection - INFO - [getUpdates] JSON{'offset': 23}
2026-04-28 17:02:07,629 - balethon.network.connection - INFO - [getUpdates] JSON{'offset': 23}
2026-04-28 17:02:07,643 - balethon.network.connection - INFO - [getUpdates] JSON{'offset': 23}
2026-04-28 17:02:07,656 - balethon.network.connection - INFO - [getUpdates] JSON{'offset': 23}
2026-04-28 17:02:07,671 - balethon.network.connection - INFO - [getUpdates] JSON{'offset': 23}
2026-04-28 17:02:07,693 - balethon.network.connection - INFO - [getUpdates] JSON{'offset': 23}
2026-04-28 17:02:07,714 - balethon.network.connection - INFO - [getUpdates] JSON{'offset': 23}
2026-04-28 17:02:07,728 - balethon.network.connection - INFO - [getUpdates] JSON{'offset': 23}
2026-04-28 17:02:07,748 - balethon.network.connection - INFO - [getUpdates] JSON{'offset': 23}
2026-04-28 17:02:07,760 - balethon.network.connection - INFO - [getUpdates] JSON{'offset': 23}
2026-04-28 17:02:07,776 - balethon.network.connection - INFO - [getUpdates] JSON{'offset': 23}
2026-04-28 17:02:07,789 - balethon.network.connection - INFO - [getUpdates] JSON{'offset': 23}
2026-04-28 17:02:07,803 - balethon.network.connection - INFO - [getUpdates] JSON{'offset': 23}
2026-04-28 17:02:07,817 - balethon.network.connection - INFO - [getUpdates] JSON{'offset': 23}
2026-04-28 17:02:07,830 - balethon.network.connection - INFO - [getUpdates] JSON{'offset': 23}
2026-04-28 17:02:07,845 - balethon.network.connection - INFO - [getUpdates] JSON{'offset': 23}
2026-04-28 17:02:07,864 - balethon.network.connection - INFO - [getUpdates] JSON{'offset': 23}
2026-04-28 17:02:07,878 - balethon.network.connection - INFO - [getUpdates] JSON{'offset': 23}
2026-04-28 17:02:07,891 - balethon.network.connection - INFO - [getUpdates] JSON{'offset': 23}
2026-04-28 17:02:07,904 - balethon.network.connection - INFO - [getUpdates] JSON{'offset': 23}
2026-04-28 17:02:07,919 - balethon.network.connection - INFO - [getUpdates] JSON{'offset': 23}
2026-04-28 17:02:07,931 - balethon.network.connection - INFO - [getUpdates] JSON{'offset': 23}
2026-04-28 17:02:07,942 - balethon.network.connection - INFO - [getUpdates] JSON{'offset': 23}
2026-04-28 17:02:07,954 - balethon.network.connection - INFO - [getUpdates] JSON{'offset': 23}
2026-04-28 17:02:07,968 - balethon.network.connection - INFO - [getUpdates] JSON{'offset': 23}
2026-04-28 17:02:07,978 - balethon.network.connection - INFO - [getUpdates] JSON{'offset': 23}
2026-04-28 17:02:07,990 - balethon.network.connection - INFO - [getUpdates] JSON{'offset': 23}
2026-04-28 17:02:08,000 - balethon.network.connection - INFO - [getUpdates] JSON{'offset': 23}
2026-04-28 17:02:08,014 - balethon.network.connection - INFO - [getUpdates] JSON{'offset': 23}
2026-04-28 17:02:08,024 - balethon.network.connection - INFO - [getUpdates] JSON{'offset': 23}
2026-04-28 17:02:08,038 - balethon.network.connection - INFO - [getUpdates] JSON{'offset': 23}
2026-04-28 17:02:08,048 - balethon.network.connection - INFO - [getUpdates] JSON{'offset': 23}
2026-04-28 17:02:08,060 - balethon.network.connection - INFO - [getUpdates] JSON{'offset': 23}
2026-04-28 17:02:08,071 - balethon.network.connection - INFO - [getUpdates] JSON{'offset': 23}
2026-04-28 17:02:08,086 - balethon.network.connection - INFO - [getUpdates] JSON{'offset': 23}
2026-04-28 17:02:08,097 - balethon.network.connection - INFO - [getUpdates] JSON{'offset': 23}
2026-04-28 17:02:08,112 - balethon.network.connection - INFO - [getUpdates] JSON{'offset': 23}
2026-04-28 17:02:08,128 - balethon.network.connection - INFO - [getUpdates] JSON{'offset': 23}
2026-04-28 17:02:08,142 - balethon.network.connection - INFO - [getUpdates] JSON{'offset': 23}
2026-04-28 17:02:08,152 - balethon.network.connection - INFO - [getUpdates] JSON{'offset': 23}
2026-04-28 17:02:08,163 - balethon.network.connection - INFO - [getUpdates] JSON{'offset': 23}
2026-04-28 17:02:08,177 - balethon.network.connection - INFO - [getUpdates] JSON{'offset': 23}
2026-04-28 17:02:08,192 - balethon.network.connection - INFO - [getUpdates] JSON{'offset': 23}
2026-04-28 17:02:08,207 - balethon.network.connection - INFO - [getUpdates] JSON{'offset': 23}
2026-04-28 17:02:08,217 - balethon.network.connection - INFO - [getUpdates] JSON{'offset': 23}
2026-04-28 17:02:08,232 - balethon.network.connection - INFO - [getUpdates] JSON{'offset': 23}
2026-04-28 17:02:08,246 - balethon.network.connection - INFO - [getUpdates] JSON{'offset': 23}
2026-04-28 17:02:08,262 - balethon.network.connection - INFO - [getUpdates] JSON{'offset': 23}
2026-04-28 17:02:08,279 - balethon.network.connection - INFO - [getUpdates] JSON{'offset': 23}
2026-04-28 17:02:08,289 - balethon.network.connection - INFO - [getUpdates] JSON{'offset': 23}
2026-04-28 17:02:08,307 - balethon.network.connection - INFO - [getUpdates] JSON{'offset': 23}
2026-04-28 17:02:08,321 - balethon.network.connection - INFO - [getUpdates] JSON{'offset': 23}
2026-04-28 17:02:08,345 - balethon.network.connection - INFO - [getUpdates] JSON{'offset': 23}
2026-04-28 17:02:08,358 - balethon.network.connection - INFO - [getUpdates] JSON{'offset': 23}
2026-04-28 17:02:08,383 - balethon.network.connection - INFO - [getUpdates] JSON{'offset': 23}
2026-04-28 17:02:08,400 - balethon.network.connection - INFO - [getUpdates] JSON{'offset': 23}
2026-04-28 17:02:08,420 - balethon.network.connection - INFO - [getUpdates] JSON{'offset': 23}
2026-04-28 17:02:08,438 - balethon.network.connection - INFO - [getUpdates] JSON{'offset': 23}
2026-04-28 17:02:08,468 - balethon.network.connection - INFO - [getUpdates] JSON{'offset': 23}
2026-04-28 17:02:08,484 - balethon.network.connection - INFO - [getUpdates] JSON{'offset': 23}
2026-04-28 17:02:08,504 - balethon.network.connection - INFO - [getUpdates] JSON{'offset': 23}
2026-04-28 17:02:08,522 - balethon.network.connection - INFO - [getUpdates] JSON{'offset': 23}
2026-04-28 17:02:08,538 - balethon.network.connection - INFO - [getUpdates] JSON{'offset': 23}
2026-04-28 17:02:08,554 - balethon.network.connection - INFO - [getUpdates] JSON{'offset': 23}
2026-04-28 17:02:08,571 - balethon.network.connection - INFO - [getUpdates] JSON{'offset': 23}
2026-04-28 17:02:08,589 - balethon.network.connection - INFO - [getUpdates] JSON{'offset': 23}
2026-04-28 17:02:08,609 - balethon.network.connection - INFO - [getUpdates] JSON{'offset': 23}
2026-04-28 17:02:08,641 - balethon.network.connection - INFO - [getUpdates] JSON{'offset': 23}
2026-04-28 17:02:08,669 - balethon.network.connection - INFO - [getUpdates] JSON{'offset': 23}
2026-04-28 17:02:08,706 - balethon.network.connection - INFO - [getUpdates] JSON{'offset': 23}
2026-04-28 17:02:08,730 - balethon.network.connection - INFO - [getUpdates] JSON{'offset': 23}
2026-04-28 17:02:08,760 - balethon.network.connection - INFO - [getUpdates] JSON{'offset': 23}
2026-04-28 17:02:08,804 - balethon.network.connection - INFO - [getUpdates] JSON{'offset': 23}
2026-04-28 17:02:08,859 - balethon.network.connection - INFO - [getUpdates] JSON{'offset': 23}
2026-04-28 17:02:08,877 - balethon.network.connection - INFO - [getUpdates] JSON{'offset': 23}
2026-04-28 17:02:08,894 - balethon.network.connection - INFO - [getUpdates] JSON{'offset': 23}
2026-04-28 17:02:08,914 - balethon.network.connection - INFO - [getUpdates] JSON{'offset': 23}
2026-04-28 17:02:08,933 - balethon.network.connection - INFO - [getUpdates] JSON{'offset': 23}
2026-04-28 17:02:08,951 - balethon.network.connection - INFO - [getUpdates] JSON{'offset': 23}
2026-04-28 17:02:08,966 - balethon.network.connection - INFO - [getUpdates] JSON{'offset': 23}
2026-04-28 17:02:08,979 - balethon.network.connection - INFO - [getUpdates] JSON{'offset': 23}
2026-04-28 17:02:08,997 - balethon.network.connection - INFO - [getUpdates] JSON{'offset': 23}
2026-04-28 17:02:09,011 - balethon.network.connection - INFO - [getUpdates] JSON{'offset': 23}
2026-04-28 17:02:09,023 - balethon.network.connection - INFO - [getUpdates] JSON{'offset': 23}
2026-04-28 17:02:09,035 - balethon.network.connection - INFO - [getUpdates] JSON{'offset': 23}
2026-04-28 17:02:09,045 - balethon.network.connection - INFO - [getUpdates] JSON{'offset': 23}
2026-04-28 17:02:09,058 - balethon.network.connection - INFO - [getUpdates] JSON{'offset': 23}
2026-04-28 17:02:09,070 - balethon.network.connection - INFO - [getUpdates] JSON{'offset': 23}
2026-04-28 17:02:09,079 - balethon.network.connection - INFO - [getUpdates] JSON{'offset': 23}
2026-04-28 17:02:09,095 - balethon.network.connection - INFO - [getUpdates] JSON{'offset': 23}
2026-04-28 17:02:09,109 - balethon.network.connection - INFO - [getUpdates] JSON{'offset': 23}
2026-04-28 17:02:09,123 - balethon.network.connection - INFO - [getUpdates] JSON{'offset': 23}
2026-04-28 17:02:09,136 - balethon.network.connection - INFO - [getUpdates] JSON{'offset': 23}
2026-04-28 17:02:09,154 - balethon.network.connection - INFO - [getUpdates] JSON{'offset': 23}
2026-04-28 17:02:09,165 - balethon.network.connection - INFO - [getUpdates] JSON{'offset': 23}
2026-04-28 17:02:09,178 - balethon.network.connection - INFO - [getUpdates] JSON{'offset': 23}
2026-04-28 17:02:09,188 - balethon.network.connection - INFO - [getUpdates] JSON{'offset': 23}
2026-04-28 17:02:09,200 - balethon.network.connection - INFO - [getUpdates] JSON{'offset': 23}
2026-04-28 17:02:09,211 - balethon.network.connection - INFO - [getUpdates] JSON{'offset': 23}
2026-04-28 17:02:09,222 - balethon.network.connection - INFO - [getUpdates] JSON{'offset': 23}
2026-04-28 17:02:09,233 - balethon.network.connection - INFO - [getUpdates] JSON{'offset': 23}
2026-04-28 17:02:09,244 - balethon.network.connection - INFO - [getUpdates] JSON{'offset': 23}
2026-04-28 17:02:09,255 - balethon.network.connection - INFO - [getUpdates] JSON{'offset': 23}
2026-04-28 17:02:09,267 - balethon.network.connection - INFO - [getUpdates] JSON{'offset': 23}
2026-04-28 17:02:09,277 - balethon.network.connection - INFO - [getUpdates] JSON{'offset': 23}
2026-04-28 17:02:09,289 - balethon.network.connection - INFO - [getUpdates] JSON{'offset': 23}
2026-04-28 17:02:09,301 - balethon.network.connection - INFO - [getUpdates] JSON{'offset': 23}
2026-04-28 17:02:09,312 - balethon.network.connection - INFO - [getUpdates] JSON{'offset': 23}
2026-04-28 17:02:09,321 - balethon.network.connection - INFO - [getUpdates] JSON{'offset': 23}
2026-04-28 17:02:09,335 - balethon.network.connection - INFO - [getUpdates] JSON{'offset': 23}
2026-04-28 17:02:09,346 - balethon.network.connection - INFO - [getUpdates] JSON{'offset': 23}
2026-04-28 17:02:09,360 - balethon.network.connection - INFO - [getUpdates] JSON{'offset': 23}
2026-04-28 17:02:09,372 - balethon.network.connection - INFO - [getUpdates] JSON{'offset': 23}
2026-04-28 17:02:09,384 - balethon.network.connection - INFO - [getUpdates] JSON{'offset': 23}
2026-04-28 17:02:09,399 - balethon.network.connection - INFO - [getUpdates] JSON{'offset': 23}
2026-04-28 17:02:09,411 - balethon.network.connection - INFO - [getUpdates] JSON{'offset': 23}
2026-04-28 17:02:09,422 - balethon.network.connection - INFO - [getUpdates] JSON{'offset': 23}
2026-04-28 17:02:09,432 - balethon.network.connection - INFO - [getUpdates] JSON{'offset': 23}
2026-04-28 17:02:09,445 - balethon.network.connection - INFO - [getUpdates] JSON{'offset': 23}
2026-04-28 17:02:09,456 - balethon.network.connection - INFO - [getUpdates] JSON{'offset': 23}
2026-04-28 17:02:09,470 - balethon.network.connection - INFO - [getUpdates] JSON{'offset': 23}
2026-04-28 17:02:09,480 - balethon.network.connection - INFO - [getUpdates] JSON{'offset': 23}
2026-04-28 17:02:09,491 - balethon.network.connection - INFO - [getUpdates] JSON{'offset': 23}
2026-04-28 17:02:09,503 - balethon.network.connection - INFO - [getUpdates] JSON{'offset': 23}
2026-04-28 17:02:09,517 - balethon.network.connection - INFO - [getUpdates] JSON{'offset': 23}
2026-04-28 17:02:09,527 - balethon.network.connection - INFO - [getUpdates] JSON{'offset': 23}
2026-04-28 17:02:09,540 - balethon.network.connection - INFO - [getUpdates] JSON{'offset': 23}
2026-04-28 17:02:09,551 - balethon.network.connection - INFO - [getUpdates] JSON{'offset': 23}
2026-04-28 17:02:09,559 - balethon.network.connection - INFO - [getUpdates] JSON{'offset': 23}
2026-04-28 17:02:09,576 - balethon.network.connection - INFO - [getUpdates] JSON{'offset': 23}
2026-04-28 17:02:09,589 - balethon.network.connection - INFO - [getUpdates] JSON{'offset': 23}
2026-04-28 17:02:09,602 - balethon.network.connection - INFO - [getUpdates] JSON{'offset': 23}
2026-04-28 17:02:09,611 - balethon.network.connection - INFO - [getUpdates] JSON{'offset': 23}
2026-04-28 17:02:09,620 - balethon.network.connection - INFO - [getUpdates] JSON{'offset': 23}
2026-04-28 17:02:09,630 - balethon.network.connection - INFO - [getUpdates] JSON{'offset': 23}
2026-04-28 17:02:09,644 - balethon.network.connection - INFO - [getUpdates] JSON{'offset': 23}
2026-04-28 17:02:09,654 - balethon.network.connection - INFO - [getUpdates] JSON{'offset': 23}
2026-04-28 17:02:09,665 - balethon.network.connection - INFO - [getUpdates] JSON{'offset': 23}
2026-04-28 17:02:09,680 - balethon.network.connection - INFO - [getUpdates] JSON{'offset': 23}
2026-04-28 17:02:09,692 - balethon.network.connection - INFO - [getUpdates] JSON{'offset': 23}
2026-04-28 17:02:09,707 - balethon.network.connection - INFO - [getUpdates] JSON{'offset': 23}
2026-04-28 17:02:09,726 - balethon.network.connection - INFO - [getUpdates] JSON{'offset': 23}
2026-04-28 17:02:09,741 - balethon.network.connection - INFO - [getUpdates] JSON{'offset': 23}
2026-04-28 17:02:09,753 - balethon.network.connection - INFO - [getUpdates] JSON{'offset': 23}
2026-04-28 17:02:09,766 - balethon.network.connection - INFO - [getUpdates] JSON{'offset': 23}
2026-04-28 17:02:09,781 - balethon.network.connection - INFO - [getUpdates] JSON{'offset': 23}
2026-04-28 17:02:09,796 - balethon.network.connection - INFO - [getUpdates] JSON{'offset': 23}
2026-04-28 17:02:09,814 - balethon.network.connection - INFO - [getUpdates] JSON{'offset': 23}
2026-04-28 17:02:09,825 - balethon.network.connection - INFO - [getUpdates] JSON{'offset': 23}
2026-04-28 17:02:09,837 - balethon.network.connection - INFO - [getUpdates] JSON{'offset': 23}
2026-04-28 17:02:09,849 - balethon.network.connection - INFO - [getUpdates] JSON{'offset': 23}
2026-04-28 17:02:09,861 - balethon.network.connection - INFO - [getUpdates] JSON{'offset': 23}
2026-04-28 17:02:09,872 - balethon.network.connection - INFO - [getUpdates] JSON{'offset': 23}
2026-04-28 17:02:09,885 - balethon.network.connection - INFO - [getUpdates] JSON{'offset': 23}
2026-04-28 17:02:09,897 - balethon.network.connection - INFO - [getUpdates] JSON{'offset': 23}
2026-04-28 17:02:09,909 - balethon.network.connection - INFO - [getUpdates] JSON{'offset': 23}
2026-04-28 17:02:09,920 - balethon.network.connection - INFO - [getUpdates] JSON{'offset': 23}
2026-04-28 17:02:09,933 - balethon.network.connection - INFO - [getUpdates] JSON{'offset': 23}
2026-04-28 17:02:09,945 - balethon.network.connection - INFO - [getUpdates] JSON{'offset': 23}
2026-04-28 17:02:09,956 - balethon.network.connection - INFO - [getUpdates] JSON{'offset': 23}
2026-04-28 17:02:09,967 - balethon.network.connection - INFO - [getUpdates] JSON{'offset': 23}
2026-04-28 17:02:09,979 - balethon.network.connection - INFO - [getUpdates] JSON{'offset': 23}
2026-04-28 17:02:09,996 - balethon.network.connection - INFO - [getUpdates] JSON{'offset': 23}
2026-04-28 17:02:10,013 - balethon.network.connection - INFO - [getUpdates] JSON{'offset': 23}
2026-04-28 17:02:10,030 - balethon.network.connection - INFO - [getUpdates] JSON{'offset': 23}
2026-04-28 17:02:10,047 - balethon.network.connection - INFO - [getUpdates] JSON{'offset': 23}
2026-04-28 17:02:10,065 - balethon.network.connection - INFO - [getUpdates] JSON{'offset': 23}
2026-04-28 17:02:10,084 - balethon.network.connection - INFO - [getUpdates] JSON{'offset': 23}
2026-04-28 17:02:10,097 - balethon.network.connection - INFO - [getUpdates] JSON{'offset': 23}
2026-04-28 17:02:10,115 - balethon.network.connection - INFO - [getUpdates] JSON{'offset': 23}
2026-04-28 17:02:10,136 - balethon.network.connection - INFO - [getUpdates] JSON{'offset': 23}
2026-04-28 17:02:10,150 - balethon.network.connection - INFO - [getUpdates] JSON{'offset': 23}
2026-04-28 17:02:10,165 - balethon.network.connection - INFO - [getUpdates] JSON{'offset': 23}
2026-04-28 17:02:10,177 - balethon.network.connection - INFO - [getUpdates] JSON{'offset': 23}
2026-04-28 17:02:10,190 - balethon.network.connection - INFO - [getUpdates] JSON{'offset': 23}
2026-04-28 17:02:10,210 - balethon.network.connection - INFO - [getUpdates] JSON{'offset': 23}
2026-04-28 17:02:10,225 - balethon.network.connection - INFO - [getUpdates] JSON{'offset': 23}
2026-04-28 17:02:10,238 - balethon.network.connection - INFO - [getUpdates] JSON{'offset': 23}
2026-04-28 17:02:10,252 - balethon.network.connection - INFO - [getUpdates] JSON{'offset': 23}
2026-04-28 17:02:10,266 - balethon.network.connection - INFO - [getUpdates] JSON{'offset': 23}
2026-04-28 17:02:10,287 - balethon.network.connection - INFO - [getUpdates] JSON{'offset': 23}
2026-04-28 17:02:10,305 - balethon.network.connection - INFO - [getUpdates] JSON{'offset': 23}
2026-04-28 17:02:10,323 - balethon.network.connection - INFO - [getUpdates] JSON{'offset': 23}
2026-04-28 17:02:10,339 - balethon.network.connection - INFO - [getUpdates] JSON{'offset': 23}
2026-04-28 17:02:10,354 - balethon.network.connection - INFO - [getUpdates] JSON{'offset': 23}
2026-04-28 17:02:10,367 - balethon.network.connection - INFO - [getUpdates] JSON{'offset': 23}
2026-04-28 17:02:10,388 - balethon.network.connection - INFO - [getUpdates] JSON{'offset': 23}
2026-04-28 17:02:10,399 - balethon.network.connection - INFO - [getUpdates] JSON{'offset': 23}
2026-04-28 17:02:10,421 - balethon.network.connection - INFO - [getUpdates] JSON{'offset': 23}
2026-04-28 17:02:10,434 - balethon.network.connection - INFO - [getUpdates] JSON{'offset': 23}
2026-04-28 17:02:10,453 - balethon.network.connection - INFO - [getUpdates] JSON{'offset': 23}
2026-04-28 17:02:10,485 - balethon.network.connection - INFO - [getUpdates] JSON{'offset': 23}
2026-04-28 17:02:10,509 - balethon.network.connection - INFO - [getUpdates] JSON{'offset': 23}
2026-04-28 17:02:10,531 - balethon.network.connection - INFO - [getUpdates] JSON{'offset': 23}
2026-04-28 17:02:10,549 - balethon.network.connection - INFO - [getUpdates] JSON{'offset': 23}
2026-04-28 17:02:10,573 - balethon.network.connection - INFO - [getUpdates] JSON{'offset': 23}
2026-04-28 17:02:10,590 - balethon.network.connection - INFO - [getUpdates] JSON{'offset': 23}
2026-04-28 17:02:10,604 - balethon.network.connection - INFO - [getUpdates] JSON{'offset': 23}
2026-04-28 17:02:10,618 - balethon.network.connection - INFO - [getUpdates] JSON{'offset': 23}
2026-04-28 17:02:10,636 - balethon.network.connection - INFO - [getUpdates] JSON{'offset': 23}
2026-04-28 17:02:10,649 - balethon.network.connection - INFO - [getUpdates] JSON{'offset': 23}
2026-04-28 17:02:10,670 - balethon.network.connection - INFO - [getUpdates] JSON{'offset': 23}
2026-04-28 17:02:10,684 - balethon.network.connection - INFO - [getUpdates] JSON{'offset': 23}
2026-04-28 17:02:10,705 - balethon.network.connection - INFO - [getUpdates] JSON{'offset': 23}
2026-04-28 17:02:10,724 - balethon.network.connection - INFO - [getUpdates] JSON{'offset': 23}
2026-04-28 17:02:10,740 - balethon.network.connection - INFO - [getUpdates] JSON{'offset': 23}
2026-04-28 17:02:10,754 - balethon.network.connection - INFO - [getUpdates] JSON{'offset': 23}
2026-04-28 17:02:10,770 - balethon.network.connection - INFO - [getUpdates] JSON{'offset': 23}
2026-04-28 17:02:10,786 - balethon.network.connection - INFO - [getUpdates] JSON{'offset': 23}
2026-04-28 17:02:10,812 - balethon.network.connection - INFO - [getUpdates] JSON{'offset': 23}
2026-04-28 17:02:10,839 - balethon.network.connection - INFO - [getUpdates] JSON{'offset': 23}
2026-04-28 17:02:10,862 - balethon.network.connection - INFO - [getUpdates] JSON{'offset': 23}
2026-04-28 17:02:10,925 - balethon.network.connection - INFO - [getUpdates] JSON{'offset': 23}
2026-04-28 17:02:11,003 - balethon.network.connection - INFO - [getUpdates] JSON{'offset': 23}
2026-04-28 17:02:11,046 - balethon.network.connection - INFO - [getUpdates] JSON{'offset': 23}
2026-04-28 17:02:11,058 - balethon.network.connection - INFO - [getUpdates] JSON{'offset': 23}
2026-04-28 17:02:11,071 - balethon.network.connection - INFO - [getUpdates] JSON{'offset': 23}
2026-04-28 17:02:11,085 - balethon.network.connection - INFO - [getUpdates] JSON{'offset': 23}
2026-04-28 17:02:11,107 - balethon.network.connection - INFO - [getUpdates] JSON{'offset': 23}
2026-04-28 17:02:11,128 - balethon.network.connection - INFO - [getUpdates] JSON{'offset': 23}
2026-04-28 17:02:11,146 - balethon.network.connection - INFO - [getUpdates] JSON{'offset': 23}
2026-04-28 17:02:11,162 - balethon.network.connection - INFO - [getUpdates] JSON{'offset': 23}
2026-04-28 17:02:11,182 - balethon.network.connection - INFO - [getUpdates] JSON{'offset': 23}
2026-04-28 17:02:11,205 - balethon.network.connection - INFO - [getUpdates] JSON{'offset': 23}
2026-04-28 17:02:11,219 - balethon.network.connection - INFO - [getUpdates] JSON{'offset': 23}
2026-04-28 17:02:11,240 - balethon.network.connection - INFO - [getUpdates] JSON{'offset': 23}
2026-04-28 17:02:11,257 - balethon.network.connection - INFO - [getUpdates] JSON{'offset': 23}
2026-04-28 17:02:11,282 - balethon.network.connection - INFO - [getUpdates] JSON{'offset': 23}
2026-04-28 17:02:11,303 - balethon.network.connection - INFO - [getUpdates] JSON{'offset': 23}
2026-04-28 17:02:11,321 - balethon.network.connection - INFO - [getUpdates] JSON{'offset': 23}
2026-04-28 17:02:11,338 - balethon.network.connection - INFO - [getUpdates] JSON{'offset': 23}
2026-04-28 17:02:11,359 - balethon.network.connection - INFO - [getUpdates] JSON{'offset': 23}
2026-04-28 17:02:11,373 - balethon.network.connection - INFO - [getUpdates] JSON{'offset': 23}
2026-04-28 17:02:11,391 - balethon.network.connection - INFO - [getUpdates] JSON{'offset': 23}
2026-04-28 17:02:11,402 - balethon.network.connection - INFO - [getUpdates] JSON{'offset': 23}
2026-04-28 17:02:11,421 - balethon.network.connection - INFO - [getUpdates] JSON{'offset': 23}
2026-04-28 17:02:11,432 - balethon.network.connection - INFO - [getUpdates] JSON{'offset': 23}
2026-04-28 17:02:11,447 - balethon.network.connection - INFO - [getUpdates] JSON{'offset': 23}
2026-04-28 17:02:11,460 - balethon.network.connection - INFO - [getUpdates] JSON{'offset': 23}
2026-04-28 17:02:11,482 - balethon.network.connection - INFO - [getUpdates] JSON{'offset': 23}
2026-04-28 17:02:11,494 - balethon.network.connection - INFO - [getUpdates] JSON{'offset': 23}
2026-04-28 17:02:11,507 - balethon.network.connection - INFO - [getUpdates] JSON{'offset': 23}
2026-04-28 17:02:11,522 - balethon.network.connection - INFO - [getUpdates] JSON{'offset': 23}
2026-04-28 17:02:11,537 - balethon.network.connection - INFO - [getUpdates] JSON{'offset': 23}
2026-04-28 17:02:11,554 - balethon.network.connection - INFO - [getUpdates] JSON{'offset': 23}
2026-04-28 17:02:11,568 - balethon.network.connection - INFO - [getUpdates] JSON{'offset': 23}
2026-04-28 17:02:11,580 - balethon.network.connection - INFO - [getUpdates] JSON{'offset': 23}
2026-04-28 17:02:11,592 - balethon.network.connection - INFO - [getUpdates] JSON{'offset': 23}
2026-04-28 17:02:11,603 - balethon.network.connection - INFO - [getUpdates] JSON{'offset': 23}
2026-04-28 17:02:11,615 - balethon.network.connection - INFO - [getUpdates] JSON{'offset': 23}
2026-04-28 17:02:11,627 - balethon.network.connection - INFO - [getUpdates] JSON{'offset': 23}
2026-04-28 17:02:11,637 - balethon.network.connection - INFO - [getUpdates] JSON{'offset': 23}
2026-04-28 17:02:11,648 - balethon.network.connection - INFO - [getUpdates] JSON{'offset': 23}
2026-04-28 17:02:11,656 - balethon.network.connection - INFO - [getUpdates] JSON{'offset': 23}
2026-04-28 17:02:11,668 - balethon.network.connection - INFO - [getUpdates] JSON{'offset': 23}
2026-04-28 17:02:11,681 - balethon.network.connection - INFO - [getUpdates] JSON{'offset': 23}
2026-04-28 17:02:11,692 - balethon.network.connection - INFO - [getUpdates] JSON{'offset': 23}
2026-04-28 17:02:11,703 - balethon.network.connection - INFO - [getUpdates] JSON{'offset': 23}
2026-04-28 17:02:11,716 - balethon.network.connection - INFO - [getUpdates] JSON{'offset': 23}
2026-04-28 17:02:11,725 - balethon.network.connection - INFO - [getUpdates] JSON{'offset': 23}
2026-04-28 17:02:11,735 - balethon.network.connection - INFO - [getUpdates] JSON{'offset': 23}
2026-04-28 17:02:11,745 - balethon.network.connection - INFO - [getUpdates] JSON{'offset': 23}
2026-04-28 17:02:11,757 - balethon.network.connection - INFO - [getUpdates] JSON{'offset': 23}
2026-04-28 17:02:11,767 - balethon.network.connection - INFO - [getUpdates] JSON{'offset': 23}
2026-04-28 17:02:11,782 - balethon.network.connection - INFO - [getUpdates] JSON{'offset': 23}
2026-04-28 17:02:11,793 - balethon.network.connection - INFO - [getUpdates] JSON{'offset': 23}
2026-04-28 17:02:11,803 - balethon.network.connection - INFO - [getUpdates] JSON{'offset': 23}
2026-04-28 17:02:11,814 - balethon.network.connection - INFO - [getUpdates] JSON{'offset': 23}
2026-04-28 17:02:11,823 - balethon.network.connection - INFO - [getUpdates] JSON{'offset': 23}
2026-04-28 17:02:11,834 - balethon.network.connection - INFO - [getUpdates] JSON{'offset': 23}
2026-04-28 17:02:11,845 - balethon.network.connection - INFO - [getUpdates] JSON{'offset': 23}
2026-04-28 17:02:11,857 - balethon.network.connection - INFO - [getUpdates] JSON{'offset': 23}
2026-04-28 17:02:11,869 - balethon.network.connection - INFO - [getUpdates] JSON{'offset': 23}
2026-04-28 17:02:11,879 - balethon.network.connection - INFO - [getUpdates] JSON{'offset': 23}
2026-04-28 17:02:11,890 - balethon.network.connection - INFO - [getUpdates] JSON{'offset': 23}
2026-04-28 17:02:11,903 - balethon.network.connection - INFO - [getUpdates] JSON{'offset': 23}
2026-04-28 17:02:11,913 - balethon.network.connection - INFO - [getUpdates] JSON{'offset': 23}
2026-04-28 17:02:11,926 - balethon.network.connection - INFO - [getUpdates] JSON{'offset': 23}
2026-04-28 17:02:11,936 - balethon.network.connection - INFO - [getUpdates] JSON{'offset': 23}
2026-04-28 17:02:11,946 - balethon.network.connection - INFO - [getUpdates] JSON{'offset': 23}
2026-04-28 17:02:11,957 - balethon.network.connection - INFO - [getUpdates] JSON{'offset': 23}
2026-04-28 17:02:11,967 - balethon.network.connection - INFO - [getUpdates] JSON{'offset': 23}
2026-04-28 17:02:11,977 - balethon.network.connection - INFO - [getUpdates] JSON{'offset': 23}
2026-04-28 17:02:11,988 - balethon.network.connection - INFO - [getUpdates] JSON{'offset': 23}
2026-04-28 17:02:12,005 - balethon.network.connection - INFO - [getUpdates] JSON{'offset': 23}
2026-04-28 17:02:12,018 - balethon.network.connection - INFO - [getUpdates] JSON{'offset': 23}
2026-04-28 17:02:12,032 - balethon.network.connection - INFO - [getUpdates] JSON{'offset': 23}
2026-04-28 17:02:12,049 - balethon.network.connection - INFO - [getUpdates] JSON{'offset': 23}
2026-04-28 17:02:12,063 - balethon.network.connection - INFO - [getUpdates] JSON{'offset': 23}
2026-04-28 17:02:12,072 - balethon.network.connection - INFO - [getUpdates] JSON{'offset': 23}
2026-04-28 17:02:12,083 - balethon.network.connection - INFO - [getUpdates] JSON{'offset': 23}
2026-04-28 17:02:12,096 - balethon.network.connection - INFO - [getUpdates] JSON{'offset': 23}
2026-04-28 17:02:12,108 - balethon.network.connection - INFO - [getUpdates] JSON{'offset': 23}
2026-04-28 17:02:12,119 - balethon.network.connection - INFO - [getUpdates] JSON{'offset': 23}
2026-04-28 17:02:12,129 - balethon.network.connection - INFO - [getUpdates] JSON{'offset': 23}
2026-04-28 17:02:12,141 - balethon.network.connection - INFO - [getUpdates] JSON{'offset': 23}
2026-04-28 17:02:12,151 - balethon.network.connection - INFO - [getUpdates] JSON{'offset': 23}
2026-04-28 17:02:12,161 - balethon.network.connection - INFO - [getUpdates] JSON{'offset': 23}
2026-04-28 17:02:12,171 - balethon.network.connection - INFO - [getUpdates] JSON{'offset': 23}
2026-04-28 17:02:12,183 - balethon.network.connection - INFO - [getUpdates] JSON{'offset': 23}
2026-04-28 17:02:12,193 - balethon.network.connection - INFO - [getUpdates] JSON{'offset': 23}
2026-04-28 17:02:12,204 - balethon.network.connection - INFO - [getUpdates] JSON{'offset': 23}
2026-04-28 17:02:12,213 - balethon.network.connection - INFO - [getUpdates] JSON{'offset': 23}
2026-04-28 17:02:12,243 - balethon.network.connection - INFO - [getUpdates] JSON{'offset': 23}
2026-04-28 17:02:12,252 - balethon.network.connection - INFO - [getUpdates] JSON{'offset': 23}
2026-04-28 17:02:12,262 - balethon.network.connection - INFO - [getUpdates] JSON{'offset': 23}
2026-04-28 17:02:12,272 - balethon.network.connection - INFO - [getUpdates] JSON{'offset': 23}
2026-04-28 17:02:12,281 - balethon.network.connection - INFO - [getUpdates] JSON{'offset': 23}
2026-04-28 17:02:12,292 - balethon.network.connection - INFO - [getUpdates] JSON{'offset': 23}
2026-04-28 17:02:12,302 - balethon.network.connection - INFO - [getUpdates] JSON{'offset': 23}
2026-04-28 17:02:12,315 - balethon.network.connection - INFO - [getUpdates] JSON{'offset': 23}
2026-04-28 17:02:12,329 - balethon.network.connection - INFO - [getUpdates] JSON{'offset': 23}
2026-04-28 17:02:12,426 - balethon.network.connection - INFO - [getUpdates] JSON{'offset': 23}
2026-04-28 17:02:18,030 - httpx - INFO - HTTP Request: POST https://tapi.bale.ai/bot2029474166:MzkMDmPbKHhF6JT0Dn9AYuq84mnTq20L1wk/getUpdates "HTTP/1.1 200 OK"
2026-04-28 17:02:18,036 - balethon.network.connection - INFO - [getUpdates] JSON{'offset': 23}
2026-04-28 17:02:23,190 - httpx - INFO - HTTP Request: POST https://tapi.bale.ai/bot2029474166:MzkMDmPbKHhF6JT0Dn9AYuq84mnTq20L1wk/getUpdates "HTTP/1.1 200 OK"
2026-04-28 17:02:23,198 - balethon.network.connection - INFO - [getUpdates] JSON{'offset': 23}
2026-04-28 17:02:28,273 - httpx - INFO - HTTP Request: POST https://tapi.bale.ai/bot2029474166:MzkMDmPbKHhF6JT0Dn9AYuq84mnTq20L1wk/getUpdates "HTTP/1.1 200 OK"
2026-04-28 17:02:28,289 - balethon.network.connection - INFO - [getUpdates] JSON{'offset': 23}
2026-04-28 17:02:33,484 - httpx - INFO - HTTP Request: POST https://tapi.bale.ai/bot2029474166:MzkMDmPbKHhF6JT0Dn9AYuq84mnTq20L1wk/getUpdates "HTTP/1.1 200 OK"
2026-04-28 17:02:33,491 - balethon.network.connection - INFO - [getUpdates] JSON{'offset': 23}
2026-04-28 17:02:38,521 - httpx - INFO - HTTP Request: POST https://tapi.bale.ai/bot2029474166:MzkMDmPbKHhF6JT0Dn9AYuq84mnTq20L1wk/getUpdates "HTTP/1.1 200 OK"
2026-04-28 17:02:38,524 - balethon.network.connection - INFO - [getUpdates] JSON{'offset': 23}
2026-04-28 17:02:43,640 - httpx - INFO - HTTP Request: POST https://tapi.bale.ai/bot2029474166:MzkMDmPbKHhF6JT0Dn9AYuq84mnTq20L1wk/getUpdates "HTTP/1.1 200 OK"
2026-04-28 17:02:43,646 - balethon.network.connection - INFO - [getUpdates] JSON{'offset': 23}
2026-04-28 17:02:46,681 - balethon.network.connection - INFO - [getUpdates] JSON{'offset': 23}
2026-04-28 17:02:46,937 - balethon.network.connection - INFO - [getUpdates] JSON{'offset': 23}
2026-04-28 17:02:46,973 - balethon.network.connection - INFO - [getUpdates] JSON{'offset': 23}
2026-04-28 17:02:46,999 - balethon.network.connection - INFO - [getUpdates] JSON{'offset': 23}
2026-04-28 17:02:47,033 - balethon.network.connection - INFO - [getUpdates] JSON{'offset': 23}
2026-04-28 17:02:47,057 - balethon.network.connection - INFO - [getUpdates] JSON{'offset': 23}
2026-04-28 17:02:47,075 - balethon.network.connection - INFO - [getUpdates] JSON{'offset': 23}
2026-04-28 17:02:47,091 - balethon.network.connection - INFO - [getUpdates] JSON{'offset': 23}
2026-04-28 17:02:47,105 - balethon.network.connection - INFO - [getUpdates] JSON{'offset': 23}
2026-04-28 17:02:47,120 - balethon.network.connection - INFO - [getUpdates] JSON{'offset': 23}
2026-04-28 17:02:47,142 - balethon.network.connection - INFO - [getUpdates] JSON{'offset': 23}
2026-04-28 17:02:47,156 - balethon.network.connection - INFO - [getUpdates] JSON{'offset': 23}
2026-04-28 17:02:47,226 - balethon.network.connection - INFO - [getUpdates] JSON{'offset': 23}
2026-04-28 17:02:47,249 - balethon.network.connection - INFO - [getUpdates] JSON{'offset': 23}
2026-04-28 17:02:47,263 - balethon.network.connection - INFO - [getUpdates] JSON{'offset': 23}
2026-04-28 17:02:47,278 - balethon.network.connection - INFO - [getUpdates] JSON{'offset': 23}
2026-04-28 17:02:47,292 - balethon.network.connection - INFO - [getUpdates] JSON{'offset': 23}
2026-04-28 17:02:47,314 - balethon.network.connection - INFO - [getUpdates] JSON{'offset': 23}
2026-04-28 17:02:47,339 - balethon.network.connection - INFO - [getUpdates] JSON{'offset': 23}
2026-04-28 17:02:47,369 - balethon.network.connection - INFO - [getUpdates] JSON{'offset': 23}
2026-04-28 17:02:47,389 - balethon.network.connection - INFO - [getUpdates] JSON{'offset': 23}
2026-04-28 17:02:47,406 - balethon.network.connection - INFO - [getUpdates] JSON{'offset': 23}
2026-04-28 17:02:47,423 - balethon.network.connection - INFO - [getUpdates] JSON{'offset': 23}
2026-04-28 17:02:47,437 - balethon.network.connection - INFO - [getUpdates] JSON{'offset': 23}
2026-04-28 17:02:47,455 - balethon.network.connection - INFO - [getUpdates] JSON{'offset': 23}
2026-04-28 17:02:47,468 - balethon.network.connection - INFO - [getUpdates] JSON{'offset': 23}
2026-04-28 17:02:47,479 - balethon.network.connection - INFO - [getUpdates] JSON{'offset': 23}
2026-04-28 17:02:47,489 - balethon.network.connection - INFO - [getUpdates] JSON{'offset': 23}
2026-04-28 17:02:47,500 - balethon.network.connection - INFO - [getUpdates] JSON{'offset': 23}
2026-04-28 17:02:47,513 - balethon.network.connection - INFO - [getUpdates] JSON{'offset': 23}
2026-04-28 17:02:47,537 - balethon.network.connection - INFO - [getUpdates] JSON{'offset': 23}
2026-04-28 17:02:47,557 - balethon.network.connection - INFO - [getUpdates] JSON{'offset': 23}
2026-04-28 17:02:47,580 - balethon.network.connection - INFO - [getUpdates] JSON{'offset': 23}
2026-04-28 17:02:47,590 - balethon.network.connection - INFO - [getUpdates] JSON{'offset': 23}
2026-04-28 17:02:47,605 - balethon.network.connection - INFO - [getUpdates] JSON{'offset': 23}
2026-04-28 17:02:47,624 - balethon.network.connection - INFO - [getUpdates] JSON{'offset': 23}
2026-04-28 17:02:47,652 - balethon.network.connection - INFO - [getUpdates] JSON{'offset': 23}
2026-04-28 17:02:47,692 - balethon.network.connection - INFO - [getUpdates] JSON{'offset': 23}
2026-04-28 17:02:47,707 - balethon.network.connection - INFO - [getUpdates] JSON{'offset': 23}
2026-04-28 17:02:47,719 - balethon.network.connection - INFO - [getUpdates] JSON{'offset': 23}
2026-04-28 17:02:47,735 - balethon.network.connection - INFO - [getUpdates] JSON{'offset': 23}
2026-04-28 17:02:47,747 - balethon.network.connection - INFO - [getUpdates] JSON{'offset': 23}
2026-04-28 17:02:47,759 - balethon.network.connection - INFO - [getUpdates] JSON{'offset': 23}
2026-04-28 17:02:47,770 - balethon.network.connection - INFO - [getUpdates] JSON{'offset': 23}
2026-04-28 17:02:47,785 - balethon.network.connection - INFO - [getUpdates] JSON{'offset': 23}
2026-04-28 17:02:47,794 - balethon.network.connection - INFO - [getUpdates] JSON{'offset': 23}
2026-04-28 17:02:47,805 - balethon.network.connection - INFO - [getUpdates] JSON{'offset': 23}
2026-04-28 17:02:47,816 - balethon.network.connection - INFO - [getUpdates] JSON{'offset': 23}
2026-04-28 17:02:47,827 - balethon.network.connection - INFO - [getUpdates] JSON{'offset': 23}
2026-04-28 17:02:47,836 - balethon.network.connection - INFO - [getUpdates] JSON{'offset': 23}
2026-04-28 17:02:47,853 - balethon.network.connection - INFO - [getUpdates] JSON{'offset': 23}
2026-04-28 17:02:47,865 - balethon.network.connection - INFO - [getUpdates] JSON{'offset': 23}
2026-04-28 17:02:47,875 - balethon.network.connection - INFO - [getUpdates] JSON{'offset': 23}
2026-04-28 17:02:47,885 - balethon.network.connection - INFO - [getUpdates] JSON{'offset': 23}
2026-04-28 17:02:47,897 - balethon.network.connection - INFO - [getUpdates] JSON{'offset': 23}
2026-04-28 17:02:47,908 - balethon.network.connection - INFO - [getUpdates] JSON{'offset': 23}
2026-04-28 17:02:47,918 - balethon.network.connection - INFO - [getUpdates] JSON{'offset': 23}
2026-04-28 17:02:47,927 - balethon.network.connection - INFO - [getUpdates] JSON{'offset': 23}
2026-04-28 17:02:47,937 - balethon.network.connection - INFO - [getUpdates] JSON{'offset': 23}
2026-04-28 17:02:47,948 - balethon.network.connection - INFO - [getUpdates] JSON{'offset': 23}
2026-04-28 17:02:47,957 - balethon.network.connection - INFO - [getUpdates] JSON{'offset': 23}
2026-04-28 17:02:47,967 - balethon.network.connection - INFO - [getUpdates] JSON{'offset': 23}
2026-04-28 17:02:47,980 - balethon.network.connection - INFO - [getUpdates] JSON{'offset': 23}
2026-04-28 17:02:47,990 - balethon.network.connection - INFO - [getUpdates] JSON{'offset': 23}
2026-04-28 17:02:48,002 - balethon.network.connection - INFO - [getUpdates] JSON{'offset': 23}
2026-04-28 17:02:48,011 - balethon.network.connection - INFO - [getUpdates] JSON{'offset': 23}
2026-04-28 17:02:48,020 - balethon.network.connection - INFO - [getUpdates] JSON{'offset': 23}
2026-04-28 17:02:48,033 - balethon.network.connection - INFO - [getUpdates] JSON{'offset': 23}
2026-04-28 17:02:48,043 - balethon.network.connection - INFO - [getUpdates] JSON{'offset': 23}
2026-04-28 17:02:48,053 - balethon.network.connection - INFO - [getUpdates] JSON{'offset': 23}
2026-04-28 17:02:48,066 - balethon.network.connection - INFO - [getUpdates] JSON{'offset': 23}
2026-04-28 17:02:48,090 - balethon.network.connection - INFO - [getUpdates] JSON{'offset': 23}
2026-04-28 17:02:48,105 - balethon.network.connection - INFO - [getUpdates] JSON{'offset': 23}
2026-04-28 17:02:48,116 - balethon.network.connection - INFO - [getUpdates] JSON{'offset': 23}
2026-04-28 17:02:48,161 - balethon.network.connection - INFO - [getUpdates] JSON{'offset': 23}
2026-04-28 17:02:48,203 - balethon.network.connection - INFO - [getUpdates] JSON{'offset': 23}
2026-04-28 17:02:48,239 - balethon.network.connection - INFO - [getUpdates] JSON{'offset': 23}
2026-04-28 17:02:48,248 - balethon.network.connection - INFO - [getUpdates] JSON{'offset': 23}
2026-04-28 17:02:48,256 - balethon.network.connection - INFO - [getUpdates] JSON{'offset': 23}
2026-04-28 17:02:48,266 - balethon.network.connection - INFO - [getUpdates] JSON{'offset': 23}
2026-04-28 17:02:48,277 - balethon.network.connection - INFO - [getUpdates] JSON{'offset': 23}
2026-04-28 17:02:48,286 - balethon.network.connection - INFO - [getUpdates] JSON{'offset': 23}
2026-04-28 17:02:48,295 - balethon.network.connection - INFO - [getUpdates] JSON{'offset': 23}
2026-04-28 17:02:48,305 - balethon.network.connection - INFO - [getUpdates] JSON{'offset': 23}
2026-04-28 17:02:48,317 - balethon.network.connection - INFO - [getUpdates] JSON{'offset': 23}
2026-04-28 17:02:48,326 - balethon.network.connection - INFO - [getUpdates] JSON{'offset': 23}
2026-04-28 17:02:48,336 - balethon.network.connection - INFO - [getUpdates] JSON{'offset': 23}
2026-04-28 17:02:48,386 - balethon.network.connection - INFO - [getUpdates] JSON{'offset': 23}
2026-04-28 17:02:48,413 - balethon.network.connection - INFO - [getUpdates] JSON{'offset': 23}
2026-04-28 17:02:48,429 - balethon.network.connection - INFO - [getUpdates] JSON{'offset': 23}
2026-04-28 17:02:48,457 - balethon.network.connection - INFO - [getUpdates] JSON{'offset': 23}
2026-04-28 17:02:48,490 - balethon.network.connection - INFO - [getUpdates] JSON{'offset': 23}
2026-04-28 17:02:48,507 - balethon.network.connection - INFO - [getUpdates] JSON{'offset': 23}
2026-04-28 17:02:48,528 - balethon.network.connection - INFO - [getUpdates] JSON{'offset': 23}
2026-04-28 17:02:48,547 - balethon.network.connection - INFO - [getUpdates] JSON{'offset': 23}
2026-04-28 17:02:48,565 - balethon.network.connection - INFO - [getUpdates] JSON{'offset': 23}
2026-04-28 17:02:48,577 - balethon.network.connection - INFO - [getUpdates] JSON{'offset': 23}
2026-04-28 17:02:48,595 - balethon.network.connection - INFO - [getUpdates] JSON{'offset': 23}
2026-04-28 17:02:48,611 - balethon.network.connection - INFO - [getUpdates] JSON{'offset': 23}
2026-04-28 17:02:48,630 - balethon.network.connection - INFO - [getUpdates] JSON{'offset': 23}
2026-04-28 17:02:48,643 - balethon.network.connection - INFO - [getUpdates] JSON{'offset': 23}
2026-04-28 17:02:48,656 - balethon.network.connection - INFO - [getUpdates] JSON{'offset': 23}
2026-04-28 17:02:48,666 - balethon.network.connection - INFO - [getUpdates] JSON{'offset': 23}
2026-04-28 17:02:48,680 - balethon.network.connection - INFO - [getUpdates] JSON{'offset': 23}
2026-04-28 17:02:48,692 - balethon.network.connection - INFO - [getUpdates] JSON{'offset': 23}
2026-04-28 17:02:48,706 - balethon.network.connection - INFO - [getUpdates] JSON{'offset': 23}
2026-04-28 17:02:48,720 - balethon.network.connection - INFO - [getUpdates] JSON{'offset': 23}
2026-04-28 17:02:48,733 - balethon.network.connection - INFO - [getUpdates] JSON{'offset': 23}
2026-04-28 17:02:48,744 - balethon.network.connection - INFO - [getUpdates] JSON{'offset': 23}
2026-04-28 17:02:48,755 - balethon.network.connection - INFO - [getUpdates] JSON{'offset': 23}
2026-04-28 17:02:48,764 - balethon.network.connection - INFO - [getUpdates] JSON{'offset': 23}
2026-04-28 17:02:48,775 - balethon.network.connection - INFO - [getUpdates] JSON{'offset': 23}
2026-04-28 17:02:48,788 - balethon.network.connection - INFO - [getUpdates] JSON{'offset': 23}
2026-04-28 17:02:48,802 - balethon.network.connection - INFO - [getUpdates] JSON{'offset': 23}
2026-04-28 17:02:48,811 - balethon.network.connection - INFO - [getUpdates] JSON{'offset': 23}
2026-04-28 17:02:48,822 - balethon.network.connection - INFO - [getUpdates] JSON{'offset': 23}
2026-04-28 17:02:48,831 - balethon.network.connection - INFO - [getUpdates] JSON{'offset': 23}
2026-04-28 17:02:48,841 - balethon.network.connection - INFO - [getUpdates] JSON{'offset': 23}
2026-04-28 17:02:48,849 - balethon.network.connection - INFO - [getUpdates] JSON{'offset': 23}
2026-04-28 17:02:48,876 - balethon.network.connection - INFO - [getUpdates] JSON{'offset': 23}
2026-04-28 17:02:48,889 - balethon.network.connection - INFO - [getUpdates] JSON{'offset': 23}
2026-04-28 17:02:48,898 - balethon.network.connection - INFO - [getUpdates] JSON{'offset': 23}
2026-04-28 17:02:48,908 - balethon.network.connection - INFO - [getUpdates] JSON{'offset': 23}
2026-04-28 17:02:48,915 - balethon.network.connection - INFO - [getUpdates] JSON{'offset': 23}
2026-04-28 17:02:48,925 - balethon.network.connection - INFO - [getUpdates] JSON{'offset': 23}
2026-04-28 17:02:48,935 - balethon.network.connection - INFO - [getUpdates] JSON{'offset': 23}
2026-04-28 17:02:48,943 - balethon.network.connection - INFO - [getUpdates] JSON{'offset': 23}
2026-04-28 17:02:48,952 - balethon.network.connection - INFO - [getUpdates] JSON{'offset': 23}
2026-04-28 17:02:48,960 - balethon.network.connection - INFO - [getUpdates] JSON{'offset': 23}
2026-04-28 17:02:48,971 - balethon.network.connection - INFO - [getUpdates] JSON{'offset': 23}
2026-04-28 17:02:48,979 - balethon.network.connection - INFO - [getUpdates] JSON{'offset': 23}
2026-04-28 17:02:48,990 - balethon.network.connection - INFO - [getUpdates] JSON{'offset': 23}
2026-04-28 17:02:48,998 - balethon.network.connection - INFO - [getUpdates] JSON{'offset': 23}
2026-04-28 17:02:49,006 - balethon.network.connection - INFO - [getUpdates] JSON{'offset': 23}
2026-04-28 17:02:49,017 - balethon.network.connection - INFO - [getUpdates] JSON{'offset': 23}
2026-04-28 17:02:49,026 - balethon.network.connection - INFO - [getUpdates] JSON{'offset': 23}
2026-04-28 17:02:49,036 - balethon.network.connection - INFO - [getUpdates] JSON{'offset': 23}
2026-04-28 17:02:49,046 - balethon.network.connection - INFO - [getUpdates] JSON{'offset': 23}
2026-04-28 17:02:49,054 - balethon.network.connection - INFO - [getUpdates] JSON{'offset': 23}
2026-04-28 17:02:49,065 - balethon.network.connection - INFO - [getUpdates] JSON{'offset': 23}
2026-04-28 17:02:49,074 - balethon.network.connection - INFO - [getUpdates] JSON{'offset': 23}
2026-04-28 17:02:49,084 - balethon.network.connection - INFO - [getUpdates] JSON{'offset': 23}
2026-04-28 17:02:49,094 - balethon.network.connection - INFO - [getUpdates] JSON{'offset': 23}
2026-04-28 17:02:49,102 - balethon.network.connection - INFO - [getUpdates] JSON{'offset': 23}
2026-04-28 17:02:49,113 - balethon.network.connection - INFO - [getUpdates] JSON{'offset': 23}
2026-04-28 17:02:49,122 - balethon.network.connection - INFO - [getUpdates] JSON{'offset': 23}
2026-04-28 17:02:49,131 - balethon.network.connection - INFO - [getUpdates] JSON{'offset': 23}
2026-04-28 17:02:49,141 - balethon.network.connection - INFO - [getUpdates] JSON{'offset': 23}
2026-04-28 17:02:49,151 - balethon.network.connection - INFO - [getUpdates] JSON{'offset': 23}
2026-04-28 17:02:49,160 - balethon.network.connection - INFO - [getUpdates] JSON{'offset': 23}
2026-04-28 17:02:49,172 - balethon.network.connection - INFO - [getUpdates] JSON{'offset': 23}
2026-04-28 17:02:49,180 - balethon.network.connection - INFO - [getUpdates] JSON{'offset': 23}
2026-04-28 17:02:49,191 - balethon.network.connection - INFO - [getUpdates] JSON{'offset': 23}
2026-04-28 17:02:49,201 - balethon.network.connection - INFO - [getUpdates] JSON{'offset': 23}
2026-04-28 17:02:49,218 - balethon.network.connection - INFO - [getUpdates] JSON{'offset': 23}
2026-04-28 17:02:49,228 - balethon.network.connection - INFO - [getUpdates] JSON{'offset': 23}
2026-04-28 17:02:49,238 - balethon.network.connection - INFO - [getUpdates] JSON{'offset': 23}
2026-04-28 17:02:49,254 - balethon.network.connection - INFO - [getUpdates] JSON{'offset': 23}
2026-04-28 17:02:49,264 - balethon.network.connection - INFO - [getUpdates] JSON{'offset': 23}
2026-04-28 17:02:49,274 - balethon.network.connection - INFO - [getUpdates] JSON{'offset': 23}
2026-04-28 17:02:49,282 - balethon.network.connection - INFO - [getUpdates] JSON{'offset': 23}
2026-04-28 17:02:49,293 - balethon.network.connection - INFO - [getUpdates] JSON{'offset': 23}
2026-04-28 17:02:49,301 - balethon.network.connection - INFO - [getUpdates] JSON{'offset': 23}
2026-04-28 17:02:49,310 - balethon.network.connection - INFO - [getUpdates] JSON{'offset': 23}
2026-04-28 17:02:49,319 - balethon.network.connection - INFO - [getUpdates] JSON{'offset': 23}
2026-04-28 17:02:49,330 - balethon.network.connection - INFO - [getUpdates] JSON{'offset': 23}
2026-04-28 17:02:49,339 - balethon.network.connection - INFO - [getUpdates] JSON{'offset': 23}
2026-04-28 17:02:49,348 - balethon.network.connection - INFO - [getUpdates] JSON{'offset': 23}
2026-04-28 17:02:49,360 - balethon.network.connection - INFO - [getUpdates] JSON{'offset': 23}
2026-04-28 17:02:49,371 - balethon.network.connection - INFO - [getUpdates] JSON{'offset': 23}
2026-04-28 17:02:49,381 - balethon.network.connection - INFO - [getUpdates] JSON{'offset': 23}
2026-04-28 17:02:49,392 - balethon.network.connection - INFO - [getUpdates] JSON{'offset': 23}
2026-04-28 17:02:49,403 - balethon.network.connection - INFO - [getUpdates] JSON{'offset': 23}
2026-04-28 17:02:49,414 - balethon.network.connection - INFO - [getUpdates] JSON{'offset': 23}
2026-04-28 17:02:49,424 - balethon.network.connection - INFO - [getUpdates] JSON{'offset': 23}
2026-04-28 17:02:49,435 - balethon.network.connection - INFO - [getUpdates] JSON{'offset': 23}
2026-04-28 17:02:49,443 - balethon.network.connection - INFO - [getUpdates] JSON{'offset': 23}
2026-04-28 17:02:49,454 - balethon.network.connection - INFO - [getUpdates] JSON{'offset': 23}
2026-04-28 17:02:49,462 - balethon.network.connection - INFO - [getUpdates] JSON{'offset': 23}
2026-04-28 17:02:49,472 - balethon.network.connection - INFO - [getUpdates] JSON{'offset': 23}
2026-04-28 17:02:49,483 - balethon.network.connection - INFO - [getUpdates] JSON{'offset': 23}
2026-04-28 17:02:49,492 - balethon.network.connection - INFO - [getUpdates] JSON{'offset': 23}
2026-04-28 17:02:49,501 - balethon.network.connection - INFO - [getUpdates] JSON{'offset': 23}
2026-04-28 17:02:49,510 - balethon.network.connection - INFO - [getUpdates] JSON{'offset': 23}
2026-04-28 17:02:49,520 - balethon.network.connection - INFO - [getUpdates] JSON{'offset': 23}
2026-04-28 17:02:49,532 - balethon.network.connection - INFO - [getUpdates] JSON{'offset': 23}
2026-04-28 17:02:49,540 - balethon.network.connection - INFO - [getUpdates] JSON{'offset': 23}
2026-04-28 17:02:49,549 - balethon.network.connection - INFO - [getUpdates] JSON{'offset': 23}
2026-04-28 17:02:49,558 - balethon.network.connection - INFO - [getUpdates] JSON{'offset': 23}
2026-04-28 17:02:49,568 - balethon.network.connection - INFO - [getUpdates] JSON{'offset': 23}
2026-04-28 17:02:49,582 - balethon.network.connection - INFO - [getUpdates] JSON{'offset': 23}
2026-04-28 17:02:49,594 - balethon.network.connection - INFO - [getUpdates] JSON{'offset': 23}
2026-04-28 17:02:49,602 - balethon.network.connection - INFO - [getUpdates] JSON{'offset': 23}
2026-04-28 17:02:49,613 - balethon.network.connection - INFO - [getUpdates] JSON{'offset': 23}
2026-04-28 17:02:49,632 - balethon.network.connection - INFO - [getUpdates] JSON{'offset': 23}
2026-04-28 17:02:49,660 - balethon.network.connection - INFO - [getUpdates] JSON{'offset': 23}
2026-04-28 17:02:49,670 - balethon.network.connection - INFO - [getUpdates] JSON{'offset': 23}
2026-04-28 17:02:49,678 - balethon.network.connection - INFO - [getUpdates] JSON{'offset': 23}
2026-04-28 17:02:49,688 - balethon.network.connection - INFO - [getUpdates] JSON{'offset': 23}
2026-04-28 17:02:49,697 - balethon.network.connection - INFO - [getUpdates] JSON{'offset': 23}
2026-04-28 17:02:49,711 - balethon.network.connection - INFO - [getUpdates] JSON{'offset': 23}
2026-04-28 17:02:49,721 - balethon.network.connection - INFO - [getUpdates] JSON{'offset': 23}
2026-04-28 17:02:49,730 - balethon.network.connection - INFO - [getUpdates] JSON{'offset': 23}
2026-04-28 17:02:49,740 - balethon.network.connection - INFO - [getUpdates] JSON{'offset': 23}
2026-04-28 17:02:49,749 - balethon.network.connection - INFO - [getUpdates] JSON{'offset': 23}
2026-04-28 17:02:49,760 - balethon.network.connection - INFO - [getUpdates] JSON{'offset': 23}
2026-04-28 17:02:49,771 - balethon.network.connection - INFO - [getUpdates] JSON{'offset': 23}
2026-04-28 17:02:49,784 - balethon.network.connection - INFO - [getUpdates] JSON{'offset': 23}
2026-04-28 17:02:49,795 - balethon.network.connection - INFO - [getUpdates] JSON{'offset': 23}
2026-04-28 17:02:49,803 - balethon.network.connection - INFO - [getUpdates] JSON{'offset': 23}
2026-04-28 17:02:49,815 - balethon.network.connection - INFO - [getUpdates] JSON{'offset': 23}
2026-04-28 17:02:49,825 - balethon.network.connection - INFO - [getUpdates] JSON{'offset': 23}
2026-04-28 17:02:49,838 - balethon.network.connection - INFO - [getUpdates] JSON{'offset': 23}
2026-04-28 17:02:49,848 - balethon.network.connection - INFO - [getUpdates] JSON{'offset': 23}
2026-04-28 17:02:49,859 - balethon.network.connection - INFO - [getUpdates] JSON{'offset': 23}
2026-04-28 17:02:49,871 - balethon.network.connection - INFO - [getUpdates] JSON{'offset': 23}
2026-04-28 17:02:49,880 - balethon.network.connection - INFO - [getUpdates] JSON{'offset': 23}
2026-04-28 17:02:49,893 - balethon.network.connection - INFO - [getUpdates] JSON{'offset': 23}
2026-04-28 17:02:49,905 - balethon.network.connection - INFO - [getUpdates] JSON{'offset': 23}
2026-04-28 17:02:49,913 - balethon.network.connection - INFO - [getUpdates] JSON{'offset': 23}
2026-04-28 17:02:49,925 - balethon.network.connection - INFO - [getUpdates] JSON{'offset': 23}
2026-04-28 17:02:49,935 - balethon.network.connection - INFO - [getUpdates] JSON{'offset': 23}
2026-04-28 17:02:49,946 - balethon.network.connection - INFO - [getUpdates] JSON{'offset': 23}
2026-04-28 17:02:49,955 - balethon.network.connection - INFO - [getUpdates] JSON{'offset': 23}
2026-04-28 17:02:49,969 - balethon.network.connection - INFO - [getUpdates] JSON{'offset': 23}
2026-04-28 17:02:49,980 - balethon.network.connection - INFO - [getUpdates] JSON{'offset': 23}
2026-04-28 17:02:49,991 - balethon.network.connection - INFO - [getUpdates] JSON{'offset': 23}
2026-04-28 17:02:50,000 - balethon.network.connection - INFO - [getUpdates] JSON{'offset': 23}
2026-04-28 17:02:50,013 - balethon.network.connection - INFO - [getUpdates] JSON{'offset': 23}
2026-04-28 17:02:50,023 - balethon.network.connection - INFO - [getUpdates] JSON{'offset': 23}
2026-04-28 17:02:50,034 - balethon.network.connection - INFO - [getUpdates] JSON{'offset': 23}
2026-04-28 17:02:50,042 - balethon.network.connection - INFO - [getUpdates] JSON{'offset': 23}
2026-04-28 17:02:50,052 - balethon.network.connection - INFO - [getUpdates] JSON{'offset': 23}
2026-04-28 17:02:50,062 - balethon.network.connection - INFO - [getUpdates] JSON{'offset': 23}
2026-04-28 17:02:50,073 - balethon.network.connection - INFO - [getUpdates] JSON{'offset': 23}
2026-04-28 17:02:50,081 - balethon.network.connection - INFO - [getUpdates] JSON{'offset': 23}
2026-04-28 17:02:50,096 - balethon.network.connection - INFO - [getUpdates] JSON{'offset': 23}
2026-04-28 17:02:50,104 - balethon.network.connection - INFO - [getUpdates] JSON{'offset': 23}
2026-04-28 17:02:50,115 - balethon.network.connection - INFO - [getUpdates] JSON{'offset': 23}
2026-04-28 17:02:50,123 - balethon.network.connection - INFO - [getUpdates] JSON{'offset': 23}
2026-04-28 17:02:50,134 - balethon.network.connection - INFO - [getUpdates] JSON{'offset': 23}
2026-04-28 17:02:50,143 - balethon.network.connection - INFO - [getUpdates] JSON{'offset': 23}
2026-04-28 17:02:50,155 - balethon.network.connection - INFO - [getUpdates] JSON{'offset': 23}
2026-04-28 17:02:50,170 - balethon.network.connection - INFO - [getUpdates] JSON{'offset': 23}
2026-04-28 17:02:50,185 - balethon.network.connection - INFO - [getUpdates] JSON{'offset': 23}
2026-04-28 17:02:50,198 - balethon.network.connection - INFO - [getUpdates] JSON{'offset': 23}
2026-04-28 17:02:50,207 - balethon.network.connection - INFO - [getUpdates] JSON{'offset': 23}
2026-04-28 17:02:50,217 - balethon.network.connection - INFO - [getUpdates] JSON{'offset': 23}
2026-04-28 17:02:50,227 - balethon.network.connection - INFO - [getUpdates] JSON{'offset': 23}
2026-04-28 17:02:50,235 - balethon.network.connection - INFO - [getUpdates] JSON{'offset': 23}
2026-04-28 17:02:50,245 - balethon.network.connection - INFO - [getUpdates] JSON{'offset': 23}
2026-04-28 17:02:50,254 - balethon.network.connection - INFO - [getUpdates] JSON{'offset': 23}
2026-04-28 17:02:50,264 - balethon.network.connection - INFO - [getUpdates] JSON{'offset': 23}
2026-04-28 17:02:50,273 - balethon.network.connection - INFO - [getUpdates] JSON{'offset': 23}
2026-04-28 17:02:50,282 - balethon.network.connection - INFO - [getUpdates] JSON{'offset': 23}
2026-04-28 17:02:50,291 - balethon.network.connection - INFO - [getUpdates] JSON{'offset': 23}
2026-04-28 17:02:50,302 - balethon.network.connection - INFO - [getUpdates] JSON{'offset': 23}
2026-04-28 17:02:50,313 - balethon.network.connection - INFO - [getUpdates] JSON{'offset': 23}
2026-04-28 17:02:50,323 - balethon.network.connection - INFO - [getUpdates] JSON{'offset': 23}
2026-04-28 17:02:50,332 - balethon.network.connection - INFO - [getUpdates] JSON{'offset': 23}
2026-04-28 17:02:50,343 - balethon.network.connection - INFO - [getUpdates] JSON{'offset': 23}
2026-04-28 17:02:50,352 - balethon.network.connection - INFO - [getUpdates] JSON{'offset': 23}
2026-04-28 17:02:50,361 - balethon.network.connection - INFO - [getUpdates] JSON{'offset': 23}
2026-04-28 17:02:50,371 - balethon.network.connection - INFO - [getUpdates] JSON{'offset': 23}
2026-04-28 17:02:50,380 - balethon.network.connection - INFO - [getUpdates] JSON{'offset': 23}
2026-04-28 17:02:50,390 - balethon.network.connection - INFO - [getUpdates] JSON{'offset': 23}
2026-04-28 17:02:50,400 - balethon.network.connection - INFO - [getUpdates] JSON{'offset': 23}
2026-04-28 17:02:50,411 - balethon.network.connection - INFO - [getUpdates] JSON{'offset': 23}
2026-04-28 17:02:50,421 - balethon.network.connection - INFO - [getUpdates] JSON{'offset': 23}
2026-04-28 17:02:50,431 - balethon.network.connection - INFO - [getUpdates] JSON{'offset': 23}
2026-04-28 17:02:50,441 - balethon.network.connection - INFO - [getUpdates] JSON{'offset': 23}
2026-04-28 17:02:50,452 - balethon.network.connection - INFO - [getUpdates] JSON{'offset': 23}
2026-04-28 17:02:50,462 - balethon.network.connection - INFO - [getUpdates] JSON{'offset': 23}
2026-04-28 17:02:50,471 - balethon.network.connection - INFO - [getUpdates] JSON{'offset': 23}
2026-04-28 17:02:50,481 - balethon.network.connection - INFO - [getUpdates] JSON{'offset': 23}
2026-04-28 17:02:50,489 - balethon.network.connection - INFO - [getUpdates] JSON{'offset': 23}
2026-04-28 17:02:50,500 - balethon.network.connection - INFO - [getUpdates] JSON{'offset': 23}
2026-04-28 17:02:50,509 - balethon.network.connection - INFO - [getUpdates] JSON{'offset': 23}
2026-04-28 17:02:50,519 - balethon.network.connection - INFO - [getUpdates] JSON{'offset': 23}
2026-04-28 17:02:50,528 - balethon.network.connection - INFO - [getUpdates] JSON{'offset': 23}
2026-04-28 17:02:50,537 - balethon.network.connection - INFO - [getUpdates] JSON{'offset': 23}
2026-04-28 17:02:50,547 - balethon.network.connection - INFO - [getUpdates] JSON{'offset': 23}
2026-04-28 17:02:50,557 - balethon.network.connection - INFO - [getUpdates] JSON{'offset': 23}
2026-04-28 17:02:50,568 - balethon.network.connection - INFO - [getUpdates] JSON{'offset': 23}
2026-04-28 17:02:50,579 - balethon.network.connection - INFO - [getUpdates] JSON{'offset': 23}
2026-04-28 17:02:50,589 - balethon.network.connection - INFO - [getUpdates] JSON{'offset': 23}
2026-04-28 17:02:50,598 - balethon.network.connection - INFO - [getUpdates] JSON{'offset': 23}
2026-04-28 17:02:50,609 - balethon.network.connection - INFO - [getUpdates] JSON{'offset': 23}
2026-04-28 17:02:50,618 - balethon.network.connection - INFO - [getUpdates] JSON{'offset': 23}
2026-04-28 17:02:50,629 - balethon.network.connection - INFO - [getUpdates] JSON{'offset': 23}
2026-04-28 17:02:50,642 - balethon.network.connection - INFO - [getUpdates] JSON{'offset': 23}
2026-04-28 17:02:50,652 - balethon.network.connection - INFO - [getUpdates] JSON{'offset': 23}
2026-04-28 17:02:50,662 - balethon.network.connection - INFO - [getUpdates] JSON{'offset': 23}
2026-04-28 17:02:50,678 - balethon.network.connection - INFO - [getUpdates] JSON{'offset': 23}
2026-04-28 17:02:50,689 - balethon.network.connection - INFO - [getUpdates] JSON{'offset': 23}
2026-04-28 17:02:50,700 - balethon.network.connection - INFO - [getUpdates] JSON{'offset': 23}
2026-04-28 17:02:50,710 - balethon.network.connection - INFO - [getUpdates] JSON{'offset': 23}
2026-04-28 17:02:50,720 - balethon.network.connection - INFO - [getUpdates] JSON{'offset': 23}
2026-04-28 17:02:50,734 - balethon.network.connection - INFO - [getUpdates] JSON{'offset': 23}
2026-04-28 17:02:50,744 - balethon.network.connection - INFO - [getUpdates] JSON{'offset': 23}
2026-04-28 17:02:50,757 - balethon.network.connection - INFO - [getUpdates] JSON{'offset': 23}
2026-04-28 17:02:50,766 - balethon.network.connection - INFO - [getUpdates] JSON{'offset': 23}
2026-04-28 17:02:50,775 - balethon.network.connection - INFO - [getUpdates] JSON{'offset': 23}
2026-04-28 17:02:50,786 - balethon.network.connection - INFO - [getUpdates] JSON{'offset': 23}
2026-04-28 17:02:50,796 - balethon.network.connection - INFO - [getUpdates] JSON{'offset': 23}
2026-04-28 17:02:50,804 - balethon.network.connection - INFO - [getUpdates] JSON{'offset': 23}
2026-04-28 17:02:50,815 - balethon.network.connection - INFO - [getUpdates] JSON{'offset': 23}
2026-04-28 17:02:50,823 - balethon.network.connection - INFO - [getUpdates] JSON{'offset': 23}
2026-04-28 17:02:50,835 - balethon.network.connection - INFO - [getUpdates] JSON{'offset': 23}
2026-04-28 17:02:50,844 - balethon.network.connection - INFO - [getUpdates] JSON{'offset': 23}
2026-04-28 17:02:50,853 - balethon.network.connection - INFO - [getUpdates] JSON{'offset': 23}
2026-04-28 17:02:50,862 - balethon.network.connection - INFO - [getUpdates] JSON{'offset': 23}
2026-04-28 17:02:50,873 - balethon.network.connection - INFO - [getUpdates] JSON{'offset': 23}
2026-04-28 17:02:50,880 - balethon.network.connection - INFO - [getUpdates] JSON{'offset': 23}
2026-04-28 17:02:50,891 - balethon.network.connection - INFO - [getUpdates] JSON{'offset': 23}
2026-04-28 17:02:50,899 - balethon.network.connection - INFO - [getUpdates] JSON{'offset': 23}
2026-04-28 17:02:50,909 - balethon.network.connection - INFO - [getUpdates] JSON{'offset': 23}
2026-04-28 17:02:50,917 - balethon.network.connection - INFO - [getUpdates] JSON{'offset': 23}
2026-04-28 17:02:50,928 - balethon.network.connection - INFO - [getUpdates] JSON{'offset': 23}
2026-04-28 17:02:50,936 - balethon.network.connection - INFO - [getUpdates] JSON{'offset': 23}
2026-04-28 17:02:50,948 - balethon.network.connection - INFO - [getUpdates] JSON{'offset': 23}
2026-04-28 17:02:50,958 - balethon.network.connection - INFO - [getUpdates] JSON{'offset': 23}
2026-04-28 17:02:50,977 - balethon.network.connection - INFO - [getUpdates] JSON{'offset': 23}
2026-04-28 17:02:50,987 - balethon.network.connection - INFO - [getUpdates] JSON{'offset': 23}
2026-04-28 17:02:50,997 - balethon.network.connection - INFO - [getUpdates] JSON{'offset': 23}
2026-04-28 17:02:51,008 - balethon.network.connection - INFO - [getUpdates] JSON{'offset': 23}
2026-04-28 17:02:51,029 - balethon.network.connection - INFO - [getUpdates] JSON{'offset': 23}
2026-04-28 17:02:51,038 - balethon.network.connection - INFO - [getUpdates] JSON{'offset': 23}
2026-04-28 17:02:51,050 - balethon.network.connection - INFO - [getUpdates] JSON{'offset': 23}
2026-04-28 17:02:51,060 - balethon.network.connection - INFO - [getUpdates] JSON{'offset': 23}
2026-04-28 17:02:51,071 - balethon.network.connection - INFO - [getUpdates] JSON{'offset': 23}
2026-04-28 17:02:51,082 - balethon.network.connection - INFO - [getUpdates] JSON{'offset': 23}
2026-04-28 17:02:51,094 - balethon.network.connection - INFO - [getUpdates] JSON{'offset': 23}
2026-04-28 17:02:51,103 - balethon.network.connection - INFO - [getUpdates] JSON{'offset': 23}
2026-04-28 17:02:51,115 - balethon.network.connection - INFO - [getUpdates] JSON{'offset': 23}
2026-04-28 17:02:51,125 - balethon.network.connection - INFO - [getUpdates] JSON{'offset': 23}
2026-04-28 17:02:51,144 - balethon.network.connection - INFO - [getUpdates] JSON{'offset': 23}
2026-04-28 17:02:51,154 - balethon.network.connection - INFO - [getUpdates] JSON{'offset': 23}
2026-04-28 17:02:51,163 - balethon.network.connection - INFO - [getUpdates] JSON{'offset': 23}
2026-04-28 17:02:51,179 - balethon.network.connection - INFO - [getUpdates] JSON{'offset': 23}
2026-04-28 17:02:51,198 - balethon.network.connection - INFO - [getUpdates] JSON{'offset': 23}
2026-04-28 17:02:51,207 - balethon.network.connection - INFO - [getUpdates] JSON{'offset': 23}
2026-04-28 17:02:51,219 - balethon.network.connection - INFO - [getUpdates] JSON{'offset': 23}
2026-04-28 17:02:51,235 - balethon.network.connection - INFO - [getUpdates] JSON{'offset': 23}
2026-04-28 17:02:51,245 - balethon.network.connection - INFO - [getUpdates] JSON{'offset': 23}
2026-04-28 17:02:51,269 - balethon.network.connection - INFO - [getUpdates] JSON{'offset': 23}
2026-04-28 17:02:51,277 - balethon.network.connection - INFO - [getUpdates] JSON{'offset': 23}
2026-04-28 17:02:51,290 - balethon.network.connection - INFO - [getUpdates] JSON{'offset': 23}
2026-04-28 17:02:51,299 - balethon.network.connection - INFO - [getUpdates] JSON{'offset': 23}
2026-04-28 17:02:51,309 - balethon.network.connection - INFO - [getUpdates] JSON{'offset': 23}
2026-04-28 17:02:51,319 - balethon.network.connection - INFO - [getUpdates] JSON{'offset': 23}
2026-04-28 17:02:51,337 - balethon.network.connection - INFO - [getUpdates] JSON{'offset': 23}
2026-04-28 17:02:51,346 - balethon.network.connection - INFO - [getUpdates] JSON{'offset': 23}
2026-04-28 17:02:51,357 - balethon.network.connection - INFO - [getUpdates] JSON{'offset': 23}
2026-04-28 17:02:51,367 - balethon.network.connection - INFO - [getUpdates] JSON{'offset': 23}
2026-04-28 17:02:51,378 - balethon.network.connection - INFO - [getUpdates] JSON{'offset': 23}
2026-04-28 17:02:51,388 - balethon.network.connection - INFO - [getUpdates] JSON{'offset': 23}
2026-04-28 17:02:51,402 - balethon.network.connection - INFO - [getUpdates] JSON{'offset': 23}
2026-04-28 17:02:51,411 - balethon.network.connection - INFO - [getUpdates] JSON{'offset': 23}
2026-04-28 17:02:51,422 - balethon.network.connection - INFO - [getUpdates] JSON{'offset': 23}
2026-04-28 17:02:51,431 - balethon.network.connection - INFO - [getUpdates] JSON{'offset': 23}
2026-04-28 17:02:51,512 - balethon.network.connection - INFO - [getUpdates] JSON{'offset': 23}
2026-04-28 17:02:51,545 - balethon.network.connection - INFO - [getUpdates] JSON{'offset': 23}
2026-04-28 17:02:51,562 - balethon.network.connection - INFO - [getUpdates] JSON{'offset': 23}
2026-04-28 17:02:51,576 - balethon.network.connection - INFO - [getUpdates] JSON{'offset': 23}
2026-04-28 17:02:51,588 - balethon.network.connection - INFO - [getUpdates] JSON{'offset': 23}
2026-04-28 17:02:51,600 - balethon.network.connection - INFO - [getUpdates] JSON{'offset': 23}
2026-04-28 17:02:51,613 - balethon.network.connection - INFO - [getUpdates] JSON{'offset': 23}
2026-04-28 17:02:51,626 - balethon.network.connection - INFO - [getUpdates] JSON{'offset': 23}
2026-04-28 17:02:51,639 - balethon.network.connection - INFO - [getUpdates] JSON{'offset': 23}
2026-04-28 17:02:51,652 - balethon.network.connection - INFO - [getUpdates] JSON{'offset': 23}
2026-04-28 17:02:51,664 - balethon.network.connection - INFO - [getUpdates] JSON{'offset': 23}
2026-04-28 17:02:51,680 - balethon.network.connection - INFO - [getUpdates] JSON{'offset': 23}
2026-04-28 17:02:51,696 - balethon.network.connection - INFO - [getUpdates] JSON{'offset': 23}
2026-04-28 17:02:51,710 - balethon.network.connection - INFO - [getUpdates] JSON{'offset': 23}
2026-04-28 17:02:51,753 - balethon.network.connection - INFO - [getUpdates] JSON{'offset': 23}
2026-04-28 17:02:51,812 - balethon.network.connection - INFO - [getUpdates] JSON{'offset': 23}
2026-04-28 17:02:51,837 - balethon.network.connection - INFO - [getUpdates] JSON{'offset': 23}
2026-04-28 17:02:51,859 - balethon.network.connection - INFO - [getUpdates] JSON{'offset': 23}
2026-04-28 17:02:51,874 - balethon.network.connection - INFO - [getUpdates] JSON{'offset': 23}
2026-04-28 17:02:51,885 - balethon.network.connection - INFO - [getUpdates] JSON{'offset': 23}
2026-04-28 17:02:51,899 - balethon.network.connection - INFO - [getUpdates] JSON{'offset': 23}
2026-04-28 17:02:51,910 - balethon.network.connection - INFO - [getUpdates] JSON{'offset': 23}
2026-04-28 17:02:51,922 - balethon.network.connection - INFO - [getUpdates] JSON{'offset': 23}
2026-04-28 17:02:51,935 - balethon.network.connection - INFO - [getUpdates] JSON{'offset': 23}
2026-04-28 17:02:51,946 - balethon.network.connection - INFO - [getUpdates] JSON{'offset': 23}
2026-04-28 17:02:51,957 - balethon.network.connection - INFO - [getUpdates] JSON{'offset': 23}
2026-04-28 17:02:51,970 - balethon.network.connection - INFO - [getUpdates] JSON{'offset': 23}
2026-04-28 17:02:51,984 - balethon.network.connection - INFO - [getUpdates] JSON{'offset': 23}
2026-04-28 17:02:52,016 - balethon.network.connection - INFO - [getUpdates] JSON{'offset': 23}
2026-04-28 17:02:52,031 - balethon.network.connection - INFO - [getUpdates] JSON{'offset': 23}
2026-04-28 17:02:52,042 - balethon.network.connection - INFO - [getUpdates] JSON{'offset': 23}
2026-04-28 17:02:52,053 - balethon.network.connection - INFO - [getUpdates] JSON{'offset': 23}
2026-04-28 17:02:52,064 - balethon.network.connection - INFO - [getUpdates] JSON{'offset': 23}
2026-04-28 17:02:52,076 - balethon.network.connection - INFO - [getUpdates] JSON{'offset': 23}
2026-04-28 17:02:52,087 - balethon.network.connection - INFO - [getUpdates] JSON{'offset': 23}
2026-04-28 17:02:52,099 - balethon.network.connection - INFO - [getUpdates] JSON{'offset': 23}
2026-04-28 17:02:52,109 - balethon.network.connection - INFO - [getUpdates] JSON{'offset': 23}
2026-04-28 17:02:52,121 - balethon.network.connection - INFO - [getUpdates] JSON{'offset': 23}
2026-04-28 17:02:52,130 - balethon.network.connection - INFO - [getUpdates] JSON{'offset': 23}
2026-04-28 17:02:52,140 - balethon.network.connection - INFO - [getUpdates] JSON{'offset': 23}
2026-04-28 17:02:52,150 - balethon.network.connection - INFO - [getUpdates] JSON{'offset': 23}
2026-04-28 17:02:52,158 - balethon.network.connection - INFO - [getUpdates] JSON{'offset': 23}
2026-04-28 17:02:52,168 - balethon.network.connection - INFO - [getUpdates] JSON{'offset': 23}
2026-04-28 17:02:52,177 - balethon.network.connection - INFO - [getUpdates] JSON{'offset': 23}
2026-04-28 17:02:52,186 - balethon.network.connection - INFO - [getUpdates] JSON{'offset': 23}
2026-04-28 17:02:52,197 - balethon.network.connection - INFO - [getUpdates] JSON{'offset': 23}
2026-04-28 17:02:52,205 - balethon.network.connection - INFO - [getUpdates] JSON{'offset': 23}
2026-04-28 17:02:52,221 - balethon.network.connection - INFO - [getUpdates] JSON{'offset': 23}
2026-04-28 17:02:52,231 - balethon.network.connection - INFO - [getUpdates] JSON{'offset': 23}
2026-04-28 17:02:52,240 - balethon.network.connection - INFO - [getUpdates] JSON{'offset': 23}
2026-04-28 17:02:52,249 - balethon.network.connection - INFO - [getUpdates] JSON{'offset': 23}
2026-04-28 17:02:52,260 - balethon.network.connection - INFO - [getUpdates] JSON{'offset': 23}
2026-04-28 17:02:52,272 - balethon.network.connection - INFO - [getUpdates] JSON{'offset': 23}
2026-04-28 17:02:52,281 - balethon.network.connection - INFO - [getUpdates] JSON{'offset': 23}
2026-04-28 17:02:52,293 - balethon.network.connection - INFO - [getUpdates] JSON{'offset': 23}
2026-04-28 17:02:52,296 - balethon.network.connection - INFO - [getUpdates] JSON{'offset': 23}
2026-04-28 17:02:52,303 - balethon.network.connection - INFO - [getUpdates] JSON{'offset': 23}
2026-04-28 17:02:52,314 - balethon.network.connection - INFO - [getUpdates] JSON{'offset': 23}
2026-04-28 17:02:52,325 - balethon.network.connection - INFO - [getUpdates] JSON{'offset': 23}
2026-04-28 17:02:52,338 - balethon.network.connection - INFO - [getUpdates] JSON{'offset': 23}
2026-04-28 17:02:52,350 - balethon.network.connection - INFO - [getUpdates] JSON{'offset': 23}
2026-04-28 17:02:52,359 - balethon.network.connection - INFO - [getUpdates] JSON{'offset': 23}
2026-04-28 17:02:52,371 - balethon.network.connection - INFO - [getUpdates] JSON{'offset': 23}
2026-04-28 17:02:52,380 - balethon.network.connection - INFO - [getUpdates] JSON{'offset': 23}
2026-04-28 17:02:52,391 - balethon.network.connection - INFO - [getUpdates] JSON{'offset': 23}
2026-04-28 17:02:52,401 - balethon.network.connection - INFO - [getUpdates] JSON{'offset': 23}
2026-04-28 17:02:52,411 - balethon.network.connection - INFO - [getUpdates] JSON{'offset': 23}
2026-04-28 17:02:52,419 - balethon.network.connection - INFO - [getUpdates] JSON{'offset': 23}
2026-04-28 17:02:52,429 - balethon.network.connection - INFO - [getUpdates] JSON{'offset': 23}
2026-04-28 17:02:52,438 - balethon.network.connection - INFO - [getUpdates] JSON{'offset': 23}
2026-04-28 17:02:52,448 - balethon.network.connection - INFO - [getUpdates] JSON{'offset': 23}
2026-04-28 17:02:52,457 - balethon.network.connection - INFO - [getUpdates] JSON{'offset': 23}
2026-04-28 17:02:52,467 - balethon.network.connection - INFO - [getUpdates] JSON{'offset': 23}
2026-04-28 17:02:52,477 - balethon.network.connection - INFO - [getUpdates] JSON{'offset': 23}
2026-04-28 17:02:52,489 - balethon.network.connection - INFO - [getUpdates] JSON{'offset': 23}
2026-04-28 17:02:52,498 - balethon.network.connection - INFO - [getUpdates] JSON{'offset': 23}
2026-04-28 17:02:52,509 - balethon.network.connection - INFO - [getUpdates] JSON{'offset': 23}
2026-04-28 17:02:52,519 - balethon.network.connection - INFO - [getUpdates] JSON{'offset': 23}
2026-04-28 17:02:52,529 - balethon.network.connection - INFO - [getUpdates] JSON{'offset': 23}
2026-04-28 17:02:52,539 - balethon.network.connection - INFO - [getUpdates] JSON{'offset': 23}
2026-04-28 17:02:52,547 - balethon.network.connection - INFO - [getUpdates] JSON{'offset': 23}
2026-04-28 17:02:52,557 - balethon.network.connection - INFO - [getUpdates] JSON{'offset': 23}
2026-04-28 17:02:52,573 - balethon.network.connection - INFO - [getUpdates] JSON{'offset': 23}
2026-04-28 17:02:52,592 - balethon.network.connection - INFO - [getUpdates] JSON{'offset': 23}
2026-04-28 17:02:52,600 - balethon.network.connection - INFO - [getUpdates] JSON{'offset': 23}
2026-04-28 17:02:52,610 - balethon.network.connection - INFO - [getUpdates] JSON{'offset': 23}
2026-04-28 17:02:52,619 - balethon.network.connection - INFO - [getUpdates] JSON{'offset': 23}
2026-04-28 17:02:52,628 - balethon.network.connection - INFO - [getUpdates] JSON{'offset': 23}
2026-04-28 17:02:52,637 - balethon.network.connection - INFO - [getUpdates] JSON{'offset': 23}
2026-04-28 17:02:52,646 - balethon.network.connection - INFO - [getUpdates] JSON{'offset': 23}
2026-04-28 17:02:52,655 - balethon.network.connection - INFO - [getUpdates] JSON{'offset': 23}
2026-04-28 17:02:52,664 - balethon.network.connection - INFO - [getUpdates] JSON{'offset': 23}
2026-04-28 17:02:52,672 - balethon.network.connection - INFO - [getUpdates] JSON{'offset': 23}
2026-04-28 17:02:52,683 - balethon.network.connection - INFO - [getUpdates] JSON{'offset': 23}
2026-04-28 17:02:52,694 - balethon.network.connection - INFO - [getUpdates] JSON{'offset': 23}
2026-04-28 17:02:52,705 - balethon.network.connection - INFO - [getUpdates] JSON{'offset': 23}
2026-04-28 17:02:52,718 - balethon.network.connection - INFO - [getUpdates] JSON{'offset': 23}
2026-04-28 17:02:52,727 - balethon.network.connection - INFO - [getUpdates] JSON{'offset': 23}
2026-04-28 17:02:52,740 - balethon.network.connection - INFO - [getUpdates] JSON{'offset': 23}
2026-04-28 17:02:52,750 - balethon.network.connection - INFO - [getUpdates] JSON{'offset': 23}
2026-04-28 17:02:52,761 - balethon.network.connection - INFO - [getUpdates] JSON{'offset': 23}
2026-04-28 17:02:52,771 - balethon.network.connection - INFO - [getUpdates] JSON{'offset': 23}
2026-04-28 17:02:52,782 - balethon.network.connection - INFO - [getUpdates] JSON{'offset': 23}
2026-04-28 17:02:52,794 - balethon.network.connection - INFO - [getUpdates] JSON{'offset': 23}
2026-04-28 17:02:52,804 - balethon.network.connection - INFO - [getUpdates] JSON{'offset': 23}
2026-04-28 17:02:52,815 - balethon.network.connection - INFO - [getUpdates] JSON{'offset': 23}
2026-04-28 17:02:52,825 - balethon.network.connection - INFO - [getUpdates] JSON{'offset': 23}
2026-04-28 17:02:52,835 - balethon.network.connection - INFO - [getUpdates] JSON{'offset': 23}
2026-04-28 17:02:52,844 - balethon.network.connection - INFO - [getUpdates] JSON{'offset': 23}
2026-04-28 17:02:52,857 - balethon.network.connection - INFO - [getUpdates] JSON{'offset': 23}
2026-04-28 17:02:52,866 - balethon.network.connection - INFO - [getUpdates] JSON{'offset': 23}
2026-04-28 17:02:52,876 - balethon.network.connection - INFO - [getUpdates] JSON{'offset': 23}
2026-04-28 17:02:52,886 - balethon.network.connection - INFO - [getUpdates] JSON{'offset': 23}
2026-04-28 17:02:52,896 - balethon.network.connection - INFO - [getUpdates] JSON{'offset': 23}
2026-04-28 17:02:52,905 - balethon.network.connection - INFO - [getUpdates] JSON{'offset': 23}
2026-04-28 17:02:52,915 - balethon.network.connection - INFO - [getUpdates] JSON{'offset': 23}
2026-04-28 17:02:52,924 - balethon.network.connection - INFO - [getUpdates] JSON{'offset': 23}
2026-04-28 17:02:52,936 - balethon.network.connection - INFO - [getUpdates] JSON{'offset': 23}
2026-04-28 17:02:52,945 - balethon.network.connection - INFO - [getUpdates] JSON{'offset': 23}
2026-04-28 17:02:52,954 - balethon.network.connection - INFO - [getUpdates] JSON{'offset': 23}
2026-04-28 17:02:52,967 - balethon.network.connection - INFO - [getUpdates] JSON{'offset': 23}
2026-04-28 17:02:52,976 - balethon.network.connection - INFO - [getUpdates] JSON{'offset': 23}
2026-04-28 17:02:52,985 - balethon.network.connection - INFO - [getUpdates] JSON{'offset': 23}
2026-04-28 17:02:52,995 - balethon.network.connection - INFO - [getUpdates] JSON{'offset': 23}
2026-04-28 17:02:53,005 - balethon.network.connection - INFO - [getUpdates] JSON{'offset': 23}
2026-04-28 17:02:53,014 - balethon.network.connection - INFO - [getUpdates] JSON{'offset': 23}
2026-04-28 17:02:53,025 - balethon.network.connection - INFO - [getUpdates] JSON{'offset': 23}
2026-04-28 17:02:53,035 - balethon.network.connection - INFO - [getUpdates] JSON{'offset': 23}
2026-04-28 17:02:53,052 - balethon.network.connection - INFO - [getUpdates] JSON{'offset': 23}
2026-04-28 17:02:53,061 - balethon.network.connection - INFO - [getUpdates] JSON{'offset': 23}
2026-04-28 17:02:53,072 - balethon.network.connection - INFO - [getUpdates] JSON{'offset': 23}
2026-04-28 17:02:53,082 - balethon.network.connection - INFO - [getUpdates] JSON{'offset': 23}
2026-04-28 17:02:53,092 - balethon.network.connection - INFO - [getUpdates] JSON{'offset': 23}
2026-04-28 17:02:53,103 - balethon.network.connection - INFO - [getUpdates] JSON{'offset': 23}
2026-04-28 17:02:53,112 - balethon.network.connection - INFO - [getUpdates] JSON{'offset': 23}
2026-04-28 17:02:53,121 - balethon.network.connection - INFO - [getUpdates] JSON{'offset': 23}
2026-04-28 17:02:53,131 - balethon.network.connection - INFO - [getUpdates] JSON{'offset': 23}
2026-04-28 17:02:53,140 - balethon.network.connection - INFO - [getUpdates] JSON{'offset': 23}
2026-04-28 17:02:53,151 - balethon.network.connection - INFO - [getUpdates] JSON{'offset': 23}
2026-04-28 17:02:53,160 - balethon.network.connection - INFO - [getUpdates] JSON{'offset': 23}
2026-04-28 17:02:53,169 - balethon.network.connection - INFO - [getUpdates] JSON{'offset': 23}
2026-04-28 17:02:53,179 - balethon.network.connection - INFO - [getUpdates] JSON{'offset': 23}
2026-04-28 17:02:53,188 - balethon.network.connection - INFO - [getUpdates] JSON{'offset': 23}
2026-04-28 17:02:53,198 - balethon.network.connection - INFO - [getUpdates] JSON{'offset': 23}
2026-04-28 17:02:53,208 - balethon.network.connection - INFO - [getUpdates] JSON{'offset': 23}
2026-04-28 17:02:53,217 - balethon.network.connection - INFO - [getUpdates] JSON{'offset': 23}
2026-04-28 17:02:53,228 - balethon.network.connection - INFO - [getUpdates] JSON{'offset': 23}
2026-04-28 17:02:53,239 - balethon.network.connection - INFO - [getUpdates] JSON{'offset': 23}
2026-04-28 17:02:53,248 - balethon.network.connection - INFO - [getUpdates] JSON{'offset': 23}
2026-04-28 17:02:53,260 - balethon.network.connection - INFO - [getUpdates] JSON{'offset': 23}
2026-04-28 17:02:53,268 - balethon.network.connection - INFO - [getUpdates] JSON{'offset': 23}
2026-04-28 17:02:53,277 - balethon.network.connection - INFO - [getUpdates] JSON{'offset': 23}
2026-04-28 17:02:53,287 - balethon.network.connection - INFO - [getUpdates] JSON{'offset': 23}
2026-04-28 17:02:53,296 - balethon.network.connection - INFO - [getUpdates] JSON{'offset': 23}
2026-04-28 17:02:53,305 - balethon.network.connection - INFO - [getUpdates] JSON{'offset': 23}
2026-04-28 17:02:53,313 - balethon.network.connection - INFO - [getUpdates] JSON{'offset': 23}
2026-04-28 17:02:53,324 - balethon.network.connection - INFO - [getUpdates] JSON{'offset': 23}
2026-04-28 17:02:53,334 - balethon.network.connection - INFO - [getUpdates] JSON{'offset': 23}
2026-04-28 17:02:53,343 - balethon.network.connection - INFO - [getUpdates] JSON{'offset': 23}
2026-04-28 17:02:53,352 - balethon.network.connection - INFO - [getUpdates] JSON{'offset': 23}
2026-04-28 17:02:53,363 - balethon.network.connection - INFO - [getUpdates] JSON{'offset': 23}
2026-04-28 17:02:53,371 - balethon.network.connection - INFO - [getUpdates] JSON{'offset': 23}
2026-04-28 17:02:53,381 - balethon.network.connection - INFO - [getUpdates] JSON{'offset': 23}
2026-04-28 17:02:53,391 - balethon.network.connection - INFO - [getUpdates] JSON{'offset': 23}
2026-04-28 17:02:53,401 - balethon.network.connection - INFO - [getUpdates] JSON{'offset': 23}
2026-04-28 17:02:53,410 - balethon.network.connection - INFO - [getUpdates] JSON{'offset': 23}
2026-04-28 17:02:53,420 - balethon.network.connection - INFO - [getUpdates] JSON{'offset': 23}
2026-04-28 17:02:53,429 - balethon.network.connection - INFO - [getUpdates] JSON{'offset': 23}
2026-04-28 17:02:53,438 - balethon.network.connection - INFO - [getUpdates] JSON{'offset': 23}
2026-04-28 17:02:53,448 - balethon.network.connection - INFO - [getUpdates] JSON{'offset': 23}
2026-04-28 17:02:53,458 - balethon.network.connection - INFO - [getUpdates] JSON{'offset': 23}
2026-04-28 17:02:53,468 - balethon.network.connection - INFO - [getUpdates] JSON{'offset': 23}
2026-04-28 17:02:53,480 - balethon.network.connection - INFO - [getUpdates] JSON{'offset': 23}
2026-04-28 17:02:53,490 - balethon.network.connection - INFO - [getUpdates] JSON{'offset': 23}
2026-04-28 17:02:53,501 - balethon.network.connection - INFO - [getUpdates] JSON{'offset': 23}
2026-04-28 17:02:53,514 - balethon.network.connection - INFO - [getUpdates] JSON{'offset': 23}
2026-04-28 17:02:53,524 - balethon.network.connection - INFO - [getUpdates] JSON{'offset': 23}
2026-04-28 17:02:53,535 - balethon.network.connection - INFO - [getUpdates] JSON{'offset': 23}
2026-04-28 17:02:53,544 - balethon.network.connection - INFO - [getUpdates] JSON{'offset': 23}
2026-04-28 17:02:53,554 - balethon.network.connection - INFO - [getUpdates] JSON{'offset': 23}
2026-04-28 17:02:53,563 - balethon.network.connection - INFO - [getUpdates] JSON{'offset': 23}
2026-04-28 17:02:53,574 - balethon.network.connection - INFO - [getUpdates] JSON{'offset': 23}
2026-04-28 17:02:53,585 - balethon.network.connection - INFO - [getUpdates] JSON{'offset': 23}
2026-04-28 17:02:53,595 - balethon.network.connection - INFO - [getUpdates] JSON{'offset': 23}
2026-04-28 17:02:53,604 - balethon.network.connection - INFO - [getUpdates] JSON{'offset': 23}
2026-04-28 17:02:53,615 - balethon.network.connection - INFO - [getUpdates] JSON{'offset': 23}
2026-04-28 17:02:53,624 - balethon.network.connection - INFO - [getUpdates] JSON{'offset': 23}
2026-04-28 17:02:53,638 - balethon.network.connection - INFO - [getUpdates] JSON{'offset': 23}
2026-04-28 17:02:53,647 - balethon.network.connection - INFO - [getUpdates] JSON{'offset': 23}
2026-04-28 17:02:53,657 - balethon.network.connection - INFO - [getUpdates] JSON{'offset': 23}
2026-04-28 17:02:53,668 - balethon.network.connection - INFO - [getUpdates] JSON{'offset': 23}
2026-04-28 17:02:53,680 - balethon.network.connection - INFO - [getUpdates] JSON{'offset': 23}
2026-04-28 17:02:53,689 - balethon.network.connection - INFO - [getUpdates] JSON{'offset': 23}
2026-04-28 17:02:53,699 - balethon.network.connection - INFO - [getUpdates] JSON{'offset': 23}
2026-04-28 17:02:53,709 - balethon.network.connection - INFO - [getUpdates] JSON{'offset': 23}
2026-04-28 17:02:53,720 - balethon.network.connection - INFO - [getUpdates] JSON{'offset': 23}
2026-04-28 17:02:53,730 - balethon.network.connection - INFO - [getUpdates] JSON{'offset': 23}
2026-04-28 17:02:53,739 - balethon.network.connection - INFO - [getUpdates] JSON{'offset': 23}
2026-04-28 17:02:53,748 - balethon.network.connection - INFO - [getUpdates] JSON{'offset': 23}
2026-04-28 17:02:53,759 - balethon.network.connection - INFO - [getUpdates] JSON{'offset': 23}
2026-04-28 17:02:53,768 - balethon.network.connection - INFO - [getUpdates] JSON{'offset': 23}
2026-04-28 17:02:53,779 - balethon.network.connection - INFO - [getUpdates] JSON{'offset': 23}
2026-04-28 17:02:53,789 - balethon.network.connection - INFO - [getUpdates] JSON{'offset': 23}
2026-04-28 17:02:53,797 - balethon.network.connection - INFO - [getUpdates] JSON{'offset': 23}
2026-04-28 17:02:53,807 - balethon.network.connection - INFO - [getUpdates] JSON{'offset': 23}
2026-04-28 17:02:53,816 - balethon.network.connection - INFO - [getUpdates] JSON{'offset': 23}
2026-04-28 17:02:53,826 - balethon.network.connection - INFO - [getUpdates] JSON{'offset': 23}
2026-04-28 17:02:53,838 - balethon.network.connection - INFO - [getUpdates] JSON{'offset': 23}
2026-04-28 17:02:53,849 - balethon.network.connection - INFO - [getUpdates] JSON{'offset': 23}
2026-04-28 17:02:53,858 - balethon.network.connection - INFO - [getUpdates] JSON{'offset': 23}
2026-04-28 17:02:53,869 - balethon.network.connection - INFO - [getUpdates] JSON{'offset': 23}
2026-04-28 17:02:53,881 - balethon.network.connection - INFO - [getUpdates] JSON{'offset': 23}
2026-04-28 17:02:53,890 - balethon.network.connection - INFO - [getUpdates] JSON{'offset': 23}
2026-04-28 17:02:53,901 - balethon.network.connection - INFO - [getUpdates] JSON{'offset': 23}
2026-04-28 17:02:53,911 - balethon.network.connection - INFO - [getUpdates] JSON{'offset': 23}
2026-04-28 17:02:53,920 - balethon.network.connection - INFO - [getUpdates] JSON{'offset': 23}
2026-04-28 17:02:53,930 - balethon.network.connection - INFO - [getUpdates] JSON{'offset': 23}
2026-04-28 17:02:53,939 - balethon.network.connection - INFO - [getUpdates] JSON{'offset': 23}
2026-04-28 17:02:53,948 - balethon.network.connection - INFO - [getUpdates] JSON{'offset': 23}
2026-04-28 17:02:53,958 - balethon.network.connection - INFO - [getUpdates] JSON{'offset': 23}
2026-04-28 17:02:53,967 - balethon.network.connection - INFO - [getUpdates] JSON{'offset': 23}
2026-04-28 17:02:53,978 - balethon.network.connection - INFO - [getUpdates] JSON{'offset': 23}
2026-04-28 17:02:53,988 - balethon.network.connection - INFO - [getUpdates] JSON{'offset': 23}
2026-04-28 17:02:53,997 - balethon.network.connection - INFO - [getUpdates] JSON{'offset': 23}
2026-04-28 17:02:54,006 - balethon.network.connection - INFO - [getUpdates] JSON{'offset': 23}
2026-04-28 17:02:54,015 - balethon.network.connection - INFO - [getUpdates] JSON{'offset': 23}
2026-04-28 17:02:54,025 - balethon.network.connection - INFO - [getUpdates] JSON{'offset': 23}
2026-04-28 17:02:54,035 - balethon.network.connection - INFO - [getUpdates] JSON{'offset': 23}
2026-04-28 17:02:54,044 - balethon.network.connection - INFO - [getUpdates] JSON{'offset': 23}
2026-04-28 17:02:54,053 - balethon.network.connection - INFO - [getUpdates] JSON{'offset': 23}
2026-04-28 17:02:54,062 - balethon.network.connection - INFO - [getUpdates] JSON{'offset': 23}
2026-04-28 17:02:54,072 - balethon.network.connection - INFO - [getUpdates] JSON{'offset': 23}
2026-04-28 17:02:54,081 - balethon.network.connection - INFO - [getUpdates] JSON{'offset': 23}
2026-04-28 17:02:54,091 - balethon.network.connection - INFO - [getUpdates] JSON{'offset': 23}
2026-04-28 17:02:54,102 - balethon.network.connection - INFO - [getUpdates] JSON{'offset': 23}
2026-04-28 17:02:54,110 - balethon.network.connection - INFO - [getUpdates] JSON{'offset': 23}
2026-04-28 17:02:54,121 - balethon.network.connection - INFO - [getUpdates] JSON{'offset': 23}
2026-04-28 17:02:54,131 - balethon.network.connection - INFO - [getUpdates] JSON{'offset': 23}
2026-04-28 17:02:54,140 - balethon.network.connection - INFO - [getUpdates] JSON{'offset': 23}
2026-04-28 17:02:54,151 - balethon.network.connection - INFO - [getUpdates] JSON{'offset': 23}
2026-04-28 17:02:54,162 - balethon.network.connection - INFO - [getUpdates] JSON{'offset': 23}
2026-04-28 17:02:54,171 - balethon.network.connection - INFO - [getUpdates] JSON{'offset': 23}
2026-04-28 17:02:54,183 - balethon.network.connection - INFO - [getUpdates] JSON{'offset': 23}
2026-04-28 17:02:54,192 - balethon.network.connection - INFO - [getUpdates] JSON{'offset': 23}
2026-04-28 17:02:54,201 - balethon.network.connection - INFO - [getUpdates] JSON{'offset': 23}
2026-04-28 17:02:54,211 - balethon.network.connection - INFO - [getUpdates] JSON{'offset': 23}
2026-04-28 17:02:54,219 - balethon.network.connection - INFO - [getUpdates] JSON{'offset': 23}
2026-04-28 17:02:54,230 - balethon.network.connection - INFO - [getUpdates] JSON{'offset': 23}
2026-04-28 17:02:54,239 - balethon.network.connection - INFO - [getUpdates] JSON{'offset': 23}
2026-04-28 17:02:54,247 - balethon.network.connection - INFO - [getUpdates] JSON{'offset': 23}
2026-04-28 17:02:54,256 - balethon.network.connection - INFO - [getUpdates] JSON{'offset': 23}
2026-04-28 17:02:54,265 - balethon.network.connection - INFO - [getUpdates] JSON{'offset': 23}
2026-04-28 17:02:54,275 - balethon.network.connection - INFO - [getUpdates] JSON{'offset': 23}
2026-04-28 17:02:54,283 - balethon.network.connection - INFO - [getUpdates] JSON{'offset': 23}
2026-04-28 17:02:54,293 - balethon.network.connection - INFO - [getUpdates] JSON{'offset': 23}
2026-04-28 17:02:54,303 - balethon.network.connection - INFO - [getUpdates] JSON{'offset': 23}
2026-04-28 17:02:54,316 - balethon.network.connection - INFO - [getUpdates] JSON{'offset': 23}
2026-04-28 17:02:54,325 - balethon.network.connection - INFO - [getUpdates] JSON{'offset': 23}
2026-04-28 17:02:54,337 - balethon.network.connection - INFO - [getUpdates] JSON{'offset': 23}
2026-04-28 17:02:54,347 - balethon.network.connection - INFO - [getUpdates] JSON{'offset': 23}
2026-04-28 17:02:54,358 - balethon.network.connection - INFO - [getUpdates] JSON{'offset': 23}
2026-04-28 17:02:54,367 - balethon.network.connection - INFO - [getUpdates] JSON{'offset': 23}
2026-04-28 17:02:54,377 - balethon.network.connection - INFO - [getUpdates] JSON{'offset': 23}
2026-04-28 17:02:54,387 - balethon.network.connection - INFO - [getUpdates] JSON{'offset': 23}
2026-04-28 17:02:54,397 - balethon.network.connection - INFO - [getUpdates] JSON{'offset': 23}
2026-04-28 17:02:54,418 - balethon.network.connection - INFO - [getUpdates] JSON{'offset': 23}
2026-04-28 17:02:54,429 - balethon.network.connection - INFO - [getUpdates] JSON{'offset': 23}
2026-04-28 17:02:54,437 - balethon.network.connection - INFO - [getUpdates] JSON{'offset': 23}
2026-04-28 17:02:54,446 - balethon.network.connection - INFO - [getUpdates] JSON{'offset': 23}
2026-04-28 17:02:54,461 - balethon.network.connection - INFO - [getUpdates] JSON{'offset': 23}
2026-04-28 17:02:54,524 - balethon.network.connection - INFO - [getUpdates] JSON{'offset': 23}
2026-04-28 17:02:54,536 - balethon.network.connection - INFO - [getUpdates] JSON{'offset': 23}
2026-04-28 17:02:54,545 - balethon.network.connection - INFO - [getUpdates] JSON{'offset': 23}
2026-04-28 17:02:54,555 - balethon.network.connection - INFO - [getUpdates] JSON{'offset': 23}
2026-04-28 17:02:54,565 - balethon.network.connection - INFO - [getUpdates] JSON{'offset': 23}
2026-04-28 17:02:54,574 - balethon.network.connection - INFO - [getUpdates] JSON{'offset': 23}
2026-04-28 17:02:54,583 - balethon.network.connection - INFO - [getUpdates] JSON{'offset': 23}
2026-04-28 17:02:54,592 - balethon.network.connection - INFO - [getUpdates] JSON{'offset': 23}
2026-04-28 17:02:54,603 - balethon.network.connection - INFO - [getUpdates] JSON{'offset': 23}
2026-04-28 17:02:54,612 - balethon.network.connection - INFO - [getUpdates] JSON{'offset': 23}
2026-04-28 17:02:54,621 - balethon.network.connection - INFO - [getUpdates] JSON{'offset': 23}
2026-04-28 17:02:54,630 - balethon.network.connection - INFO - [getUpdates] JSON{'offset': 23}
2026-04-28 17:02:54,639 - balethon.network.connection - INFO - [getUpdates] JSON{'offset': 23}
2026-04-28 17:02:54,651 - balethon.network.connection - INFO - [getUpdates] JSON{'offset': 23}
2026-04-28 17:02:54,660 - balethon.network.connection - INFO - [getUpdates] JSON{'offset': 23}
2026-04-28 17:02:54,670 - balethon.network.connection - INFO - [getUpdates] JSON{'offset': 23}
2026-04-28 17:02:54,681 - balethon.network.connection - INFO - [getUpdates] JSON{'offset': 23}
2026-04-28 17:02:54,691 - balethon.network.connection - INFO - [getUpdates] JSON{'offset': 23}
2026-04-28 17:02:54,699 - balethon.network.connection - INFO - [getUpdates] JSON{'offset': 23}
2026-04-28 17:02:54,709 - balethon.network.connection - INFO - [getUpdates] JSON{'offset': 23}
2026-04-28 17:02:54,718 - balethon.network.connection - INFO - [getUpdates] JSON{'offset': 23}
2026-04-28 17:02:54,731 - balethon.network.connection - INFO - [getUpdates] JSON{'offset': 23}
2026-04-28 17:02:54,740 - balethon.network.connection - INFO - [getUpdates] JSON{'offset': 23}
2026-04-28 17:02:54,761 - balethon.network.connection - INFO - [getUpdates] JSON{'offset': 23}
2026-04-28 17:02:54,769 - balethon.network.connection - INFO - [getUpdates] JSON{'offset': 23}
2026-04-28 17:02:54,781 - balethon.network.connection - INFO - [getUpdates] JSON{'offset': 23}
2026-04-28 17:02:54,789 - balethon.network.connection - INFO - [getUpdates] JSON{'offset': 23}
2026-04-28 17:02:54,801 - balethon.network.connection - INFO - [getUpdates] JSON{'offset': 23}
2026-04-28 17:02:54,809 - balethon.network.connection - INFO - [getUpdates] JSON{'offset': 23}
2026-04-28 17:02:54,821 - balethon.network.connection - INFO - [getUpdates] JSON{'offset': 23}
2026-04-28 17:02:54,830 - balethon.network.connection - INFO - [getUpdates] JSON{'offset': 23}
2026-04-28 17:02:54,839 - balethon.network.connection - INFO - [getUpdates] JSON{'offset': 23}
2026-04-28 17:02:54,850 - balethon.network.connection - INFO - [getUpdates] JSON{'offset': 23}
2026-04-28 17:02:54,859 - balethon.network.connection - INFO - [getUpdates] JSON{'offset': 23}
2026-04-28 17:02:54,867 - balethon.network.connection - INFO - [getUpdates] JSON{'offset': 23}
2026-04-28 17:02:54,879 - balethon.network.connection - INFO - [getUpdates] JSON{'offset': 23}
2026-04-28 17:02:54,889 - balethon.network.connection - INFO - [getUpdates] JSON{'offset': 23}
2026-04-28 17:02:54,899 - balethon.network.connection - INFO - [getUpdates] JSON{'offset': 23}
2026-04-28 17:02:54,908 - balethon.network.connection - INFO - [getUpdates] JSON{'offset': 23}
2026-04-28 17:02:54,918 - balethon.network.connection - INFO - [getUpdates] JSON{'offset': 23}
2026-04-28 17:02:54,927 - balethon.network.connection - INFO - [getUpdates] JSON{'offset': 23}
2026-04-28 17:02:54,936 - balethon.network.connection - INFO - [getUpdates] JSON{'offset': 23}
2026-04-28 17:02:54,946 - balethon.network.connection - INFO - [getUpdates] JSON{'offset': 23}
2026-04-28 17:02:54,956 - balethon.network.connection - INFO - [getUpdates] JSON{'offset': 23}
2026-04-28 17:02:54,971 - balethon.network.connection - INFO - [getUpdates] JSON{'offset': 23}
2026-04-28 17:02:54,981 - balethon.network.connection - INFO - [getUpdates] JSON{'offset': 23}
2026-04-28 17:02:54,990 - balethon.network.connection - INFO - [getUpdates] JSON{'offset': 23}
2026-04-28 17:02:54,998 - balethon.network.connection - INFO - [getUpdates] JSON{'offset': 23}
2026-04-28 17:02:55,008 - balethon.network.connection - INFO - [getUpdates] JSON{'offset': 23}
2026-04-28 17:02:55,017 - balethon.network.connection - INFO - [getUpdates] JSON{'offset': 23}
2026-04-28 17:02:55,027 - balethon.network.connection - INFO - [getUpdates] JSON{'offset': 23}
2026-04-28 17:02:55,037 - balethon.network.connection - INFO - [getUpdates] JSON{'offset': 23}
2026-04-28 17:02:55,045 - balethon.network.connection - INFO - [getUpdates] JSON{'offset': 23}
2026-04-28 17:02:55,055 - balethon.network.connection - INFO - [getUpdates] JSON{'offset': 23}
2026-04-28 17:02:55,063 - balethon.network.connection - INFO - [getUpdates] JSON{'offset': 23}
2026-04-28 17:02:55,073 - balethon.network.connection - INFO - [getUpdates] JSON{'offset': 23}
2026-04-28 17:02:55,083 - balethon.network.connection - INFO - [getUpdates] JSON{'offset': 23}
2026-04-28 17:02:55,093 - balethon.network.connection - INFO - [getUpdates] JSON{'offset': 23}
2026-04-28 17:02:55,105 - balethon.network.connection - INFO - [getUpdates] JSON{'offset': 23}
2026-04-28 17:02:55,116 - balethon.network.connection - INFO - [getUpdates] JSON{'offset': 23}
2026-04-28 17:02:55,133 - balethon.network.connection - INFO - [getUpdates] JSON{'offset': 23}
2026-04-28 17:02:55,148 - balethon.network.connection - INFO - [getUpdates] JSON{'offset': 23}
2026-04-28 17:02:55,158 - balethon.network.connection - INFO - [getUpdates] JSON{'offset': 23}
2026-04-28 17:02:55,168 - balethon.network.connection - INFO - [getUpdates] JSON{'offset': 23}
2026-04-28 17:02:55,179 - balethon.network.connection - INFO - [getUpdates] JSON{'offset': 23}
2026-04-28 17:02:55,188 - balethon.network.connection - INFO - [getUpdates] JSON{'offset': 23}
2026-04-28 17:02:55,197 - balethon.network.connection - INFO - [getUpdates] JSON{'offset': 23}
2026-04-28 17:02:55,208 - balethon.network.connection - INFO - [getUpdates] JSON{'offset': 23}
2026-04-28 17:02:55,217 - balethon.network.connection - INFO - [getUpdates] JSON{'offset': 23}
2026-04-28 17:02:55,227 - balethon.network.connection - INFO - [getUpdates] JSON{'offset': 23}
2026-04-28 17:02:55,237 - balethon.network.connection - INFO - [getUpdates] JSON{'offset': 23}
2026-04-28 17:02:55,246 - balethon.network.connection - INFO - [getUpdates] JSON{'offset': 23}
2026-04-28 17:02:55,256 - balethon.network.connection - INFO - [getUpdates] JSON{'offset': 23}
2026-04-28 17:02:55,266 - balethon.network.connection - INFO - [getUpdates] JSON{'offset': 23}
2026-04-28 17:02:55,277 - balethon.network.connection - INFO - [getUpdates] JSON{'offset': 23}
2026-04-28 17:02:55,288 - balethon.network.connection - INFO - [getUpdates] JSON{'offset': 23}
2026-04-28 17:02:55,296 - balethon.network.connection - INFO - [getUpdates] JSON{'offset': 23}
2026-04-28 17:02:55,306 - balethon.network.connection - INFO - [getUpdates] JSON{'offset': 23}
2026-04-28 17:02:55,316 - balethon.network.connection - INFO - [getUpdates] JSON{'offset': 23}
2026-04-28 17:02:55,327 - balethon.network.connection - INFO - [getUpdates] JSON{'offset': 23}
2026-04-28 17:02:55,368 - balethon.network.connection - INFO - [getUpdates] JSON{'offset': 23}
2026-04-28 17:02:55,405 - balethon.network.connection - INFO - [getUpdates] JSON{'offset': 23}
2026-04-28 17:02:55,418 - balethon.network.connection - INFO - [getUpdates] JSON{'offset': 23}
2026-04-28 17:02:55,438 - balethon.network.connection - INFO - [getUpdates] JSON{'offset': 23}
2026-04-28 17:02:55,447 - balethon.network.connection - INFO - [getUpdates] JSON{'offset': 23}
2026-04-28 17:02:55,457 - balethon.network.connection - INFO - [getUpdates] JSON{'offset': 23}
2026-04-28 17:02:55,466 - balethon.network.connection - INFO - [getUpdates] JSON{'offset': 23}
2026-04-28 17:02:55,477 - balethon.network.connection - INFO - [getUpdates] JSON{'offset': 23}
2026-04-28 17:02:55,486 - balethon.network.connection - INFO - [getUpdates] JSON{'offset': 23}
2026-04-28 17:02:55,496 - balethon.network.connection - INFO - [getUpdates] JSON{'offset': 23}
2026-04-28 17:02:55,510 - balethon.network.connection - INFO - [getUpdates] JSON{'offset': 23}
2026-04-28 17:02:55,522 - balethon.network.connection - INFO - [getUpdates] JSON{'offset': 23}
2026-04-28 17:02:55,530 - balethon.network.connection - INFO - [getUpdates] JSON{'offset': 23}
2026-04-28 17:02:55,547 - balethon.network.connection - INFO - [getUpdates] JSON{'offset': 23}
2026-04-28 17:02:55,555 - balethon.network.connection - INFO - [getUpdates] JSON{'offset': 23}
2026-04-28 17:02:55,566 - balethon.network.connection - INFO - [getUpdates] JSON{'offset': 23}
2026-04-28 17:02:55,574 - balethon.network.connection - INFO - [getUpdates] JSON{'offset': 23}
2026-04-28 17:02:55,584 - balethon.network.connection - INFO - [getUpdates] JSON{'offset': 23}
2026-04-28 17:02:55,592 - balethon.network.connection - INFO - [getUpdates] JSON{'offset': 23}
2026-04-28 17:02:55,612 - balethon.network.connection - INFO - [getUpdates] JSON{'offset': 23}
2026-04-28 17:02:55,621 - balethon.network.connection - INFO - [getUpdates] JSON{'offset': 23}
2026-04-28 17:02:55,632 - balethon.network.connection - INFO - [getUpdates] JSON{'offset': 23}
2026-04-28 17:02:55,642 - balethon.network.connection - INFO - [getUpdates] JSON{'offset': 23}
2026-04-28 17:02:55,659 - balethon.network.connection - INFO - [getUpdates] JSON{'offset': 23}
2026-04-28 17:02:55,669 - balethon.network.connection - INFO - [getUpdates] JSON{'offset': 23}
2026-04-28 17:02:55,679 - balethon.network.connection - INFO - [getUpdates] JSON{'offset': 23}
2026-04-28 17:02:55,692 - balethon.network.connection - INFO - [getUpdates] JSON{'offset': 23}
2026-04-28 17:02:55,712 - balethon.network.connection - INFO - [getUpdates] JSON{'offset': 23}
2026-04-28 17:02:55,725 - balethon.network.connection - INFO - [getUpdates] JSON{'offset': 23}
2026-04-28 17:02:55,734 - balethon.network.connection - INFO - [getUpdates] JSON{'offset': 23}
2026-04-28 17:02:55,745 - balethon.network.connection - INFO - [getUpdates] JSON{'offset': 23}
2026-04-28 17:02:55,757 - balethon.network.connection - INFO - [getUpdates] JSON{'offset': 23}
2026-04-28 17:02:55,777 - balethon.network.connection - INFO - [getUpdates] JSON{'offset': 23}
2026-04-28 17:02:55,786 - balethon.network.connection - INFO - [getUpdates] JSON{'offset': 23}
2026-04-28 17:02:55,796 - balethon.network.connection - INFO - [getUpdates] JSON{'offset': 23}
2026-04-28 17:02:55,804 - balethon.network.connection - INFO - [getUpdates] JSON{'offset': 23}
2026-04-28 17:02:55,813 - balethon.network.connection - INFO - [getUpdates] JSON{'offset': 23}
2026-04-28 17:02:55,822 - balethon.network.connection - INFO - [getUpdates] JSON{'offset': 23}
2026-04-28 17:02:55,831 - balethon.network.connection - INFO - [getUpdates] JSON{'offset': 23}
2026-04-28 17:02:55,840 - balethon.network.connection - INFO - [getUpdates] JSON{'offset': 23}
2026-04-28 17:02:55,849 - balethon.network.connection - INFO - [getUpdates] JSON{'offset': 23}
2026-04-28 17:02:55,857 - balethon.network.connection - INFO - [getUpdates] JSON{'offset': 23}
2026-04-28 17:02:55,868 - balethon.network.connection - INFO - [getUpdates] JSON{'offset': 23}
2026-04-28 17:02:55,877 - balethon.network.connection - INFO - [getUpdates] JSON{'offset': 23}
2026-04-28 17:02:55,886 - balethon.network.connection - INFO - [getUpdates] JSON{'offset': 23}
2026-04-28 17:02:55,912 - balethon.network.connection - INFO - [getUpdates] JSON{'offset': 23}
2026-04-28 17:02:55,925 - balethon.network.connection - INFO - [getUpdates] JSON{'offset': 23}
2026-04-28 17:02:55,935 - balethon.network.connection - INFO - [getUpdates] JSON{'offset': 23}
2026-04-28 17:02:55,946 - balethon.network.connection - INFO - [getUpdates] JSON{'offset': 23}
2026-04-28 17:02:55,955 - balethon.network.connection - INFO - [getUpdates] JSON{'offset': 23}
2026-04-28 17:02:55,965 - balethon.network.connection - INFO - [getUpdates] JSON{'offset': 23}
2026-04-28 17:02:55,976 - balethon.network.connection - INFO - [getUpdates] JSON{'offset': 23}
2026-04-28 17:02:55,985 - balethon.network.connection - INFO - [getUpdates] JSON{'offset': 23}
2026-04-28 17:02:55,995 - balethon.network.connection - INFO - [getUpdates] JSON{'offset': 23}
2026-04-28 17:02:56,003 - balethon.network.connection - INFO - [getUpdates] JSON{'offset': 23}
2026-04-28 17:02:56,013 - balethon.network.connection - INFO - [getUpdates] JSON{'offset': 23}
2026-04-28 17:02:56,029 - balethon.network.connection - INFO - [getUpdates] JSON{'offset': 23}
2026-04-28 17:02:56,038 - balethon.network.connection - INFO - [getUpdates] JSON{'offset': 23}
2026-04-28 17:02:56,052 - balethon.network.connection - INFO - [getUpdates] JSON{'offset': 23}
2026-04-28 17:02:56,064 - balethon.network.connection - INFO - [getUpdates] JSON{'offset': 23}
2026-04-28 17:02:56,074 - balethon.network.connection - INFO - [getUpdates] JSON{'offset': 23}
2026-04-28 17:02:56,088 - balethon.network.connection - INFO - [getUpdates] JSON{'offset': 23}
2026-04-28 17:02:56,098 - balethon.network.connection - INFO - [getUpdates] JSON{'offset': 23}
2026-04-28 17:02:56,110 - balethon.network.connection - INFO - [getUpdates] JSON{'offset': 23}
2026-04-28 17:02:56,120 - balethon.network.connection - INFO - [getUpdates] JSON{'offset': 23}
2026-04-28 17:02:56,133 - balethon.network.connection - INFO - [getUpdates] JSON{'offset': 23}
2026-04-28 17:02:56,144 - balethon.network.connection - INFO - [getUpdates] JSON{'offset': 23}
2026-04-28 17:02:56,166 - balethon.network.connection - INFO - [getUpdates] JSON{'offset': 23}
2026-04-28 17:02:56,178 - balethon.network.connection - INFO - [getUpdates] JSON{'offset': 23}
2026-04-28 17:02:56,191 - balethon.network.connection - INFO - [getUpdates] JSON{'offset': 23}
2026-04-28 17:02:56,204 - balethon.network.connection - INFO - [getUpdates] JSON{'offset': 23}
2026-04-28 17:02:56,216 - balethon.network.connection - INFO - [getUpdates] JSON{'offset': 23}
2026-04-28 17:02:56,229 - balethon.network.connection - INFO - [getUpdates] JSON{'offset': 23}
2026-04-28 17:02:56,239 - balethon.network.connection - INFO - [getUpdates] JSON{'offset': 23}
2026-04-28 17:02:56,252 - balethon.network.connection - INFO - [getUpdates] JSON{'offset': 23}
2026-04-28 17:02:56,261 - balethon.network.connection - INFO - [getUpdates] JSON{'offset': 23}
2026-04-28 17:02:56,274 - balethon.network.connection - INFO - [getUpdates] JSON{'offset': 23}
2026-04-28 17:02:56,286 - balethon.network.connection - INFO - [getUpdates] JSON{'offset': 23}
2026-04-28 17:02:56,295 - balethon.network.connection - INFO - [getUpdates] JSON{'offset': 23}
2026-04-28 17:02:56,308 - balethon.network.connection - INFO - [getUpdates] JSON{'offset': 23}
2026-04-28 17:02:56,321 - balethon.network.connection - INFO - [getUpdates] JSON{'offset': 23}
2026-04-28 17:02:56,331 - balethon.network.connection - INFO - [getUpdates] JSON{'offset': 23}
2026-04-28 17:02:56,342 - balethon.network.connection - INFO - [getUpdates] JSON{'offset': 23}
2026-04-28 17:02:56,351 - balethon.network.connection - INFO - [getUpdates] JSON{'offset': 23}
2026-04-28 17:02:56,364 - balethon.network.connection - INFO - [getUpdates] JSON{'offset': 23}
2026-04-28 17:02:56,397 - balethon.network.connection - INFO - [getUpdates] JSON{'offset': 23}
2026-04-28 17:02:56,408 - balethon.network.connection - INFO - [getUpdates] JSON{'offset': 23}
2026-04-28 17:02:56,419 - balethon.network.connection - INFO - [getUpdates] JSON{'offset': 23}
2026-04-28 17:02:56,432 - balethon.network.connection - INFO - [getUpdates] JSON{'offset': 23}
2026-04-28 17:02:56,441 - balethon.network.connection - INFO - [getUpdates] JSON{'offset': 23}
2026-04-28 17:02:56,452 - balethon.network.connection - INFO - [getUpdates] JSON{'offset': 23}
2026-04-28 17:02:56,462 - balethon.network.connection - INFO - [getUpdates] JSON{'offset': 23}
2026-04-28 17:02:56,473 - balethon.network.connection - INFO - [getUpdates] JSON{'offset': 23}
2026-04-28 17:02:56,481 - balethon.network.connection - INFO - [getUpdates] JSON{'offset': 23}
2026-04-28 17:02:56,490 - balethon.network.connection - INFO - [getUpdates] JSON{'offset': 23}
2026-04-28 17:02:56,499 - balethon.network.connection - INFO - [getUpdates] JSON{'offset': 23}
2026-04-28 17:02:56,511 - balethon.network.connection - INFO - [getUpdates] JSON{'offset': 23}
2026-04-28 17:02:56,523 - balethon.network.connection - INFO - [getUpdates] JSON{'offset': 23}
2026-04-28 17:02:56,531 - balethon.network.connection - INFO - [getUpdates] JSON{'offset': 23}
2026-04-28 17:02:56,541 - balethon.network.connection - INFO - [getUpdates] JSON{'offset': 23}
2026-04-28 17:02:56,553 - balethon.network.connection - INFO - [getUpdates] JSON{'offset': 23}
2026-04-28 17:02:56,566 - balethon.network.connection - INFO - [getUpdates] JSON{'offset': 23}
2026-04-28 17:02:56,575 - balethon.network.connection - INFO - [getUpdates] JSON{'offset': 23}
2026-04-28 17:02:56,586 - balethon.network.connection - INFO - [getUpdates] JSON{'offset': 23}
2026-04-28 17:02:56,595 - balethon.network.connection - INFO - [getUpdates] JSON{'offset': 23}
2026-04-28 17:02:56,604 - balethon.network.connection - INFO - [getUpdates] JSON{'offset': 23}
2026-04-28 17:02:56,615 - balethon.network.connection - INFO - [getUpdates] JSON{'offset': 23}
2026-04-28 17:02:56,623 - balethon.network.connection - INFO - [getUpdates] JSON{'offset': 23}
2026-04-28 17:02:56,635 - balethon.network.connection - INFO - [getUpdates] JSON{'offset': 23}
2026-04-28 17:02:56,644 - balethon.network.connection - INFO - [getUpdates] JSON{'offset': 23}
2026-04-28 17:02:56,654 - balethon.network.connection - INFO - [getUpdates] JSON{'offset': 23}
2026-04-28 17:02:56,664 - balethon.network.connection - INFO - [getUpdates] JSON{'offset': 23}
2026-04-28 17:02:56,676 - balethon.network.connection - INFO - [getUpdates] JSON{'offset': 23}
2026-04-28 17:02:56,684 - balethon.network.connection - INFO - [getUpdates] JSON{'offset': 23}
2026-04-28 17:02:56,696 - balethon.network.connection - INFO - [getUpdates] JSON{'offset': 23}
2026-04-28 17:02:56,704 - balethon.network.connection - INFO - [getUpdates] JSON{'offset': 23}
2026-04-28 17:02:56,713 - balethon.network.connection - INFO - [getUpdates] JSON{'offset': 23}
2026-04-28 17:02:56,725 - balethon.network.connection - INFO - [getUpdates] JSON{'offset': 23}
2026-04-28 17:02:56,734 - balethon.network.connection - INFO - [getUpdates] JSON{'offset': 23}
2026-04-28 17:02:56,744 - balethon.network.connection - INFO - [getUpdates] JSON{'offset': 23}
2026-04-28 17:02:56,754 - balethon.network.connection - INFO - [getUpdates] JSON{'offset': 23}
2026-04-28 17:02:56,766 - balethon.network.connection - INFO - [getUpdates] JSON{'offset': 23}
2026-04-28 17:02:56,775 - balethon.network.connection - INFO - [getUpdates] JSON{'offset': 23}
2026-04-28 17:02:56,787 - balethon.network.connection - INFO - [getUpdates] JSON{'offset': 23}
2026-04-28 17:02:56,796 - balethon.network.connection - INFO - [getUpdates] JSON{'offset': 23}
2026-04-28 17:02:56,807 - balethon.network.connection - INFO - [getUpdates] JSON{'offset': 23}
2026-04-28 17:02:56,816 - balethon.network.connection - INFO - [getUpdates] JSON{'offset': 23}
2026-04-28 17:02:56,826 - balethon.network.connection - INFO - [getUpdates] JSON{'offset': 23}
2026-04-28 17:02:56,836 - balethon.network.connection - INFO - [getUpdates] JSON{'offset': 23}
2026-04-28 17:02:56,844 - balethon.network.connection - INFO - [getUpdates] JSON{'offset': 23}
2026-04-28 17:02:56,856 - balethon.network.connection - INFO - [getUpdates] JSON{'offset': 23}
2026-04-28 17:02:56,865 - balethon.network.connection - INFO - [getUpdates] JSON{'offset': 23}
2026-04-28 17:02:56,877 - balethon.network.connection - INFO - [getUpdates] JSON{'offset': 23}
2026-04-28 17:02:56,886 - balethon.network.connection - INFO - [getUpdates] JSON{'offset': 23}
2026-04-28 17:02:56,897 - balethon.network.connection - INFO - [getUpdates] JSON{'offset': 23}
2026-04-28 17:02:56,905 - balethon.network.connection - INFO - [getUpdates] JSON{'offset': 23}
2026-04-28 17:02:56,916 - balethon.network.connection - INFO - [getUpdates] JSON{'offset': 23}
2026-04-28 17:02:56,926 - balethon.network.connection - INFO - [getUpdates] JSON{'offset': 23}
2026-04-28 17:02:56,935 - balethon.network.connection - INFO - [getUpdates] JSON{'offset': 23}
2026-04-28 17:02:56,948 - balethon.network.connection - INFO - [getUpdates] JSON{'offset': 23}
2026-04-28 17:02:56,957 - balethon.network.connection - INFO - [getUpdates] JSON{'offset': 23}
2026-04-28 17:02:56,968 - balethon.network.connection - INFO - [getUpdates] JSON{'offset': 23}
2026-04-28 17:02:56,977 - balethon.network.connection - INFO - [getUpdates] JSON{'offset': 23}
2026-04-28 17:02:56,988 - balethon.network.connection - INFO - [getUpdates] JSON{'offset': 23}
2026-04-28 17:02:57,000 - balethon.network.connection - INFO - [getUpdates] JSON{'offset': 23}
2026-04-28 17:02:57,011 - balethon.network.connection - INFO - [getUpdates] JSON{'offset': 23}
2026-04-28 17:02:57,020 - balethon.network.connection - INFO - [getUpdates] JSON{'offset': 23}
2026-04-28 17:02:57,030 - balethon.network.connection - INFO - [getUpdates] JSON{'offset': 23}
2026-04-28 17:02:57,040 - balethon.network.connection - INFO - [getUpdates] JSON{'offset': 23}
2026-04-28 17:02:57,050 - balethon.network.connection - INFO - [getUpdates] JSON{'offset': 23}
2026-04-28 17:02:57,062 - balethon.network.connection - INFO - [getUpdates] JSON{'offset': 23}
2026-04-28 17:02:57,071 - balethon.network.connection - INFO - [getUpdates] JSON{'offset': 23}
2026-04-28 17:02:57,080 - balethon.network.connection - INFO - [getUpdates] JSON{'offset': 23}
2026-04-28 17:02:57,090 - balethon.network.connection - INFO - [getUpdates] JSON{'offset': 23}
2026-04-28 17:02:57,101 - balethon.network.connection - INFO - [getUpdates] JSON{'offset': 23}
2026-04-28 17:02:57,110 - balethon.network.connection - INFO - [getUpdates] JSON{'offset': 23}
2026-04-28 17:02:57,120 - balethon.network.connection - INFO - [getUpdates] JSON{'offset': 23}
2026-04-28 17:02:57,129 - balethon.network.connection - INFO - [getUpdates] JSON{'offset': 23}
2026-04-28 17:02:57,140 - balethon.network.connection - INFO - [getUpdates] JSON{'offset': 23}
2026-04-28 17:02:57,151 - balethon.network.connection - INFO - [getUpdates] JSON{'offset': 23}
2026-04-28 17:02:57,161 - balethon.network.connection - INFO - [getUpdates] JSON{'offset': 23}
2026-04-28 17:02:57,172 - balethon.network.connection - INFO - [getUpdates] JSON{'offset': 23}
2026-04-28 17:02:57,183 - balethon.network.connection - INFO - [getUpdates] JSON{'offset': 23}
2026-04-28 17:02:57,191 - balethon.network.connection - INFO - [getUpdates] JSON{'offset': 23}
2026-04-28 17:02:57,203 - balethon.network.connection - INFO - [getUpdates] JSON{'offset': 23}
2026-04-28 17:02:57,212 - balethon.network.connection - INFO - [getUpdates] JSON{'offset': 23}
2026-04-28 17:02:57,222 - balethon.network.connection - INFO - [getUpdates] JSON{'offset': 23}
2026-04-28 17:02:57,232 - balethon.network.connection - INFO - [getUpdates] JSON{'offset': 23}
2026-04-28 17:02:57,241 - balethon.network.connection - INFO - [getUpdates] JSON{'offset': 23}
2026-04-28 17:02:57,252 - balethon.network.connection - INFO - [getUpdates] JSON{'offset': 23}
2026-04-28 17:02:57,262 - balethon.network.connection - INFO - [getUpdates] JSON{'offset': 23}
2026-04-28 17:02:57,272 - balethon.network.connection - INFO - [getUpdates] JSON{'offset': 23}
2026-04-28 17:02:57,283 - balethon.network.connection - INFO - [getUpdates] JSON{'offset': 23}
2026-04-28 17:02:57,293 - balethon.network.connection - INFO - [getUpdates] JSON{'offset': 23}
2026-04-28 17:02:57,302 - balethon.network.connection - INFO - [getUpdates] JSON{'offset': 23}
2026-04-28 17:02:57,312 - balethon.network.connection - INFO - [getUpdates] JSON{'offset': 23}
2026-04-28 17:02:57,321 - balethon.network.connection - INFO - [getUpdates] JSON{'offset': 23}
2026-04-28 17:02:57,330 - balethon.network.connection - INFO - [getUpdates] JSON{'offset': 23}
2026-04-28 17:02:57,340 - balethon.network.connection - INFO - [getUpdates] JSON{'offset': 23}
2026-04-28 17:02:57,348 - balethon.network.connection - INFO - [getUpdates] JSON{'offset': 23}
2026-04-28 17:02:57,358 - balethon.network.connection - INFO - [getUpdates] JSON{'offset': 23}
2026-04-28 17:02:57,368 - balethon.network.connection - INFO - [getUpdates] JSON{'offset': 23}
2026-04-28 17:02:57,378 - balethon.network.connection - INFO - [getUpdates] JSON{'offset': 23}
2026-04-28 17:02:57,387 - balethon.network.connection - INFO - [getUpdates] JSON{'offset': 23}
2026-04-28 17:02:57,396 - balethon.network.connection - INFO - [getUpdates] JSON{'offset': 23}
2026-04-28 17:02:57,405 - balethon.network.connection - INFO - [getUpdates] JSON{'offset': 23}
2026-04-28 17:02:57,416 - balethon.network.connection - INFO - [getUpdates] JSON{'offset': 23}
2026-04-28 17:02:57,426 - balethon.network.connection - INFO - [getUpdates] JSON{'offset': 23}
2026-04-28 17:02:57,438 - balethon.network.connection - INFO - [getUpdates] JSON{'offset': 23}
2026-04-28 17:02:57,449 - balethon.network.connection - INFO - [getUpdates] JSON{'offset': 23}
2026-04-28 17:02:57,459 - balethon.network.connection - INFO - [getUpdates] JSON{'offset': 23}
2026-04-28 17:02:57,470 - balethon.network.connection - INFO - [getUpdates] JSON{'offset': 23}
2026-04-28 17:02:57,481 - balethon.network.connection - INFO - [getUpdates] JSON{'offset': 23}
2026-04-28 17:02:57,489 - balethon.network.connection - INFO - [getUpdates] JSON{'offset': 23}
2026-04-28 17:02:57,504 - balethon.network.connection - INFO - [getUpdates] JSON{'offset': 23}
2026-04-28 17:02:57,514 - balethon.network.connection - INFO - [getUpdates] JSON{'offset': 23}
2026-04-28 17:02:57,525 - balethon.network.connection - INFO - [getUpdates] JSON{'offset': 23}
2026-04-28 17:02:57,535 - balethon.network.connection - INFO - [getUpdates] JSON{'offset': 23}
2026-04-28 17:02:57,551 - balethon.network.connection - INFO - [getUpdates] JSON{'offset': 23}
2026-04-28 17:02:57,560 - balethon.network.connection - INFO - [getUpdates] JSON{'offset': 23}
2026-04-28 17:02:57,580 - balethon.network.connection - INFO - [getUpdates] JSON{'offset': 23}
2026-04-28 17:02:57,589 - balethon.network.connection - INFO - [getUpdates] JSON{'offset': 23}
2026-04-28 17:02:57,602 - balethon.network.connection - INFO - [getUpdates] JSON{'offset': 23}
2026-04-28 17:02:57,613 - balethon.network.connection - INFO - [getUpdates] JSON{'offset': 23}
2026-04-28 17:02:57,625 - balethon.network.connection - INFO - [getUpdates] JSON{'offset': 23}
2026-04-28 17:02:57,636 - balethon.network.connection - INFO - [getUpdates] JSON{'offset': 23}
2026-04-28 17:02:57,646 - balethon.network.connection - INFO - [getUpdates] JSON{'offset': 23}
2026-04-28 17:02:57,657 - balethon.network.connection - INFO - [getUpdates] JSON{'offset': 23}
2026-04-28 17:02:57,668 - balethon.network.connection - INFO - [getUpdates] JSON{'offset': 23}
2026-04-28 17:02:57,679 - balethon.network.connection - INFO - [getUpdates] JSON{'offset': 23}
2026-04-28 17:02:57,689 - balethon.network.connection - INFO - [getUpdates] JSON{'offset': 23}
2026-04-28 17:02:57,705 - balethon.network.connection - INFO - [getUpdates] JSON{'offset': 23}
2026-04-28 17:02:57,715 - balethon.network.connection - INFO - [getUpdates] JSON{'offset': 23}
2026-04-28 17:02:57,729 - balethon.network.connection - INFO - [getUpdates] JSON{'offset': 23}
2026-04-28 17:02:57,738 - balethon.network.connection - INFO - [getUpdates] JSON{'offset': 23}
2026-04-28 17:02:57,752 - balethon.network.connection - INFO - [getUpdates] JSON{'offset': 23}
2026-04-28 17:02:57,761 - balethon.network.connection - INFO - [getUpdates] JSON{'offset': 23}
2026-04-28 17:02:57,778 - balethon.network.connection - INFO - [getUpdates] JSON{'offset': 23}
2026-04-28 17:02:57,787 - balethon.network.connection - INFO - [getUpdates] JSON{'offset': 23}
2026-04-28 17:02:57,801 - balethon.network.connection - INFO - [getUpdates] JSON{'offset': 23}
2026-04-28 17:02:57,809 - balethon.network.connection - INFO - [getUpdates] JSON{'offset': 23}
2026-04-28 17:02:57,824 - balethon.network.connection - INFO - [getUpdates] JSON{'offset': 23}
2026-04-28 17:02:57,832 - balethon.network.connection - INFO - [getUpdates] JSON{'offset': 23}
2026-04-28 17:02:57,843 - balethon.network.connection - INFO - [getUpdates] JSON{'offset': 23}
2026-04-28 17:02:57,855 - balethon.network.connection - INFO - [getUpdates] JSON{'offset': 23}
2026-04-28 17:02:57,864 - balethon.network.connection - INFO - [getUpdates] JSON{'offset': 23}
2026-04-28 17:02:57,877 - balethon.network.connection - INFO - [getUpdates] JSON{'offset': 23}
2026-04-28 17:02:57,887 - balethon.network.connection - INFO - [getUpdates] JSON{'offset': 23}
2026-04-28 17:02:57,897 - balethon.network.connection - INFO - [getUpdates] JSON{'offset': 23}
2026-04-28 17:02:57,909 - balethon.network.connection - INFO - [getUpdates] JSON{'offset': 23}
2026-04-28 17:02:57,919 - balethon.network.connection - INFO - [getUpdates] JSON{'offset': 23}
2026-04-28 17:02:57,932 - balethon.network.connection - INFO - [getUpdates] JSON{'offset': 23}
2026-04-28 17:02:57,940 - balethon.network.connection - INFO - [getUpdates] JSON{'offset': 23}
2026-04-28 17:02:57,970 - balethon.network.connection - INFO - [getUpdates] JSON{'offset': 23}
2026-04-28 17:02:58,021 - balethon.network.connection - INFO - [getUpdates] JSON{'offset': 23}
2026-04-28 17:02:58,035 - balethon.network.connection - INFO - [getUpdates] JSON{'offset': 23}
2026-04-28 17:02:58,045 - balethon.network.connection - INFO - [getUpdates] JSON{'offset': 23}
2026-04-28 17:02:58,053 - balethon.network.connection - INFO - [getUpdates] JSON{'offset': 23}
2026-04-28 17:02:58,063 - balethon.network.connection - INFO - [getUpdates] JSON{'offset': 23}
2026-04-28 17:02:58,072 - balethon.network.connection - INFO - [getUpdates] JSON{'offset': 23}
2026-04-28 17:02:58,081 - balethon.network.connection - INFO - [getUpdates] JSON{'offset': 23}
2026-04-28 17:02:58,091 - balethon.network.connection - INFO - [getUpdates] JSON{'offset': 23}
2026-04-28 17:02:58,099 - balethon.network.connection - INFO - [getUpdates] JSON{'offset': 23}
2026-04-28 17:02:58,108 - balethon.network.connection - INFO - [getUpdates] JSON{'offset': 23}
2026-04-28 17:02:58,116 - balethon.network.connection - INFO - [getUpdates] JSON{'offset': 23}
2026-04-28 17:02:58,126 - balethon.network.connection - INFO - [getUpdates] JSON{'offset': 23}
2026-04-28 17:02:58,136 - balethon.network.connection - INFO - [getUpdates] JSON{'offset': 23}
2026-04-28 17:02:58,145 - balethon.network.connection - INFO - [getUpdates] JSON{'offset': 23}
2026-04-28 17:02:58,156 - balethon.network.connection - INFO - [getUpdates] JSON{'offset': 23}
2026-04-28 17:02:58,165 - balethon.network.connection - INFO - [getUpdates] JSON{'offset': 23}
2026-04-28 17:02:58,175 - balethon.network.connection - INFO - [getUpdates] JSON{'offset': 23}
2026-04-28 17:02:58,184 - balethon.network.connection - INFO - [getUpdates] JSON{'offset': 23}
2026-04-28 17:02:58,193 - balethon.network.connection - INFO - [getUpdates] JSON{'offset': 23}
2026-04-28 17:02:58,204 - balethon.network.connection - INFO - [getUpdates] JSON{'offset': 23}
2026-04-28 17:02:58,215 - balethon.network.connection - INFO - [getUpdates] JSON{'offset': 23}
2026-04-28 17:02:58,224 - balethon.network.connection - INFO - [getUpdates] JSON{'offset': 23}
2026-04-28 17:02:58,234 - balethon.network.connection - INFO - [getUpdates] JSON{'offset': 23}
2026-04-28 17:02:58,243 - balethon.network.connection - INFO - [getUpdates] JSON{'offset': 23}
2026-04-28 17:02:58,253 - balethon.network.connection - INFO - [getUpdates] JSON{'offset': 23}
2026-04-28 17:02:58,262 - balethon.network.connection - INFO - [getUpdates] JSON{'offset': 23}
2026-04-28 17:02:58,272 - balethon.network.connection - INFO - [getUpdates] JSON{'offset': 23}
2026-04-28 17:02:58,282 - balethon.network.connection - INFO - [getUpdates] JSON{'offset': 23}
2026-04-28 17:02:58,290 - balethon.network.connection - INFO - [getUpdates] JSON{'offset': 23}
2026-04-28 17:02:58,300 - balethon.network.connection - INFO - [getUpdates] JSON{'offset': 23}
2026-04-28 17:02:58,309 - balethon.network.connection - INFO - [getUpdates] JSON{'offset': 23}
2026-04-28 17:02:58,318 - balethon.network.connection - INFO - [getUpdates] JSON{'offset': 23}
2026-04-28 17:02:58,329 - balethon.network.connection - INFO - [getUpdates] JSON{'offset': 23}
2026-04-28 17:02:58,337 - balethon.network.connection - INFO - [getUpdates] JSON{'offset': 23}
2026-04-28 17:02:58,347 - balethon.network.connection - INFO - [getUpdates] JSON{'offset': 23}
2026-04-28 17:02:58,356 - balethon.network.connection - INFO - [getUpdates] JSON{'offset': 23}
2026-04-28 17:02:58,366 - balethon.network.connection - INFO - [getUpdates] JSON{'offset': 23}
2026-04-28 17:02:58,377 - balethon.network.connection - INFO - [getUpdates] JSON{'offset': 23}
2026-04-28 17:02:58,385 - balethon.network.connection - INFO - [getUpdates] JSON{'offset': 23}
2026-04-28 17:02:58,396 - balethon.network.connection - INFO - [getUpdates] JSON{'offset': 23}
2026-04-28 17:02:58,405 - balethon.network.connection - INFO - [getUpdates] JSON{'offset': 23}
2026-04-28 17:02:58,413 - balethon.network.connection - INFO - [getUpdates] JSON{'offset': 23}
2026-04-28 17:02:58,424 - balethon.network.connection - INFO - [getUpdates] JSON{'offset': 23}
2026-04-28 17:02:58,433 - balethon.network.connection - INFO - [getUpdates] JSON{'offset': 23}
2026-04-28 17:02:58,444 - balethon.network.connection - INFO - [getUpdates] JSON{'offset': 23}
2026-04-28 17:02:58,452 - balethon.network.connection - INFO - [getUpdates] JSON{'offset': 23}
2026-04-28 17:02:58,462 - balethon.network.connection - INFO - [getUpdates] JSON{'offset': 23}
2026-04-28 17:02:58,472 - balethon.network.connection - INFO - [getUpdates] JSON{'offset': 23}
2026-04-28 17:02:58,481 - balethon.network.connection - INFO - [getUpdates] JSON{'offset': 23}
2026-04-28 17:02:58,490 - balethon.network.connection - INFO - [getUpdates] JSON{'offset': 23}
2026-04-28 17:02:58,512 - balethon.network.connection - INFO - [getUpdates] JSON{'offset': 23}
2026-04-28 17:02:58,521 - balethon.network.connection - INFO - [getUpdates] JSON{'offset': 23}
2026-04-28 17:02:58,531 - balethon.network.connection - INFO - [getUpdates] JSON{'offset': 23}
2026-04-28 17:02:58,540 - balethon.network.connection - INFO - [getUpdates] JSON{'offset': 23}
2026-04-28 17:02:58,550 - balethon.network.connection - INFO - [getUpdates] JSON{'offset': 23}
2026-04-28 17:02:58,558 - balethon.network.connection - INFO - [getUpdates] JSON{'offset': 23}
2026-04-28 17:02:58,568 - balethon.network.connection - INFO - [getUpdates] JSON{'offset': 23}
2026-04-28 17:02:58,593 - balethon.network.connection - INFO - [getUpdates] JSON{'offset': 23}
2026-04-28 17:02:58,637 - balethon.network.connection - INFO - [getUpdates] JSON{'offset': 23}
2026-04-28 17:02:58,659 - balethon.network.connection - INFO - [getUpdates] JSON{'offset': 23}
2026-04-28 17:02:58,684 - balethon.network.connection - INFO - [getUpdates] JSON{'offset': 23}
2026-04-28 17:02:58,692 - balethon.network.connection - INFO - [getUpdates] JSON{'offset': 23}
2026-04-28 17:02:58,701 - balethon.network.connection - INFO - [getUpdates] JSON{'offset': 23}
2026-04-28 17:02:58,710 - balethon.network.connection - INFO - [getUpdates] JSON{'offset': 23}
2026-04-28 17:02:58,719 - balethon.network.connection - INFO - [getUpdates] JSON{'offset': 23}
2026-04-28 17:02:58,728 - balethon.network.connection - INFO - [getUpdates] JSON{'offset': 23}
2026-04-28 17:02:58,737 - balethon.network.connection - INFO - [getUpdates] JSON{'offset': 23}
2026-04-28 17:02:58,745 - balethon.network.connection - INFO - [getUpdates] JSON{'offset': 23}
2026-04-28 17:02:58,756 - balethon.network.connection - INFO - [getUpdates] JSON{'offset': 23}
2026-04-28 17:02:58,766 - balethon.network.connection - INFO - [getUpdates] JSON{'offset': 23}
2026-04-28 17:02:58,774 - balethon.network.connection - INFO - [getUpdates] JSON{'offset': 23}
2026-04-28 17:02:58,785 - balethon.network.connection - INFO - [getUpdates] JSON{'offset': 23}
2026-04-28 17:02:58,793 - balethon.network.connection - INFO - [getUpdates] JSON{'offset': 23}
2026-04-28 17:02:58,803 - balethon.network.connection - INFO - [getUpdates] JSON{'offset': 23}
2026-04-28 17:02:58,814 - balethon.network.connection - INFO - [getUpdates] JSON{'offset': 23}
2026-04-28 17:02:58,822 - balethon.network.connection - INFO - [getUpdates] JSON{'offset': 23}
2026-04-28 17:02:58,833 - balethon.network.connection - INFO - [getUpdates] JSON{'offset': 23}
2026-04-28 17:02:58,842 - balethon.network.connection - INFO - [getUpdates] JSON{'offset': 23}
2026-04-28 17:02:58,851 - balethon.network.connection - INFO - [getUpdates] JSON{'offset': 23}
2026-04-28 17:02:58,862 - balethon.network.connection - INFO - [getUpdates] JSON{'offset': 23}
2026-04-28 17:02:58,871 - balethon.network.connection - INFO - [getUpdates] JSON{'offset': 23}
2026-04-28 17:02:58,883 - balethon.network.connection - INFO - [getUpdates] JSON{'offset': 23}
2026-04-28 17:02:58,892 - balethon.network.connection - INFO - [getUpdates] JSON{'offset': 23}
2026-04-28 17:02:58,902 - balethon.network.connection - INFO - [getUpdates] JSON{'offset': 23}
2026-04-28 17:02:58,946 - balethon.network.connection - INFO - [getUpdates] JSON{'offset': 23}
2026-04-28 17:02:58,956 - balethon.network.connection - INFO - [getUpdates] JSON{'offset': 23}
2026-04-28 17:02:58,969 - balethon.network.connection - INFO - [getUpdates] JSON{'offset': 23}
2026-04-28 17:02:58,979 - balethon.network.connection - INFO - [getUpdates] JSON{'offset': 23}
2026-04-28 17:02:58,991 - balethon.network.connection - INFO - [getUpdates] JSON{'offset': 23}
2026-04-28 17:02:59,002 - balethon.network.connection - INFO - [getUpdates] JSON{'offset': 23}
2026-04-28 17:02:59,016 - balethon.network.connection - INFO - [getUpdates] JSON{'offset': 23}
2026-04-28 17:02:59,026 - balethon.network.connection - INFO - [getUpdates] JSON{'offset': 23}
2026-04-28 17:02:59,037 - balethon.network.connection - INFO - [getUpdates] JSON{'offset': 23}
2026-04-28 17:02:59,047 - balethon.network.connection - INFO - [getUpdates] JSON{'offset': 23}
2026-04-28 17:02:59,057 - balethon.network.connection - INFO - [getUpdates] JSON{'offset': 23}
2026-04-28 17:02:59,068 - balethon.network.connection - INFO - [getUpdates] JSON{'offset': 23}
2026-04-28 17:02:59,077 - balethon.network.connection - INFO - [getUpdates] JSON{'offset': 23}
2026-04-28 17:02:59,086 - balethon.network.connection - INFO - [getUpdates] JSON{'offset': 23}
2026-04-28 17:02:59,096 - balethon.network.connection - INFO - [getUpdates] JSON{'offset': 23}
2026-04-28 17:02:59,105 - balethon.network.connection - INFO - [getUpdates] JSON{'offset': 23}
2026-04-28 17:02:59,116 - balethon.network.connection - INFO - [getUpdates] JSON{'offset': 23}
2026-04-28 17:02:59,126 - balethon.network.connection - INFO - [getUpdates] JSON{'offset': 23}
2026-04-28 17:02:59,135 - balethon.network.connection - INFO - [getUpdates] JSON{'offset': 23}
2026-04-28 17:02:59,143 - balethon.network.connection - INFO - [getUpdates] JSON{'offset': 23}
2026-04-28 17:02:59,154 - balethon.network.connection - INFO - [getUpdates] JSON{'offset': 23}
2026-04-28 17:02:59,164 - balethon.network.connection - INFO - [getUpdates] JSON{'offset': 23}
2026-04-28 17:02:59,175 - balethon.network.connection - INFO - [getUpdates] JSON{'offset': 23}
2026-04-28 17:02:59,183 - balethon.network.connection - INFO - [getUpdates] JSON{'offset': 23}
2026-04-28 17:02:59,194 - balethon.network.connection - INFO - [getUpdates] JSON{'offset': 23}
2026-04-28 17:02:59,202 - balethon.network.connection - INFO - [getUpdates] JSON{'offset': 23}
2026-04-28 17:02:59,212 - balethon.network.connection - INFO - [getUpdates] JSON{'offset': 23}
2026-04-28 17:02:59,223 - balethon.network.connection - INFO - [getUpdates] JSON{'offset': 23}
2026-04-28 17:02:59,232 - balethon.network.connection - INFO - [getUpdates] JSON{'offset': 23}
2026-04-28 17:02:59,242 - balethon.network.connection - INFO - [getUpdates] JSON{'offset': 23}
2026-04-28 17:02:59,253 - balethon.network.connection - INFO - [getUpdates] JSON{'offset': 23}
2026-04-28 17:02:59,261 - balethon.network.connection - INFO - [getUpdates] JSON{'offset': 23}
2026-04-28 17:02:59,273 - balethon.network.connection - INFO - [getUpdates] JSON{'offset': 23}
2026-04-28 17:02:59,285 - balethon.network.connection - INFO - [getUpdates] JSON{'offset': 23}
2026-04-28 17:02:59,295 - balethon.network.connection - INFO - [getUpdates] JSON{'offset': 23}
2026-04-28 17:02:59,307 - balethon.network.connection - INFO - [getUpdates] JSON{'offset': 23}
2026-04-28 17:02:59,315 - balethon.network.connection - INFO - [getUpdates] JSON{'offset': 23}
2026-04-28 17:02:59,334 - balethon.network.connection - INFO - [getUpdates] JSON{'offset': 23}
2026-04-28 17:02:59,343 - balethon.network.connection - INFO - [getUpdates] JSON{'offset': 23}
2026-04-28 17:02:59,357 - balethon.network.connection - INFO - [getUpdates] JSON{'offset': 23}
2026-04-28 17:02:59,366 - balethon.network.connection - INFO - [getUpdates] JSON{'offset': 23}
2026-04-28 17:02:59,377 - balethon.network.connection - INFO - [getUpdates] JSON{'offset': 23}
2026-04-28 17:02:59,387 - balethon.network.connection - INFO - [getUpdates] JSON{'offset': 23}
2026-04-28 17:02:59,399 - balethon.network.connection - INFO - [getUpdates] JSON{'offset': 23}
2026-04-28 17:02:59,405 - balethon.network.connection - INFO - [getUpdates] JSON{'offset': 23}
2026-04-28 17:02:59,410 - balethon.network.connection - INFO - [getUpdates] JSON{'offset': 23}
2026-04-28 17:02:59,418 - balethon.network.connection - INFO - [getUpdates] JSON{'offset': 23}
2026-04-28 17:02:59,432 - balethon.network.connection - INFO - [getUpdates] JSON{'offset': 23}
2026-04-28 17:02:59,443 - balethon.network.connection - INFO - [getUpdates] JSON{'offset': 23}
2026-04-28 17:02:59,453 - balethon.network.connection - INFO - [getUpdates] JSON{'offset': 23}
2026-04-28 17:02:59,485 - balethon.network.connection - INFO - [getUpdates] JSON{'offset': 23}
2026-04-28 17:02:59,493 - balethon.network.connection - INFO - [getUpdates] JSON{'offset': 23}
2026-04-28 17:02:59,505 - balethon.network.connection - INFO - [getUpdates] JSON{'offset': 23}
2026-04-28 17:02:59,513 - balethon.network.connection - INFO - [getUpdates] JSON{'offset': 23}
2026-04-28 17:02:59,535 - balethon.network.connection - INFO - [getUpdates] JSON{'offset': 23}
2026-04-28 17:02:59,544 - balethon.network.connection - INFO - [getUpdates] JSON{'offset': 23}
2026-04-28 17:02:59,557 - balethon.network.connection - INFO - [getUpdates] JSON{'offset': 23}
2026-04-28 17:02:59,570 - balethon.network.connection - INFO - [getUpdates] JSON{'offset': 23}
2026-04-28 17:02:59,580 - balethon.network.connection - INFO - [getUpdates] JSON{'offset': 23}
2026-04-28 17:02:59,592 - balethon.network.connection - INFO - [getUpdates] JSON{'offset': 23}
2026-04-28 17:02:59,602 - balethon.network.connection - INFO - [getUpdates] JSON{'offset': 23}
2026-04-28 17:02:59,614 - balethon.network.connection - INFO - [getUpdates] JSON{'offset': 23}
2026-04-28 17:02:59,625 - balethon.network.connection - INFO - [getUpdates] JSON{'offset': 23}
2026-04-28 17:02:59,637 - balethon.network.connection - INFO - [getUpdates] JSON{'offset': 23}
2026-04-28 17:02:59,648 - balethon.network.connection - INFO - [getUpdates] JSON{'offset': 23}
2026-04-28 17:02:59,661 - balethon.network.connection - INFO - [getUpdates] JSON{'offset': 23}
2026-04-28 17:02:59,674 - balethon.network.connection - INFO - [getUpdates] JSON{'offset': 23}
2026-04-28 17:02:59,684 - balethon.network.connection - INFO - [getUpdates] JSON{'offset': 23}
2026-04-28 17:02:59,698 - balethon.network.connection - INFO - [getUpdates] JSON{'offset': 23}
2026-04-28 17:02:59,711 - balethon.network.connection - INFO - [getUpdates] JSON{'offset': 23}
2026-04-28 17:02:59,724 - balethon.network.connection - INFO - [getUpdates] JSON{'offset': 23}
2026-04-28 17:02:59,735 - balethon.network.connection - INFO - [getUpdates] JSON{'offset': 23}
2026-04-28 17:02:59,747 - balethon.network.connection - INFO - [getUpdates] JSON{'offset': 23}
2026-04-28 17:02:59,759 - balethon.network.connection - INFO - [getUpdates] JSON{'offset': 23}
2026-04-28 17:02:59,772 - balethon.network.connection - INFO - [getUpdates] JSON{'offset': 23}
2026-04-28 17:02:59,782 - balethon.network.connection - INFO - [getUpdates] JSON{'offset': 23}
2026-04-28 17:02:59,795 - balethon.network.connection - INFO - [getUpdates] JSON{'offset': 23}
2026-04-28 17:02:59,809 - balethon.network.connection - INFO - [getUpdates] JSON{'offset': 23}
2026-04-28 17:02:59,822 - balethon.network.connection - INFO - [getUpdates] JSON{'offset': 23}
2026-04-28 17:02:59,833 - balethon.network.connection - INFO - [getUpdates] JSON{'offset': 23}
2026-04-28 17:02:59,842 - balethon.network.connection - INFO - [getUpdates] JSON{'offset': 23}
2026-04-28 17:02:59,854 - balethon.network.connection - INFO - [getUpdates] JSON{'offset': 23}
2026-04-28 17:02:59,865 - balethon.network.connection - INFO - [getUpdates] JSON{'offset': 23}
2026-04-28 17:02:59,875 - balethon.network.connection - INFO - [getUpdates] JSON{'offset': 23}
2026-04-28 17:02:59,887 - balethon.network.connection - INFO - [getUpdates] JSON{'offset': 23}
2026-04-28 17:02:59,896 - balethon.network.connection - INFO - [getUpdates] JSON{'offset': 23}
2026-04-28 17:02:59,905 - balethon.network.connection - INFO - [getUpdates] JSON{'offset': 23}
2026-04-28 17:02:59,917 - balethon.network.connection - INFO - [getUpdates] JSON{'offset': 23}
2026-04-28 17:02:59,926 - balethon.network.connection - INFO - [getUpdates] JSON{'offset': 23}
2026-04-28 17:02:59,937 - balethon.network.connection - INFO - [getUpdates] JSON{'offset': 23}
2026-04-28 17:02:59,948 - balethon.network.connection - INFO - [getUpdates] JSON{'offset': 23}
2026-04-28 17:02:59,957 - balethon.network.connection - INFO - [getUpdates] JSON{'offset': 23}
2026-04-28 17:02:59,966 - balethon.network.connection - INFO - [getUpdates] JSON{'offset': 23}
2026-04-28 17:02:59,983 - balethon.network.connection - INFO - [getUpdates] JSON{'offset': 23}
2026-04-28 17:02:59,993 - balethon.network.connection - INFO - [getUpdates] JSON{'offset': 23}
2026-04-28 17:03:00,002 - balethon.network.connection - INFO - [getUpdates] JSON{'offset': 23}
2026-04-28 17:03:00,016 - balethon.network.connection - INFO - [getUpdates] JSON{'offset': 23}
2026-04-28 17:03:00,026 - balethon.network.connection - INFO - [getUpdates] JSON{'offset': 23}
2026-04-28 17:03:00,036 - balethon.network.connection - INFO - [getUpdates] JSON{'offset': 23}
2026-04-28 17:03:00,045 - balethon.network.connection - INFO - [getUpdates] JSON{'offset': 23}
2026-04-28 17:03:00,054 - balethon.network.connection - INFO - [getUpdates] JSON{'offset': 23}
2026-04-28 17:03:00,063 - balethon.network.connection - INFO - [getUpdates] JSON{'offset': 23}
2026-04-28 17:03:00,072 - balethon.network.connection - INFO - [getUpdates] JSON{'offset': 23}
2026-04-28 17:03:00,081 - balethon.network.connection - INFO - [getUpdates] JSON{'offset': 23}
2026-04-28 17:03:00,093 - balethon.network.connection - INFO - [getUpdates] JSON{'offset': 23}
2026-04-28 17:03:00,101 - balethon.network.connection - INFO - [getUpdates] JSON{'offset': 23}
2026-04-28 17:03:00,111 - balethon.network.connection - INFO - [getUpdates] JSON{'offset': 23}
2026-04-28 17:03:00,120 - balethon.network.connection - INFO - [getUpdates] JSON{'offset': 23}
2026-04-28 17:03:00,130 - balethon.network.connection - INFO - [getUpdates] JSON{'offset': 23}
2026-04-28 17:03:00,140 - balethon.network.connection - INFO - [getUpdates] JSON{'offset': 23}
2026-04-28 17:03:00,149 - balethon.network.connection - INFO - [getUpdates] JSON{'offset': 23}
2026-04-28 17:03:00,159 - balethon.network.connection - INFO - [getUpdates] JSON{'offset': 23}
2026-04-28 17:03:00,170 - balethon.network.connection - INFO - [getUpdates] JSON{'offset': 23}
2026-04-28 17:03:00,181 - balethon.network.connection - INFO - [getUpdates] JSON{'offset': 23}
2026-04-28 17:03:00,189 - balethon.network.connection - INFO - [getUpdates] JSON{'offset': 23}
2026-04-28 17:03:00,200 - balethon.network.connection - INFO - [getUpdates] JSON{'offset': 23}
2026-04-28 17:03:00,208 - balethon.network.connection - INFO - [getUpdates] JSON{'offset': 23}
2026-04-28 17:03:00,218 - balethon.network.connection - INFO - [getUpdates] JSON{'offset': 23}
2026-04-28 17:03:00,227 - balethon.network.connection - INFO - [getUpdates] JSON{'offset': 23}
2026-04-28 17:03:00,236 - balethon.network.connection - INFO - [getUpdates] JSON{'offset': 23}
2026-04-28 17:03:00,246 - balethon.network.connection - INFO - [getUpdates] JSON{'offset': 23}
2026-04-28 17:03:00,254 - balethon.network.connection - INFO - [getUpdates] JSON{'offset': 23}
2026-04-28 17:03:00,264 - balethon.network.connection - INFO - [getUpdates] JSON{'offset': 23}
2026-04-28 17:03:00,273 - balethon.network.connection - INFO - [getUpdates] JSON{'offset': 23}
2026-04-28 17:03:00,281 - balethon.network.connection - INFO - [getUpdates] JSON{'offset': 23}
2026-04-28 17:03:00,291 - balethon.network.connection - INFO - [getUpdates] JSON{'offset': 23}
2026-04-28 17:03:00,300 - balethon.network.connection - INFO - [getUpdates] JSON{'offset': 23}
2026-04-28 17:03:00,313 - balethon.network.connection - INFO - [getUpdates] JSON{'offset': 23}
2026-04-28 17:03:00,322 - balethon.network.connection - INFO - [getUpdates] JSON{'offset': 23}
2026-04-28 17:03:00,341 - balethon.network.connection - INFO - [getUpdates] JSON{'offset': 23}
2026-04-28 17:03:00,350 - balethon.network.connection - INFO - [getUpdates] JSON{'offset': 23}
2026-04-28 17:03:00,362 - balethon.network.connection - INFO - [getUpdates] JSON{'offset': 23}
2026-04-28 17:03:00,373 - balethon.network.connection - INFO - [getUpdates] JSON{'offset': 23}
2026-04-28 17:03:00,383 - balethon.network.connection - INFO - [getUpdates] JSON{'offset': 23}
2026-04-28 17:03:00,392 - balethon.network.connection - INFO - [getUpdates] JSON{'offset': 23}
2026-04-28 17:03:00,403 - balethon.network.connection - INFO - [getUpdates] JSON{'offset': 23}
2026-04-28 17:03:00,411 - balethon.network.connection - INFO - [getUpdates] JSON{'offset': 23}
2026-04-28 17:03:00,422 - balethon.network.connection - INFO - [getUpdates] JSON{'offset': 23}
2026-04-28 17:03:00,431 - balethon.network.connection - INFO - [getUpdates] JSON{'offset': 23}
2026-04-28 17:03:00,444 - balethon.network.connection - INFO - [getUpdates] JSON{'offset': 23}
2026-04-28 17:03:00,454 - balethon.network.connection - INFO - [getUpdates] JSON{'offset': 23}
2026-04-28 17:03:00,466 - balethon.network.connection - INFO - [getUpdates] JSON{'offset': 23}
2026-04-28 17:03:00,477 - balethon.network.connection - INFO - [getUpdates] JSON{'offset': 23}
2026-04-28 17:03:00,487 - balethon.network.connection - INFO - [getUpdates] JSON{'offset': 23}
2026-04-28 17:03:00,497 - balethon.network.connection - INFO - [getUpdates] JSON{'offset': 23}
2026-04-28 17:03:00,507 - balethon.network.connection - INFO - [getUpdates] JSON{'offset': 23}
2026-04-28 17:03:00,517 - balethon.network.connection - INFO - [getUpdates] JSON{'offset': 23}
2026-04-28 17:03:00,528 - balethon.network.connection - INFO - [getUpdates] JSON{'offset': 23}
2026-04-28 17:03:00,537 - balethon.network.connection - INFO - [getUpdates] JSON{'offset': 23}
2026-04-28 17:03:00,547 - balethon.network.connection - INFO - [getUpdates] JSON{'offset': 23}
2026-04-28 17:03:00,558 - balethon.network.connection - INFO - [getUpdates] JSON{'offset': 23}
2026-04-28 17:03:00,566 - balethon.network.connection - INFO - [getUpdates] JSON{'offset': 23}
2026-04-28 17:03:00,577 - balethon.network.connection - INFO - [getUpdates] JSON{'offset': 23}
2026-04-28 17:03:00,585 - balethon.network.connection - INFO - [getUpdates] JSON{'offset': 23}
2026-04-28 17:03:00,599 - balethon.network.connection - INFO - [getUpdates] JSON{'offset': 23}
2026-04-28 17:03:00,609 - balethon.network.connection - INFO - [getUpdates] JSON{'offset': 23}
2026-04-28 17:03:00,622 - balethon.network.connection - INFO - [getUpdates] JSON{'offset': 23}
2026-04-28 17:03:00,655 - balethon.network.connection - INFO - [getUpdates] JSON{'offset': 23}
2026-04-28 17:03:00,668 - balethon.network.connection - INFO - [getUpdates] JSON{'offset': 23}
2026-04-28 17:03:00,678 - balethon.network.connection - INFO - [getUpdates] JSON{'offset': 23}
2026-04-28 17:03:00,689 - balethon.network.connection - INFO - [getUpdates] JSON{'offset': 23}
2026-04-28 17:03:00,698 - balethon.network.connection - INFO - [getUpdates] JSON{'offset': 23}
2026-04-28 17:03:00,707 - balethon.network.connection - INFO - [getUpdates] JSON{'offset': 23}
2026-04-28 17:03:00,717 - balethon.network.connection - INFO - [getUpdates] JSON{'offset': 23}
2026-04-28 17:03:00,726 - balethon.network.connection - INFO - [getUpdates] JSON{'offset': 23}
2026-04-28 17:03:00,738 - balethon.network.connection - INFO - [getUpdates] JSON{'offset': 23}
2026-04-28 17:03:00,749 - balethon.network.connection - INFO - [getUpdates] JSON{'offset': 23}
2026-04-28 17:03:00,759 - balethon.network.connection - INFO - [getUpdates] JSON{'offset': 23}
2026-04-28 17:03:00,770 - balethon.network.connection - INFO - [getUpdates] JSON{'offset': 23}
2026-04-28 17:03:00,780 - balethon.network.connection - INFO - [getUpdates] JSON{'offset': 23}
2026-04-28 17:03:00,797 - balethon.network.connection - INFO - [getUpdates] JSON{'offset': 23}
2026-04-28 17:03:00,817 - balethon.network.connection - INFO - [getUpdates] JSON{'offset': 23}
2026-04-28 17:03:00,828 - balethon.network.connection - INFO - [getUpdates] JSON{'offset': 23}
2026-04-28 17:03:00,840 - balethon.network.connection - INFO - [getUpdates] JSON{'offset': 23}
2026-04-28 17:03:00,850 - balethon.network.connection - INFO - [getUpdates] JSON{'offset': 23}
2026-04-28 17:03:00,861 - balethon.network.connection - INFO - [getUpdates] JSON{'offset': 23}
2026-04-28 17:03:00,871 - balethon.network.connection - INFO - [getUpdates] JSON{'offset': 23}
2026-04-28 17:03:00,879 - balethon.network.connection - INFO - [getUpdates] JSON{'offset': 23}
2026-04-28 17:03:00,890 - balethon.network.connection - INFO - [getUpdates] JSON{'offset': 23}
2026-04-28 17:03:00,900 - balethon.network.connection - INFO - [getUpdates] JSON{'offset': 23}
2026-04-28 17:03:00,910 - balethon.network.connection - INFO - [getUpdates] JSON{'offset': 23}
2026-04-28 17:03:00,920 - balethon.network.connection - INFO - [getUpdates] JSON{'offset': 23}
2026-04-28 17:03:00,928 - balethon.network.connection - INFO - [getUpdates] JSON{'offset': 23}
2026-04-28 17:03:00,938 - balethon.network.connection - INFO - [getUpdates] JSON{'offset': 23}
2026-04-28 17:03:00,947 - balethon.network.connection - INFO - [getUpdates] JSON{'offset': 23}
2026-04-28 17:03:00,957 - balethon.network.connection - INFO - [getUpdates] JSON{'offset': 23}
2026-04-28 17:03:00,968 - balethon.network.connection - INFO - [getUpdates] JSON{'offset': 23}
2026-04-28 17:03:00,978 - balethon.network.connection - INFO - [getUpdates] JSON{'offset': 23}
2026-04-28 17:03:00,988 - balethon.network.connection - INFO - [getUpdates] JSON{'offset': 23}
2026-04-28 17:03:01,001 - balethon.network.connection - INFO - [getUpdates] JSON{'offset': 23}
2026-04-28 17:03:01,012 - balethon.network.connection - INFO - [getUpdates] JSON{'offset': 23}
2026-04-28 17:03:01,022 - balethon.network.connection - INFO - [getUpdates] JSON{'offset': 23}
2026-04-28 17:03:01,035 - balethon.network.connection - INFO - [getUpdates] JSON{'offset': 23}
2026-04-28 17:03:01,052 - balethon.network.connection - INFO - [getUpdates] JSON{'offset': 23}
2026-04-28 17:03:01,062 - balethon.network.connection - INFO - [getUpdates] JSON{'offset': 23}
2026-04-28 17:03:01,073 - balethon.network.connection - INFO - [getUpdates] JSON{'offset': 23}
2026-04-28 17:03:01,084 - balethon.network.connection - INFO - [getUpdates] JSON{'offset': 23}
2026-04-28 17:03:01,095 - balethon.network.connection - INFO - [getUpdates] JSON{'offset': 23}
2026-04-28 17:03:01,106 - balethon.network.connection - INFO - [getUpdates] JSON{'offset': 23}
2026-04-28 17:03:01,117 - balethon.network.connection - INFO - [getUpdates] JSON{'offset': 23}
2026-04-28 17:03:01,126 - balethon.network.connection - INFO - [getUpdates] JSON{'offset': 23}
2026-04-28 17:03:01,139 - balethon.network.connection - INFO - [getUpdates] JSON{'offset': 23}
2026-04-28 17:03:01,149 - balethon.network.connection - INFO - [getUpdates] JSON{'offset': 23}
2026-04-28 17:03:01,158 - balethon.network.connection - INFO - [getUpdates] JSON{'offset': 23}
2026-04-28 17:03:01,169 - balethon.network.connection - INFO - [getUpdates] JSON{'offset': 23}
2026-04-28 17:03:01,178 - balethon.network.connection - INFO - [getUpdates] JSON{'offset': 23}
2026-04-28 17:03:01,188 - balethon.network.connection - INFO - [getUpdates] JSON{'offset': 23}
2026-04-28 17:03:01,198 - balethon.network.connection - INFO - [getUpdates] JSON{'offset': 23}
2026-04-28 17:03:01,207 - balethon.network.connection - INFO - [getUpdates] JSON{'offset': 23}
2026-04-28 17:03:01,223 - balethon.network.connection - INFO - [getUpdates] JSON{'offset': 23}
2026-04-28 17:03:01,232 - balethon.network.connection - INFO - [getUpdates] JSON{'offset': 23}
2026-04-28 17:03:01,241 - balethon.network.connection - INFO - [getUpdates] JSON{'offset': 23}
2026-04-28 17:03:01,250 - balethon.network.connection - INFO - [getUpdates] JSON{'offset': 23}
2026-04-28 17:03:01,262 - balethon.network.connection - INFO - [getUpdates] JSON{'offset': 23}
2026-04-28 17:03:01,270 - balethon.network.connection - INFO - [getUpdates] JSON{'offset': 23}
2026-04-28 17:03:01,279 - balethon.network.connection - INFO - [getUpdates] JSON{'offset': 23}
2026-04-28 17:03:01,288 - balethon.network.connection - INFO - [getUpdates] JSON{'offset': 23}
2026-04-28 17:03:01,299 - balethon.network.connection - INFO - [getUpdates] JSON{'offset': 23}
2026-04-28 17:03:01,310 - balethon.network.connection - INFO - [getUpdates] JSON{'offset': 23}
2026-04-28 17:03:01,322 - balethon.network.connection - INFO - [getUpdates] JSON{'offset': 23}
2026-04-28 17:03:08,601 - httpx - INFO - HTTP Request: POST https://tapi.bale.ai/bot2029474166:MzkMDmPbKHhF6JT0Dn9AYuq84mnTq20L1wk/getUpdates "HTTP/1.1 200 OK"
2026-04-28 17:03:08,605 - balethon.network.connection - INFO - [getUpdates] JSON{'offset': 23}
2026-04-28 17:03:13,636 - httpx - INFO - HTTP Request: POST https://tapi.bale.ai/bot2029474166:MzkMDmPbKHhF6JT0Dn9AYuq84mnTq20L1wk/getUpdates "HTTP/1.1 200 OK"
2026-04-28 17:03:13,642 - balethon.network.connection - INFO - [getUpdates] JSON{'offset': 23}
2026-04-28 17:03:18,676 - httpx - INFO - HTTP Request: POST https://tapi.bale.ai/bot2029474166:MzkMDmPbKHhF6JT0Dn9AYuq84mnTq20L1wk/getUpdates "HTTP/1.1 200 OK"
2026-04-28 17:03:18,682 - balethon.network.connection - INFO - [getUpdates] JSON{'offset': 23}
2026-04-28 17:03:23,702 - httpx - INFO - HTTP Request: POST https://tapi.bale.ai/bot2029474166:MzkMDmPbKHhF6JT0Dn9AYuq84mnTq20L1wk/getUpdates "HTTP/1.1 200 OK"
2026-04-28 17:03:23,709 - balethon.network.connection - INFO - [getUpdates] JSON{'offset': 23}
2026-04-28 17:03:28,793 - httpx - INFO - HTTP Request: POST https://tapi.bale.ai/bot2029474166:MzkMDmPbKHhF6JT0Dn9AYuq84mnTq20L1wk/getUpdates "HTTP/1.1 200 OK"
2026-04-28 17:03:28,814 - balethon.network.connection - INFO - [getUpdates] JSON{'offset': 23}
2026-04-28 17:03:33,906 - httpx - INFO - HTTP Request: POST https://tapi.bale.ai/bot2029474166:MzkMDmPbKHhF6JT0Dn9AYuq84mnTq20L1wk/getUpdates "HTTP/1.1 200 OK"
2026-04-28 17:03:33,930 - balethon.network.connection - INFO - [getUpdates] JSON{'offset': 23}
2026-04-28 17:03:39,012 - httpx - INFO - HTTP Request: POST https://tapi.bale.ai/bot2029474166:MzkMDmPbKHhF6JT0Dn9AYuq84mnTq20L1wk/getUpdates "HTTP/1.1 200 OK"
2026-04-28 17:03:39,020 - balethon.network.connection - INFO - [getUpdates] JSON{'offset': 23}
2026-04-28 17:03:44,036 - httpx - INFO - HTTP Request: POST https://tapi.bale.ai/bot2029474166:MzkMDmPbKHhF6JT0Dn9AYuq84mnTq20L1wk/getUpdates "HTTP/1.1 200 OK"
2026-04-28 17:03:44,049 - balethon.network.connection - INFO - [getUpdates] JSON{'offset': 23}
2026-04-28 17:03:49,135 - httpx - INFO - HTTP Request: POST https://tapi.bale.ai/bot2029474166:MzkMDmPbKHhF6JT0Dn9AYuq84mnTq20L1wk/getUpdates "HTTP/1.1 200 OK"
2026-04-28 17:03:49,148 - balethon.network.connection - INFO - [getUpdates] JSON{'offset': 23}
2026-04-28 17:03:54,214 - httpx - INFO - HTTP Request: POST https://tapi.bale.ai/bot2029474166:MzkMDmPbKHhF6JT0Dn9AYuq84mnTq20L1wk/getUpdates "HTTP/1.1 200 OK"
2026-04-28 17:03:54,227 - balethon.network.connection - INFO - [getUpdates] JSON{'offset': 23}
2026-04-28 17:03:59,256 - httpx - INFO - HTTP Request: POST https://tapi.bale.ai/bot2029474166:MzkMDmPbKHhF6JT0Dn9AYuq84mnTq20L1wk/getUpdates "HTTP/1.1 200 OK"
2026-04-28 17:03:59,269 - balethon.network.connection - INFO - [getUpdates] JSON{'offset': 23}
2026-04-28 17:04:04,307 - httpx - INFO - HTTP Request: POST https://tapi.bale.ai/bot2029474166:MzkMDmPbKHhF6JT0Dn9AYuq84mnTq20L1wk/getUpdates "HTTP/1.1 200 OK"
2026-04-28 17:04:04,321 - balethon.network.connection - INFO - [getUpdates] JSON{'offset': 23}
2026-04-28 17:04:09,354 - httpx - INFO - HTTP Request: POST https://tapi.bale.ai/bot2029474166:MzkMDmPbKHhF6JT0Dn9AYuq84mnTq20L1wk/getUpdates "HTTP/1.1 200 OK"
2026-04-28 17:04:09,368 - balethon.network.connection - INFO - [getUpdates] JSON{'offset': 23}
2026-04-28 17:04:14,403 - httpx - INFO - HTTP Request: POST https://tapi.bale.ai/bot2029474166:MzkMDmPbKHhF6JT0Dn9AYuq84mnTq20L1wk/getUpdates "HTTP/1.1 200 OK"
2026-04-28 17:04:14,410 - balethon.network.connection - INFO - [getUpdates] JSON{'offset': 23}
2026-04-28 17:04:19,442 - httpx - INFO - HTTP Request: POST https://tapi.bale.ai/bot2029474166:MzkMDmPbKHhF6JT0Dn9AYuq84mnTq20L1wk/getUpdates "HTTP/1.1 200 OK"
2026-04-28 17:04:19,461 - balethon.network.connection - INFO - [getUpdates] JSON{'offset': 23}
2026-04-28 17:04:24,503 - httpx - INFO - HTTP Request: POST https://tapi.bale.ai/bot2029474166:MzkMDmPbKHhF6JT0Dn9AYuq84mnTq20L1wk/getUpdates "HTTP/1.1 200 OK"
2026-04-28 17:04:24,519 - balethon.network.connection - INFO - [getUpdates] JSON{'offset': 23}
2026-04-28 17:04:29,540 - httpx - INFO - HTTP Request: POST https://tapi.bale.ai/bot2029474166:MzkMDmPbKHhF6JT0Dn9AYuq84mnTq20L1wk/getUpdates "HTTP/1.1 200 OK"
2026-04-28 17:04:29,550 - balethon.network.connection - INFO - [getUpdates] JSON{'offset': 23}
2026-04-28 17:04:34,566 - httpx - INFO - HTTP Request: POST https://tapi.bale.ai/bot2029474166:MzkMDmPbKHhF6JT0Dn9AYuq84mnTq20L1wk/getUpdates "HTTP/1.1 200 OK"
2026-04-28 17:04:34,581 - balethon.network.connection - INFO - [getUpdates] JSON{'offset': 23}
2026-04-28 17:04:39,638 - httpx - INFO - HTTP Request: POST https://tapi.bale.ai/bot2029474166:MzkMDmPbKHhF6JT0Dn9AYuq84mnTq20L1wk/getUpdates "HTTP/1.1 200 OK"
2026-04-28 17:04:39,651 - balethon.network.connection - INFO - [getUpdates] JSON{'offset': 23}
2026-04-28 17:04:44,686 - httpx - INFO - HTTP Request: POST https://tapi.bale.ai/bot2029474166:MzkMDmPbKHhF6JT0Dn9AYuq84mnTq20L1wk/getUpdates "HTTP/1.1 200 OK"
2026-04-28 17:04:44,701 - balethon.network.connection - INFO - [getUpdates] JSON{'offset': 23}
2026-04-28 17:04:49,749 - httpx - INFO - HTTP Request: POST https://tapi.bale.ai/bot2029474166:MzkMDmPbKHhF6JT0Dn9AYuq84mnTq20L1wk/getUpdates "HTTP/1.1 200 OK"
2026-04-28 17:04:49,764 - balethon.network.connection - INFO - [getUpdates] JSON{'offset': 23}
2026-04-28 17:04:54,813 - httpx - INFO - HTTP Request: POST https://tapi.bale.ai/bot2029474166:MzkMDmPbKHhF6JT0Dn9AYuq84mnTq20L1wk/getUpdates "HTTP/1.1 200 OK"
2026-04-28 17:04:54,832 - balethon.network.connection - INFO - [getUpdates] JSON{'offset': 23}
2026-04-28 17:04:59,855 - httpx - INFO - HTTP Request: POST https://tapi.bale.ai/bot2029474166:MzkMDmPbKHhF6JT0Dn9AYuq84mnTq20L1wk/getUpdates "HTTP/1.1 200 OK"
2026-04-28 17:04:59,867 - balethon.network.connection - INFO - [getUpdates] JSON{'offset': 23}
2026-04-28 17:05:04,891 - httpx - INFO - HTTP Request: POST https://tapi.bale.ai/bot2029474166:MzkMDmPbKHhF6JT0Dn9AYuq84mnTq20L1wk/getUpdates "HTTP/1.1 200 OK"
2026-04-28 17:05:04,912 - balethon.network.connection - INFO - [getUpdates] JSON{'offset': 23}
2026-04-28 17:05:09,934 - httpx - INFO - HTTP Request: POST https://tapi.bale.ai/bot2029474166:MzkMDmPbKHhF6JT0Dn9AYuq84mnTq20L1wk/getUpdates "HTTP/1.1 200 OK"
2026-04-28 17:05:09,947 - balethon.network.connection - INFO - [getUpdates] JSON{'offset': 23}
2026-04-28 17:05:15,033 - httpx - INFO - HTTP Request: POST https://tapi.bale.ai/bot2029474166:MzkMDmPbKHhF6JT0Dn9AYuq84mnTq20L1wk/getUpdates "HTTP/1.1 200 OK"
2026-04-28 17:05:15,047 - balethon.network.connection - INFO - [getUpdates] JSON{'offset': 23}
2026-04-28 17:05:20,125 - httpx - INFO - HTTP Request: POST https://tapi.bale.ai/bot2029474166:MzkMDmPbKHhF6JT0Dn9AYuq84mnTq20L1wk/getUpdates "HTTP/1.1 200 OK"
2026-04-28 17:05:20,139 - balethon.network.connection - INFO - [getUpdates] JSON{'offset': 23}
2026-04-28 17:05:25,160 - httpx - INFO - HTTP Request: POST https://tapi.bale.ai/bot2029474166:MzkMDmPbKHhF6JT0Dn9AYuq84mnTq20L1wk/getUpdates "HTTP/1.1 200 OK"
2026-04-28 17:05:25,169 - balethon.network.connection - INFO - [getUpdates] JSON{'offset': 23}
2026-04-28 17:05:30,196 - httpx - INFO - HTTP Request: POST https://tapi.bale.ai/bot2029474166:MzkMDmPbKHhF6JT0Dn9AYuq84mnTq20L1wk/getUpdates "HTTP/1.1 200 OK"
2026-04-28 17:05:30,207 - balethon.network.connection - INFO - [getUpdates] JSON{'offset': 23}
2026-04-28 17:05:35,230 - httpx - INFO - HTTP Request: POST https://tapi.bale.ai/bot2029474166:MzkMDmPbKHhF6JT0Dn9AYuq84mnTq20L1wk/getUpdates "HTTP/1.1 200 OK"
2026-04-28 17:05:35,256 - balethon.network.connection - INFO - [getUpdates] JSON{'offset': 23}
2026-04-28 17:05:40,275 - httpx - INFO - HTTP Request: POST https://tapi.bale.ai/bot2029474166:MzkMDmPbKHhF6JT0Dn9AYuq84mnTq20L1wk/getUpdates "HTTP/1.1 200 OK"
2026-04-28 17:05:40,288 - balethon.network.connection - INFO - [getUpdates] JSON{'offset': 23}
2026-04-28 17:05:45,305 - httpx - INFO - HTTP Request: POST https://tapi.bale.ai/bot2029474166:MzkMDmPbKHhF6JT0Dn9AYuq84mnTq20L1wk/getUpdates "HTTP/1.1 200 OK"
2026-04-28 17:05:45,319 - balethon.network.connection - INFO - [getUpdates] JSON{'offset': 23}
2026-04-28 17:05:50,334 - httpx - INFO - HTTP Request: POST https://tapi.bale.ai/bot2029474166:MzkMDmPbKHhF6JT0Dn9AYuq84mnTq20L1wk/getUpdates "HTTP/1.1 200 OK"
2026-04-28 17:05:50,339 - balethon.network.connection - INFO - [getUpdates] JSON{'offset': 23}
2026-04-28 17:05:55,357 - httpx - INFO - HTTP Request: POST https://tapi.bale.ai/bot2029474166:MzkMDmPbKHhF6JT0Dn9AYuq84mnTq20L1wk/getUpdates "HTTP/1.1 200 OK"
2026-04-28 17:05:55,364 - balethon.network.connection - INFO - [getUpdates] JSON{'offset': 23}
2026-04-28 17:06:00,378 - httpx - INFO - HTTP Request: POST https://tapi.bale.ai/bot2029474166:MzkMDmPbKHhF6JT0Dn9AYuq84mnTq20L1wk/getUpdates "HTTP/1.1 200 OK"
2026-04-28 17:06:00,386 - balethon.network.connection - INFO - [getUpdates] JSON{'offset': 23}
2026-04-28 17:06:05,442 - httpx - INFO - HTTP Request: POST https://tapi.bale.ai/bot2029474166:MzkMDmPbKHhF6JT0Dn9AYuq84mnTq20L1wk/getUpdates "HTTP/1.1 200 OK"
2026-04-28 17:06:05,453 - balethon.network.connection - INFO - [getUpdates] JSON{'offset': 23}
2026-04-28 17:06:10,533 - httpx - INFO - HTTP Request: POST https://tapi.bale.ai/bot2029474166:MzkMDmPbKHhF6JT0Dn9AYuq84mnTq20L1wk/getUpdates "HTTP/1.1 200 OK"
2026-04-28 17:06:10,541 - balethon.network.connection - INFO - [getUpdates] JSON{'offset': 23}
2026-04-28 17:06:15,556 - httpx - INFO - HTTP Request: POST https://tapi.bale.ai/bot2029474166:MzkMDmPbKHhF6JT0Dn9AYuq84mnTq20L1wk/getUpdates "HTTP/1.1 200 OK"
2026-04-28 17:06:15,570 - balethon.network.connection - INFO - [getUpdates] JSON{'offset': 23}
2026-04-28 17:06:20,588 - httpx - INFO - HTTP Request: POST https://tapi.bale.ai/bot2029474166:MzkMDmPbKHhF6JT0Dn9AYuq84mnTq20L1wk/getUpdates "HTTP/1.1 200 OK"
2026-04-28 17:06:20,600 - balethon.network.connection - INFO - [getUpdates] JSON{'offset': 23}
2026-04-28 17:06:25,622 - httpx - INFO - HTTP Request: POST https://tapi.bale.ai/bot2029474166:MzkMDmPbKHhF6JT0Dn9AYuq84mnTq20L1wk/getUpdates "HTTP/1.1 200 OK"
2026-04-28 17:06:25,636 - balethon.network.connection - INFO - [getUpdates] JSON{'offset': 23}
2026-04-28 17:06:30,721 - httpx - INFO - HTTP Request: POST https://tapi.bale.ai/bot2029474166:MzkMDmPbKHhF6JT0Dn9AYuq84mnTq20L1wk/getUpdates "HTTP/1.1 200 OK"
2026-04-28 17:06:30,729 - balethon.network.connection - INFO - [getUpdates] JSON{'offset': 23}
2026-04-28 17:06:35,758 - httpx - INFO - HTTP Request: POST https://tapi.bale.ai/bot2029474166:MzkMDmPbKHhF6JT0Dn9AYuq84mnTq20L1wk/getUpdates "HTTP/1.1 200 OK"
2026-04-28 17:06:35,773 - balethon.network.connection - INFO - [getUpdates] JSON{'offset': 23}
2026-04-28 17:06:40,790 - httpx - INFO - HTTP Request: POST https://tapi.bale.ai/bot2029474166:MzkMDmPbKHhF6JT0Dn9AYuq84mnTq20L1wk/getUpdates "HTTP/1.1 200 OK"
2026-04-28 17:06:40,804 - balethon.network.connection - INFO - [getUpdates] JSON{'offset': 23}
2026-04-28 17:06:45,837 - httpx - INFO - HTTP Request: POST https://tapi.bale.ai/bot2029474166:MzkMDmPbKHhF6JT0Dn9AYuq84mnTq20L1wk/getUpdates "HTTP/1.1 200 OK"
2026-04-28 17:06:45,852 - balethon.network.connection - INFO - [getUpdates] JSON{'offset': 23}
2026-04-28 17:06:50,869 - httpx - INFO - HTTP Request: POST https://tapi.bale.ai/bot2029474166:MzkMDmPbKHhF6JT0Dn9AYuq84mnTq20L1wk/getUpdates "HTTP/1.1 200 OK"
2026-04-28 17:06:50,878 - balethon.network.connection - INFO - [getUpdates] JSON{'offset': 23}
2026-04-28 17:06:55,906 - httpx - INFO - HTTP Request: POST https://tapi.bale.ai/bot2029474166:MzkMDmPbKHhF6JT0Dn9AYuq84mnTq20L1wk/getUpdates "HTTP/1.1 200 OK"
2026-04-28 17:06:55,923 - balethon.network.connection - INFO - [getUpdates] JSON{'offset': 23}
2026-04-28 17:07:00,939 - httpx - INFO - HTTP Request: POST https://tapi.bale.ai/bot2029474166:MzkMDmPbKHhF6JT0Dn9AYuq84mnTq20L1wk/getUpdates "HTTP/1.1 200 OK"
2026-04-28 17:07:00,945 - balethon.network.connection - INFO - [getUpdates] JSON{'offset': 23}
2026-04-28 17:07:06,006 - httpx - INFO - HTTP Request: POST https://tapi.bale.ai/bot2029474166:MzkMDmPbKHhF6JT0Dn9AYuq84mnTq20L1wk/getUpdates "HTTP/1.1 200 OK"
2026-04-28 17:07:06,016 - balethon.network.connection - INFO - [getUpdates] JSON{'offset': 23}
2026-04-28 17:07:11,033 - httpx - INFO - HTTP Request: POST https://tapi.bale.ai/bot2029474166:MzkMDmPbKHhF6JT0Dn9AYuq84mnTq20L1wk/getUpdates "HTTP/1.1 200 OK"
2026-04-28 17:07:11,046 - balethon.network.connection - INFO - [getUpdates] JSON{'offset': 23}
2026-04-28 17:07:16,115 - httpx - INFO - HTTP Request: POST https://tapi.bale.ai/bot2029474166:MzkMDmPbKHhF6JT0Dn9AYuq84mnTq20L1wk/getUpdates "HTTP/1.1 200 OK"
2026-04-28 17:07:16,128 - balethon.network.connection - INFO - [getUpdates] JSON{'offset': 23}
2026-04-28 17:07:21,146 - httpx - INFO - HTTP Request: POST https://tapi.bale.ai/bot2029474166:MzkMDmPbKHhF6JT0Dn9AYuq84mnTq20L1wk/getUpdates "HTTP/1.1 200 OK"
2026-04-28 17:07:21,156 - balethon.network.connection - INFO - [getUpdates] JSON{'offset': 23}
2026-04-28 17:07:26,206 - httpx - INFO - HTTP Request: POST https://tapi.bale.ai/bot2029474166:MzkMDmPbKHhF6JT0Dn9AYuq84mnTq20L1wk/getUpdates "HTTP/1.1 200 OK"
2026-04-28 17:07:26,215 - balethon.network.connection - INFO - [getUpdates] JSON{'offset': 23}
2026-04-28 17:07:31,233 - httpx - INFO - HTTP Request: POST https://tapi.bale.ai/bot2029474166:MzkMDmPbKHhF6JT0Dn9AYuq84mnTq20L1wk/getUpdates "HTTP/1.1 200 OK"
2026-04-28 17:07:31,247 - balethon.network.connection - INFO - [getUpdates] JSON{'offset': 23}
2026-04-28 17:07:36,272 - httpx - INFO - HTTP Request: POST https://tapi.bale.ai/bot2029474166:MzkMDmPbKHhF6JT0Dn9AYuq84mnTq20L1wk/getUpdates "HTTP/1.1 200 OK"
2026-04-28 17:07:36,285 - balethon.network.connection - INFO - [getUpdates] JSON{'offset': 23}
2026-04-28 17:07:41,305 - httpx - INFO - HTTP Request: POST https://tapi.bale.ai/bot2029474166:MzkMDmPbKHhF6JT0Dn9AYuq84mnTq20L1wk/getUpdates "HTTP/1.1 200 OK"
2026-04-28 17:07:41,318 - balethon.network.connection - INFO - [getUpdates] JSON{'offset': 23}
2026-04-28 17:07:46,338 - httpx - INFO - HTTP Request: POST https://tapi.bale.ai/bot2029474166:MzkMDmPbKHhF6JT0Dn9AYuq84mnTq20L1wk/getUpdates "HTTP/1.1 200 OK"
2026-04-28 17:07:46,357 - balethon.network.connection - INFO - [getUpdates] JSON{'offset': 23}
2026-04-28 17:07:51,439 - httpx - INFO - HTTP Request: POST https://tapi.bale.ai/bot2029474166:MzkMDmPbKHhF6JT0Dn9AYuq84mnTq20L1wk/getUpdates "HTTP/1.1 200 OK"
2026-04-28 17:07:51,452 - balethon.network.connection - INFO - [getUpdates] JSON{'offset': 23}
2026-04-28 17:07:56,476 - httpx - INFO - HTTP Request: POST https://tapi.bale.ai/bot2029474166:MzkMDmPbKHhF6JT0Dn9AYuq84mnTq20L1wk/getUpdates "HTTP/1.1 200 OK"
2026-04-28 17:07:56,488 - balethon.network.connection - INFO - [getUpdates] JSON{'offset': 23}
2026-04-28 17:08:01,504 - httpx - INFO - HTTP Request: POST https://tapi.bale.ai/bot2029474166:MzkMDmPbKHhF6JT0Dn9AYuq84mnTq20L1wk/getUpdates "HTTP/1.1 200 OK"
2026-04-28 17:08:01,512 - balethon.network.connection - INFO - [getUpdates] JSON{'offset': 23}
2026-04-28 17:08:06,539 - httpx - INFO - HTTP Request: POST https://tapi.bale.ai/bot2029474166:MzkMDmPbKHhF6JT0Dn9AYuq84mnTq20L1wk/getUpdates "HTTP/1.1 200 OK"
2026-04-28 17:08:06,548 - balethon.network.connection - INFO - [getUpdates] JSON{'offset': 23}
2026-04-28 17:08:11,565 - httpx - INFO - HTTP Request: POST https://tapi.bale.ai/bot2029474166:MzkMDmPbKHhF6JT0Dn9AYuq84mnTq20L1wk/getUpdates "HTTP/1.1 200 OK"
2026-04-28 17:08:11,575 - balethon.network.connection - INFO - [getUpdates] JSON{'offset': 23}
2026-04-28 17:08:16,598 - httpx - INFO - HTTP Request: POST https://tapi.bale.ai/bot2029474166:MzkMDmPbKHhF6JT0Dn9AYuq84mnTq20L1wk/getUpdates "HTTP/1.1 200 OK"
2026-04-28 17:08:16,606 - balethon.network.connection - INFO - [getUpdates] JSON{'offset': 23}
2026-04-28 17:08:21,619 - httpx - INFO - HTTP Request: POST https://tapi.bale.ai/bot2029474166:MzkMDmPbKHhF6JT0Dn9AYuq84mnTq20L1wk/getUpdates "HTTP/1.1 200 OK"
2026-04-28 17:08:21,627 - balethon.network.connection - INFO - [getUpdates] JSON{'offset': 23}
2026-04-28 17:08:26,652 - httpx - INFO - HTTP Request: POST https://tapi.bale.ai/bot2029474166:MzkMDmPbKHhF6JT0Dn9AYuq84mnTq20L1wk/getUpdates "HTTP/1.1 200 OK"
2026-04-28 17:08:26,661 - balethon.network.connection - INFO - [getUpdates] JSON{'offset': 23}
2026-04-28 17:08:31,674 - httpx - INFO - HTTP Request: POST https://tapi.bale.ai/bot2029474166:MzkMDmPbKHhF6JT0Dn9AYuq84mnTq20L1wk/getUpdates "HTTP/1.1 200 OK"
2026-04-28 17:08:31,687 - balethon.network.connection - INFO - [getUpdates] JSON{'offset': 23}
2026-04-28 17:08:36,709 - httpx - INFO - HTTP Request: POST https://tapi.bale.ai/bot2029474166:MzkMDmPbKHhF6JT0Dn9AYuq84mnTq20L1wk/getUpdates "HTTP/1.1 200 OK"
2026-04-28 17:08:36,719 - balethon.network.connection - INFO - [getUpdates] JSON{'offset': 23}
2026-04-28 17:08:41,810 - httpx - INFO - HTTP Request: POST https://tapi.bale.ai/bot2029474166:MzkMDmPbKHhF6JT0Dn9AYuq84mnTq20L1wk/getUpdates "HTTP/1.1 200 OK"
2026-04-28 17:08:41,821 - balethon.network.connection - INFO - [getUpdates] JSON{'offset': 23}
2026-04-28 17:08:46,842 - httpx - INFO - HTTP Request: POST https://tapi.bale.ai/bot2029474166:MzkMDmPbKHhF6JT0Dn9AYuq84mnTq20L1wk/getUpdates "HTTP/1.1 200 OK"
2026-04-28 17:08:46,852 - balethon.network.connection - INFO - [getUpdates] JSON{'offset': 23}
2026-04-28 17:08:51,870 - httpx - INFO - HTTP Request: POST https://tapi.bale.ai/bot2029474166:MzkMDmPbKHhF6JT0Dn9AYuq84mnTq20L1wk/getUpdates "HTTP/1.1 200 OK"
2026-04-28 17:08:51,884 - balethon.network.connection - INFO - [getUpdates] JSON{'offset': 23}
2026-04-28 17:08:56,911 - httpx - INFO - HTTP Request: POST https://tapi.bale.ai/bot2029474166:MzkMDmPbKHhF6JT0Dn9AYuq84mnTq20L1wk/getUpdates "HTTP/1.1 200 OK"
2026-04-28 17:08:56,920 - balethon.network.connection - INFO - [getUpdates] JSON{'offset': 23}
2026-04-28 17:09:01,937 - httpx - INFO - HTTP Request: POST https://tapi.bale.ai/bot2029474166:MzkMDmPbKHhF6JT0Dn9AYuq84mnTq20L1wk/getUpdates "HTTP/1.1 200 OK"
2026-04-28 17:09:01,947 - balethon.network.connection - INFO - [getUpdates] JSON{'offset': 23}
2026-04-28 17:09:07,010 - httpx - INFO - HTTP Request: POST https://tapi.bale.ai/bot2029474166:MzkMDmPbKHhF6JT0Dn9AYuq84mnTq20L1wk/getUpdates "HTTP/1.1 200 OK"
2026-04-28 17:09:07,019 - balethon.network.connection - INFO - [getUpdates] JSON{'offset': 23}
2026-04-28 17:09:12,039 - httpx - INFO - HTTP Request: POST https://tapi.bale.ai/bot2029474166:MzkMDmPbKHhF6JT0Dn9AYuq84mnTq20L1wk/getUpdates "HTTP/1.1 200 OK"
2026-04-28 17:09:12,048 - balethon.network.connection - INFO - [getUpdates] JSON{'offset': 23}
2026-04-28 17:09:17,065 - httpx - INFO - HTTP Request: POST https://tapi.bale.ai/bot2029474166:MzkMDmPbKHhF6JT0Dn9AYuq84mnTq20L1wk/getUpdates "HTTP/1.1 200 OK"
2026-04-28 17:09:17,079 - balethon.network.connection - INFO - [getUpdates] JSON{'offset': 23}
2026-04-28 17:09:22,120 - httpx - INFO - HTTP Request: POST https://tapi.bale.ai/bot2029474166:MzkMDmPbKHhF6JT0Dn9AYuq84mnTq20L1wk/getUpdates "HTTP/1.1 200 OK"
2026-04-28 17:09:22,134 - balethon.network.connection - INFO - [getUpdates] JSON{'offset': 23}
2026-04-28 17:09:27,152 - httpx - INFO - HTTP Request: POST https://tapi.bale.ai/bot2029474166:MzkMDmPbKHhF6JT0Dn9AYuq84mnTq20L1wk/getUpdates "HTTP/1.1 200 OK"
2026-04-28 17:09:27,160 - balethon.network.connection - INFO - [getUpdates] JSON{'offset': 23}
2026-04-28 17:09:32,181 - httpx - INFO - HTTP Request: POST https://tapi.bale.ai/bot2029474166:MzkMDmPbKHhF6JT0Dn9AYuq84mnTq20L1wk/getUpdates "HTTP/1.1 200 OK"
2026-04-28 17:09:32,198 - balethon.network.connection - INFO - [getUpdates] JSON{'offset': 23}
2026-04-28 17:09:37,214 - httpx - INFO - HTTP Request: POST https://tapi.bale.ai/bot2029474166:MzkMDmPbKHhF6JT0Dn9AYuq84mnTq20L1wk/getUpdates "HTTP/1.1 200 OK"
2026-04-28 17:09:37,225 - balethon.network.connection - INFO - [getUpdates] JSON{'offset': 23}
2026-04-28 17:09:42,245 - httpx - INFO - HTTP Request: POST https://tapi.bale.ai/bot2029474166:MzkMDmPbKHhF6JT0Dn9AYuq84mnTq20L1wk/getUpdates "HTTP/1.1 200 OK"
2026-04-28 17:09:42,258 - balethon.network.connection - INFO - [getUpdates] JSON{'offset': 23}
2026-04-28 17:09:47,276 - httpx - INFO - HTTP Request: POST https://tapi.bale.ai/bot2029474166:MzkMDmPbKHhF6JT0Dn9AYuq84mnTq20L1wk/getUpdates "HTTP/1.1 200 OK"
2026-04-28 17:09:47,284 - balethon.network.connection - INFO - [getUpdates] JSON{'offset': 23}
2026-04-28 17:09:52,349 - httpx - INFO - HTTP Request: POST https://tapi.bale.ai/bot2029474166:MzkMDmPbKHhF6JT0Dn9AYuq84mnTq20L1wk/getUpdates "HTTP/1.1 200 OK"
2026-04-28 17:09:52,362 - balethon.network.connection - INFO - [getUpdates] JSON{'offset': 23}
2026-04-28 17:09:57,434 - httpx - INFO - HTTP Request: POST https://tapi.bale.ai/bot2029474166:MzkMDmPbKHhF6JT0Dn9AYuq84mnTq20L1wk/getUpdates "HTTP/1.1 200 OK"
2026-04-28 17:09:57,450 - balethon.network.connection - INFO - [getUpdates] JSON{'offset': 23}
2026-04-28 17:10:02,522 - httpx - INFO - HTTP Request: POST https://tapi.bale.ai/bot2029474166:MzkMDmPbKHhF6JT0Dn9AYuq84mnTq20L1wk/getUpdates "HTTP/1.1 200 OK"
2026-04-28 17:10:02,535 - balethon.network.connection - INFO - [getUpdates] JSON{'offset': 23}
2026-04-28 17:10:07,572 - httpx - INFO - HTTP Request: POST https://tapi.bale.ai/bot2029474166:MzkMDmPbKHhF6JT0Dn9AYuq84mnTq20L1wk/getUpdates "HTTP/1.1 200 OK"
2026-04-28 17:10:07,584 - balethon.network.connection - INFO - [getUpdates] JSON{'offset': 23}
2026-04-28 17:10:12,663 - httpx - INFO - HTTP Request: POST https://tapi.bale.ai/bot2029474166:MzkMDmPbKHhF6JT0Dn9AYuq84mnTq20L1wk/getUpdates "HTTP/1.1 200 OK"
2026-04-28 17:10:12,671 - balethon.network.connection - INFO - [getUpdates] JSON{'offset': 23}
2026-04-28 17:10:17,781 - httpx - INFO - HTTP Request: POST https://tapi.bale.ai/bot2029474166:MzkMDmPbKHhF6JT0Dn9AYuq84mnTq20L1wk/getUpdates "HTTP/1.1 200 OK"
2026-04-28 17:10:17,793 - balethon.network.connection - INFO - [getUpdates] JSON{'offset': 23}
2026-04-28 17:10:22,836 - httpx - INFO - HTTP Request: POST https://tapi.bale.ai/bot2029474166:MzkMDmPbKHhF6JT0Dn9AYuq84mnTq20L1wk/getUpdates "HTTP/1.1 200 OK"
2026-04-28 17:10:22,850 - balethon.network.connection - INFO - [getUpdates] JSON{'offset': 23}
2026-04-28 17:10:27,941 - httpx - INFO - HTTP Request: POST https://tapi.bale.ai/bot2029474166:MzkMDmPbKHhF6JT0Dn9AYuq84mnTq20L1wk/getUpdates "HTTP/1.1 200 OK"
2026-04-28 17:10:27,954 - balethon.network.connection - INFO - [getUpdates] JSON{'offset': 23}
2026-04-28 17:10:33,021 - httpx - INFO - HTTP Request: POST https://tapi.bale.ai/bot2029474166:MzkMDmPbKHhF6JT0Dn9AYuq84mnTq20L1wk/getUpdates "HTTP/1.1 200 OK"
2026-04-28 17:10:33,029 - balethon.network.connection - INFO - [getUpdates] JSON{'offset': 23}
2026-04-28 17:10:38,071 - httpx - INFO - HTTP Request: POST https://tapi.bale.ai/bot2029474166:MzkMDmPbKHhF6JT0Dn9AYuq84mnTq20L1wk/getUpdates "HTTP/1.1 200 OK"
2026-04-28 17:10:38,079 - balethon.network.connection - INFO - [getUpdates] JSON{'offset': 23}
2026-04-28 17:10:43,135 - httpx - INFO - HTTP Request: POST https://tapi.bale.ai/bot2029474166:MzkMDmPbKHhF6JT0Dn9AYuq84mnTq20L1wk/getUpdates "HTTP/1.1 200 OK"
2026-04-28 17:10:43,151 - balethon.network.connection - INFO - [getUpdates] JSON{'offset': 23}
2026-04-28 17:10:48,221 - httpx - INFO - HTTP Request: POST https://tapi.bale.ai/bot2029474166:MzkMDmPbKHhF6JT0Dn9AYuq84mnTq20L1wk/getUpdates "HTTP/1.1 200 OK"
2026-04-28 17:10:48,234 - balethon.network.connection - INFO - [getUpdates] JSON{'offset': 23}
2026-04-28 17:10:53,304 - httpx - INFO - HTTP Request: POST https://tapi.bale.ai/bot2029474166:MzkMDmPbKHhF6JT0Dn9AYuq84mnTq20L1wk/getUpdates "HTTP/1.1 200 OK"
2026-04-28 17:10:53,319 - balethon.network.connection - INFO - [getUpdates] JSON{'offset': 23}
2026-04-28 17:10:58,398 - httpx - INFO - HTTP Request: POST https://tapi.bale.ai/bot2029474166:MzkMDmPbKHhF6JT0Dn9AYuq84mnTq20L1wk/getUpdates "HTTP/1.1 200 OK"
2026-04-28 17:10:58,411 - balethon.network.connection - INFO - [getUpdates] JSON{'offset': 23}
2026-04-28 17:11:03,479 - httpx - INFO - HTTP Request: POST https://tapi.bale.ai/bot2029474166:MzkMDmPbKHhF6JT0Dn9AYuq84mnTq20L1wk/getUpdates "HTTP/1.1 200 OK"
2026-04-28 17:11:03,486 - balethon.network.connection - INFO - [getUpdates] JSON{'offset': 23}
2026-04-28 17:11:08,537 - httpx - INFO - HTTP Request: POST https://tapi.bale.ai/bot2029474166:MzkMDmPbKHhF6JT0Dn9AYuq84mnTq20L1wk/getUpdates "HTTP/1.1 200 OK"
2026-04-28 17:11:08,546 - balethon.network.connection - INFO - [getUpdates] JSON{'offset': 23}
2026-04-28 17:11:13,584 - httpx - INFO - HTTP Request: POST https://tapi.bale.ai/bot2029474166:MzkMDmPbKHhF6JT0Dn9AYuq84mnTq20L1wk/getUpdates "HTTP/1.1 200 OK"
2026-04-28 17:11:13,598 - balethon.network.connection - INFO - [getUpdates] JSON{'offset': 23}
2026-04-28 17:11:18,678 - httpx - INFO - HTTP Request: POST https://tapi.bale.ai/bot2029474166:MzkMDmPbKHhF6JT0Dn9AYuq84mnTq20L1wk/getUpdates "HTTP/1.1 200 OK"
2026-04-28 17:11:18,687 - balethon.network.connection - INFO - [getUpdates] JSON{'offset': 23}
2026-04-28 17:11:23,800 - httpx - INFO - HTTP Request: POST https://tapi.bale.ai/bot2029474166:MzkMDmPbKHhF6JT0Dn9AYuq84mnTq20L1wk/getUpdates "HTTP/1.1 200 OK"
2026-04-28 17:11:23,816 - balethon.network.connection - INFO - [getUpdates] JSON{'offset': 23}
2026-04-28 17:11:28,917 - httpx - INFO - HTTP Request: POST https://tapi.bale.ai/bot2029474166:MzkMDmPbKHhF6JT0Dn9AYuq84mnTq20L1wk/getUpdates "HTTP/1.1 200 OK"
2026-04-28 17:11:28,932 - balethon.network.connection - INFO - [getUpdates] JSON{'offset': 23}
2026-04-28 17:11:34,106 - httpx - INFO - HTTP Request: POST https://tapi.bale.ai/bot2029474166:MzkMDmPbKHhF6JT0Dn9AYuq84mnTq20L1wk/getUpdates "HTTP/1.1 200 OK"
2026-04-28 17:11:34,118 - balethon.network.connection - INFO - [getUpdates] JSON{'offset': 23}
2026-04-28 17:11:39,271 - httpx - INFO - HTTP Request: POST https://tapi.bale.ai/bot2029474166:MzkMDmPbKHhF6JT0Dn9AYuq84mnTq20L1wk/getUpdates "HTTP/1.1 200 OK"
2026-04-28 17:11:39,284 - balethon.network.connection - INFO - [getUpdates] JSON{'offset': 23}
2026-04-28 17:11:44,427 - httpx - INFO - HTTP Request: POST https://tapi.bale.ai/bot2029474166:MzkMDmPbKHhF6JT0Dn9AYuq84mnTq20L1wk/getUpdates "HTTP/1.1 200 OK"
2026-04-28 17:11:44,436 - balethon.network.connection - INFO - [getUpdates] JSON{'offset': 23}
2026-04-28 17:11:49,473 - httpx - INFO - HTTP Request: POST https://tapi.bale.ai/bot2029474166:MzkMDmPbKHhF6JT0Dn9AYuq84mnTq20L1wk/getUpdates "HTTP/1.1 200 OK"
2026-04-28 17:11:49,487 - balethon.network.connection - INFO - [getUpdates] JSON{'offset': 23}
2026-04-28 17:11:54,537 - httpx - INFO - HTTP Request: POST https://tapi.bale.ai/bot2029474166:MzkMDmPbKHhF6JT0Dn9AYuq84mnTq20L1wk/getUpdates "HTTP/1.1 200 OK"
2026-04-28 17:11:54,546 - balethon.network.connection - INFO - [getUpdates] JSON{'offset': 23}
2026-04-28 17:11:59,691 - httpx - INFO - HTTP Request: POST https://tapi.bale.ai/bot2029474166:MzkMDmPbKHhF6JT0Dn9AYuq84mnTq20L1wk/getUpdates "HTTP/1.1 200 OK"
2026-04-28 17:11:59,706 - balethon.network.connection - INFO - [getUpdates] JSON{'offset': 23}
2026-04-28 17:12:04,754 - httpx - INFO - HTTP Request: POST https://tapi.bale.ai/bot2029474166:MzkMDmPbKHhF6JT0Dn9AYuq84mnTq20L1wk/getUpdates "HTTP/1.1 200 OK"
2026-04-28 17:12:04,766 - balethon.network.connection - INFO - [getUpdates] JSON{'offset': 23}
2026-04-28 17:12:09,851 - httpx - INFO - HTTP Request: POST https://tapi.bale.ai/bot2029474166:MzkMDmPbKHhF6JT0Dn9AYuq84mnTq20L1wk/getUpdates "HTTP/1.1 200 OK"
2026-04-28 17:12:09,865 - balethon.network.connection - INFO - [getUpdates] JSON{'offset': 23}
2026-04-28 17:12:14,924 - httpx - INFO - HTTP Request: POST https://tapi.bale.ai/bot2029474166:MzkMDmPbKHhF6JT0Dn9AYuq84mnTq20L1wk/getUpdates "HTTP/1.1 200 OK"
2026-04-28 17:12:14,938 - balethon.network.connection - INFO - [getUpdates] JSON{'offset': 23}
2026-04-28 17:12:19,987 - httpx - INFO - HTTP Request: POST https://tapi.bale.ai/bot2029474166:MzkMDmPbKHhF6JT0Dn9AYuq84mnTq20L1wk/getUpdates "HTTP/1.1 200 OK"
2026-04-28 17:12:19,997 - balethon.network.connection - INFO - [getUpdates] JSON{'offset': 23}
2026-04-28 17:12:25,020 - httpx - INFO - HTTP Request: POST https://tapi.bale.ai/bot2029474166:MzkMDmPbKHhF6JT0Dn9AYuq84mnTq20L1wk/getUpdates "HTTP/1.1 200 OK"
2026-04-28 17:12:25,032 - balethon.network.connection - INFO - [getUpdates] JSON{'offset': 23}
2026-04-28 17:12:30,052 - httpx - INFO - HTTP Request: POST https://tapi.bale.ai/bot2029474166:MzkMDmPbKHhF6JT0Dn9AYuq84mnTq20L1wk/getUpdates "HTTP/1.1 200 OK"
2026-04-28 17:12:30,060 - balethon.network.connection - INFO - [getUpdates] JSON{'offset': 23}
2026-04-28 17:12:35,074 - httpx - INFO - HTTP Request: POST https://tapi.bale.ai/bot2029474166:MzkMDmPbKHhF6JT0Dn9AYuq84mnTq20L1wk/getUpdates "HTTP/1.1 200 OK"
2026-04-28 17:12:35,083 - balethon.network.connection - INFO - [getUpdates] JSON{'offset': 23}
2026-04-28 17:12:40,102 - httpx - INFO - HTTP Request: POST https://tapi.bale.ai/bot2029474166:MzkMDmPbKHhF6JT0Dn9AYuq84mnTq20L1wk/getUpdates "HTTP/1.1 200 OK"
2026-04-28 17:12:40,111 - balethon.network.connection - INFO - [getUpdates] JSON{'offset': 23}
2026-04-28 17:12:45,139 - httpx - INFO - HTTP Request: POST https://tapi.bale.ai/bot2029474166:MzkMDmPbKHhF6JT0Dn9AYuq84mnTq20L1wk/getUpdates "HTTP/1.1 200 OK"
2026-04-28 17:12:45,149 - balethon.network.connection - INFO - [getUpdates] JSON{'offset': 23}
2026-04-28 17:12:50,171 - httpx - INFO - HTTP Request: POST https://tapi.bale.ai/bot2029474166:MzkMDmPbKHhF6JT0Dn9AYuq84mnTq20L1wk/getUpdates "HTTP/1.1 200 OK"
2026-04-28 17:12:50,187 - balethon.network.connection - INFO - [getUpdates] JSON{'offset': 23}
2026-04-28 17:12:55,209 - httpx - INFO - HTTP Request: POST https://tapi.bale.ai/bot2029474166:MzkMDmPbKHhF6JT0Dn9AYuq84mnTq20L1wk/getUpdates "HTTP/1.1 200 OK"
2026-04-28 17:12:55,221 - balethon.network.connection - INFO - [getUpdates] JSON{'offset': 23}
2026-04-28 17:13:00,240 - httpx - INFO - HTTP Request: POST https://tapi.bale.ai/bot2029474166:MzkMDmPbKHhF6JT0Dn9AYuq84mnTq20L1wk/getUpdates "HTTP/1.1 200 OK"
2026-04-28 17:13:00,254 - balethon.network.connection - INFO - [getUpdates] JSON{'offset': 23}
2026-04-28 17:13:05,270 - httpx - INFO - HTTP Request: POST https://tapi.bale.ai/bot2029474166:MzkMDmPbKHhF6JT0Dn9AYuq84mnTq20L1wk/getUpdates "HTTP/1.1 200 OK"
2026-04-28 17:13:05,278 - balethon.network.connection - INFO - [getUpdates] JSON{'offset': 23}
2026-04-28 17:13:10,346 - httpx - INFO - HTTP Request: POST https://tapi.bale.ai/bot2029474166:MzkMDmPbKHhF6JT0Dn9AYuq84mnTq20L1wk/getUpdates "HTTP/1.1 200 OK"
2026-04-28 17:13:10,363 - balethon.network.connection - INFO - [getUpdates] JSON{'offset': 23}
2026-04-28 17:13:15,417 - httpx - INFO - HTTP Request: POST https://tapi.bale.ai/bot2029474166:MzkMDmPbKHhF6JT0Dn9AYuq84mnTq20L1wk/getUpdates "HTTP/1.1 200 OK"
2026-04-28 17:13:15,432 - balethon.network.connection - INFO - [getUpdates] JSON{'offset': 23}
2026-04-28 17:13:20,515 - httpx - INFO - HTTP Request: POST https://tapi.bale.ai/bot2029474166:MzkMDmPbKHhF6JT0Dn9AYuq84mnTq20L1wk/getUpdates "HTTP/1.1 200 OK"
2026-04-28 17:13:20,529 - balethon.network.connection - INFO - [getUpdates] JSON{'offset': 23}
2026-04-28 17:13:25,547 - httpx - INFO - HTTP Request: POST https://tapi.bale.ai/bot2029474166:MzkMDmPbKHhF6JT0Dn9AYuq84mnTq20L1wk/getUpdates "HTTP/1.1 200 OK"
2026-04-28 17:13:25,554 - balethon.network.connection - INFO - [getUpdates] JSON{'offset': 23}
2026-04-28 17:13:30,570 - httpx - INFO - HTTP Request: POST https://tapi.bale.ai/bot2029474166:MzkMDmPbKHhF6JT0Dn9AYuq84mnTq20L1wk/getUpdates "HTTP/1.1 200 OK"
2026-04-28 17:13:30,580 - balethon.network.connection - INFO - [getUpdates] JSON{'offset': 23}
2026-04-28 17:13:35,606 - httpx - INFO - HTTP Request: POST https://tapi.bale.ai/bot2029474166:MzkMDmPbKHhF6JT0Dn9AYuq84mnTq20L1wk/getUpdates "HTTP/1.1 200 OK"
2026-04-28 17:13:35,620 - balethon.network.connection - INFO - [getUpdates] JSON{'offset': 23}
2026-04-28 17:13:40,637 - httpx - INFO - HTTP Request: POST https://tapi.bale.ai/bot2029474166:MzkMDmPbKHhF6JT0Dn9AYuq84mnTq20L1wk/getUpdates "HTTP/1.1 200 OK"
2026-04-28 17:13:40,652 - balethon.network.connection - INFO - [getUpdates] JSON{'offset': 23}
2026-04-28 17:13:45,667 - httpx - INFO - HTTP Request: POST https://tapi.bale.ai/bot2029474166:MzkMDmPbKHhF6JT0Dn9AYuq84mnTq20L1wk/getUpdates "HTTP/1.1 200 OK"
2026-04-28 17:13:45,675 - balethon.network.connection - INFO - [getUpdates] JSON{'offset': 23}
2026-04-28 17:13:50,696 - httpx - INFO - HTTP Request: POST https://tapi.bale.ai/bot2029474166:MzkMDmPbKHhF6JT0Dn9AYuq84mnTq20L1wk/getUpdates "HTTP/1.1 200 OK"
2026-04-28 17:13:50,707 - balethon.network.connection - INFO - [getUpdates] JSON{'offset': 23}
2026-04-28 17:13:55,721 - httpx - INFO - HTTP Request: POST https://tapi.bale.ai/bot2029474166:MzkMDmPbKHhF6JT0Dn9AYuq84mnTq20L1wk/getUpdates "HTTP/1.1 200 OK"
2026-04-28 17:13:55,728 - balethon.network.connection - INFO - [getUpdates] JSON{'offset': 23}
2026-04-28 17:14:00,741 - httpx - INFO - HTTP Request: POST https://tapi.bale.ai/bot2029474166:MzkMDmPbKHhF6JT0Dn9AYuq84mnTq20L1wk/getUpdates "HTTP/1.1 200 OK"
2026-04-28 17:14:00,755 - balethon.network.connection - INFO - [getUpdates] JSON{'offset': 23}
2026-04-28 17:14:05,775 - httpx - INFO - HTTP Request: POST https://tapi.bale.ai/bot2029474166:MzkMDmPbKHhF6JT0Dn9AYuq84mnTq20L1wk/getUpdates "HTTP/1.1 200 OK"
2026-04-28 17:14:05,791 - balethon.network.connection - INFO - [getUpdates] JSON{'offset': 23}
2026-04-28 17:14:10,806 - httpx - INFO - HTTP Request: POST https://tapi.bale.ai/bot2029474166:MzkMDmPbKHhF6JT0Dn9AYuq84mnTq20L1wk/getUpdates "HTTP/1.1 200 OK"
2026-04-28 17:14:10,821 - balethon.network.connection - INFO - [getUpdates] JSON{'offset': 23}
2026-04-28 17:14:15,843 - httpx - INFO - HTTP Request: POST https://tapi.bale.ai/bot2029474166:MzkMDmPbKHhF6JT0Dn9AYuq84mnTq20L1wk/getUpdates "HTTP/1.1 200 OK"
2026-04-28 17:14:15,855 - balethon.network.connection - INFO - [getUpdates] JSON{'offset': 23}
2026-04-28 17:14:20,916 - httpx - INFO - HTTP Request: POST https://tapi.bale.ai/bot2029474166:MzkMDmPbKHhF6JT0Dn9AYuq84mnTq20L1wk/getUpdates "HTTP/1.1 200 OK"
2026-04-28 17:14:20,926 - balethon.network.connection - INFO - [getUpdates] JSON{'offset': 23}
2026-04-28 17:14:25,949 - httpx - INFO - HTTP Request: POST https://tapi.bale.ai/bot2029474166:MzkMDmPbKHhF6JT0Dn9AYuq84mnTq20L1wk/getUpdates "HTTP/1.1 200 OK"
2026-04-28 17:14:25,957 - balethon.network.connection - INFO - [getUpdates] JSON{'offset': 23}
2026-04-28 17:14:30,973 - httpx - INFO - HTTP Request: POST https://tapi.bale.ai/bot2029474166:MzkMDmPbKHhF6JT0Dn9AYuq84mnTq20L1wk/getUpdates "HTTP/1.1 200 OK"
2026-04-28 17:14:30,982 - balethon.network.connection - INFO - [getUpdates] JSON{'offset': 23}
2026-04-28 17:14:36,045 - httpx - INFO - HTTP Request: POST https://tapi.bale.ai/bot2029474166:MzkMDmPbKHhF6JT0Dn9AYuq84mnTq20L1wk/getUpdates "HTTP/1.1 200 OK"
2026-04-28 17:14:36,055 - balethon.network.connection - INFO - [getUpdates] JSON{'offset': 23}
2026-04-28 17:14:41,116 - httpx - INFO - HTTP Request: POST https://tapi.bale.ai/bot2029474166:MzkMDmPbKHhF6JT0Dn9AYuq84mnTq20L1wk/getUpdates "HTTP/1.1 200 OK"
2026-04-28 17:14:41,125 - balethon.network.connection - INFO - [getUpdates] JSON{'offset': 23}
2026-04-28 17:14:46,146 - httpx - INFO - HTTP Request: POST https://tapi.bale.ai/bot2029474166:MzkMDmPbKHhF6JT0Dn9AYuq84mnTq20L1wk/getUpdates "HTTP/1.1 200 OK"
2026-04-28 17:14:46,155 - balethon.network.connection - INFO - [getUpdates] JSON{'offset': 23}
2026-04-28 17:14:51,171 - httpx - INFO - HTTP Request: POST https://tapi.bale.ai/bot2029474166:MzkMDmPbKHhF6JT0Dn9AYuq84mnTq20L1wk/getUpdates "HTTP/1.1 200 OK"
2026-04-28 17:14:51,179 - balethon.network.connection - INFO - [getUpdates] JSON{'offset': 23}
2026-04-28 17:14:56,196 - httpx - INFO - HTTP Request: POST https://tapi.bale.ai/bot2029474166:MzkMDmPbKHhF6JT0Dn9AYuq84mnTq20L1wk/getUpdates "HTTP/1.1 200 OK"
2026-04-28 17:14:56,204 - balethon.network.connection - INFO - [getUpdates] JSON{'offset': 23}
2026-04-28 17:15:01,220 - httpx - INFO - HTTP Request: POST https://tapi.bale.ai/bot2029474166:MzkMDmPbKHhF6JT0Dn9AYuq84mnTq20L1wk/getUpdates "HTTP/1.1 200 OK"
2026-04-28 17:15:01,236 - balethon.network.connection - INFO - [getUpdates] JSON{'offset': 23}
2026-04-28 17:15:06,254 - httpx - INFO - HTTP Request: POST https://tapi.bale.ai/bot2029474166:MzkMDmPbKHhF6JT0Dn9AYuq84mnTq20L1wk/getUpdates "HTTP/1.1 200 OK"
2026-04-28 17:15:06,270 - balethon.network.connection - INFO - [getUpdates] JSON{'offset': 23}
2026-04-28 17:15:11,326 - httpx - INFO - HTTP Request: POST https://tapi.bale.ai/bot2029474166:MzkMDmPbKHhF6JT0Dn9AYuq84mnTq20L1wk/getUpdates "HTTP/1.1 200 OK"
2026-04-28 17:15:11,334 - balethon.network.connection - INFO - [getUpdates] JSON{'offset': 23}
2026-04-28 17:15:16,351 - httpx - INFO - HTTP Request: POST https://tapi.bale.ai/bot2029474166:MzkMDmPbKHhF6JT0Dn9AYuq84mnTq20L1wk/getUpdates "HTTP/1.1 200 OK"
2026-04-28 17:15:16,363 - balethon.network.connection - INFO - [getUpdates] JSON{'offset': 23}
2026-04-28 17:15:21,460 - httpx - INFO - HTTP Request: POST https://tapi.bale.ai/bot2029474166:MzkMDmPbKHhF6JT0Dn9AYuq84mnTq20L1wk/getUpdates "HTTP/1.1 200 OK"
2026-04-28 17:15:21,473 - balethon.network.connection - INFO - [getUpdates] JSON{'offset': 23}
2026-04-28 17:15:26,527 - httpx - INFO - HTTP Request: POST https://tapi.bale.ai/bot2029474166:MzkMDmPbKHhF6JT0Dn9AYuq84mnTq20L1wk/getUpdates "HTTP/1.1 200 OK"
2026-04-28 17:15:26,535 - balethon.network.connection - INFO - [getUpdates] JSON{'offset': 23}
2026-04-28 17:15:31,550 - httpx - INFO - HTTP Request: POST https://tapi.bale.ai/bot2029474166:MzkMDmPbKHhF6JT0Dn9AYuq84mnTq20L1wk/getUpdates "HTTP/1.1 200 OK"
2026-04-28 17:15:31,564 - balethon.network.connection - INFO - [getUpdates] JSON{'offset': 23}
2026-04-28 17:15:36,579 - httpx - INFO - HTTP Request: POST https://tapi.bale.ai/bot2029474166:MzkMDmPbKHhF6JT0Dn9AYuq84mnTq20L1wk/getUpdates "HTTP/1.1 200 OK"
2026-04-28 17:15:36,594 - balethon.network.connection - INFO - [getUpdates] JSON{'offset': 23}
2026-04-28 17:15:41,626 - httpx - INFO - HTTP Request: POST https://tapi.bale.ai/bot2029474166:MzkMDmPbKHhF6JT0Dn9AYuq84mnTq20L1wk/getUpdates "HTTP/1.1 200 OK"
2026-04-28 17:15:41,640 - balethon.network.connection - INFO - [getUpdates] JSON{'offset': 23}
2026-04-28 17:15:46,659 - httpx - INFO - HTTP Request: POST https://tapi.bale.ai/bot2029474166:MzkMDmPbKHhF6JT0Dn9AYuq84mnTq20L1wk/getUpdates "HTTP/1.1 200 OK"
2026-04-28 17:15:46,668 - balethon.network.connection - INFO - [getUpdates] JSON{'offset': 23}
2026-04-28 17:15:51,718 - httpx - INFO - HTTP Request: POST https://tapi.bale.ai/bot2029474166:MzkMDmPbKHhF6JT0Dn9AYuq84mnTq20L1wk/getUpdates "HTTP/1.1 200 OK"
2026-04-28 17:15:51,728 - balethon.network.connection - INFO - [getUpdates] JSON{'offset': 23}
2026-04-28 17:15:56,818 - httpx - INFO - HTTP Request: POST https://tapi.bale.ai/bot2029474166:MzkMDmPbKHhF6JT0Dn9AYuq84mnTq20L1wk/getUpdates "HTTP/1.1 200 OK"
2026-04-28 17:15:56,831 - balethon.network.connection - INFO - [getUpdates] JSON{'offset': 23}
2026-04-28 17:16:01,849 - httpx - INFO - HTTP Request: POST https://tapi.bale.ai/bot2029474166:MzkMDmPbKHhF6JT0Dn9AYuq84mnTq20L1wk/getUpdates "HTTP/1.1 200 OK"
2026-04-28 17:16:01,863 - balethon.network.connection - INFO - [getUpdates] JSON{'offset': 23}
2026-04-28 17:16:06,877 - httpx - INFO - HTTP Request: POST https://tapi.bale.ai/bot2029474166:MzkMDmPbKHhF6JT0Dn9AYuq84mnTq20L1wk/getUpdates "HTTP/1.1 200 OK"
2026-04-28 17:16:06,891 - balethon.network.connection - INFO - [getUpdates] JSON{'offset': 23}
2026-04-28 17:16:11,925 - httpx - INFO - HTTP Request: POST https://tapi.bale.ai/bot2029474166:MzkMDmPbKHhF6JT0Dn9AYuq84mnTq20L1wk/getUpdates "HTTP/1.1 200 OK"
2026-04-28 17:16:11,933 - balethon.network.connection - INFO - [getUpdates] JSON{'offset': 23}
2026-04-28 17:16:16,954 - httpx - INFO - HTTP Request: POST https://tapi.bale.ai/bot2029474166:MzkMDmPbKHhF6JT0Dn9AYuq84mnTq20L1wk/getUpdates "HTTP/1.1 200 OK"
2026-04-28 17:16:16,962 - balethon.network.connection - INFO - [getUpdates] JSON{'offset': 23}
2026-04-28 17:16:21,978 - httpx - INFO - HTTP Request: POST https://tapi.bale.ai/bot2029474166:MzkMDmPbKHhF6JT0Dn9AYuq84mnTq20L1wk/getUpdates "HTTP/1.1 200 OK"
2026-04-28 17:16:21,986 - balethon.network.connection - INFO - [getUpdates] JSON{'offset': 23}
2026-04-28 17:16:27,016 - httpx - INFO - HTTP Request: POST https://tapi.bale.ai/bot2029474166:MzkMDmPbKHhF6JT0Dn9AYuq84mnTq20L1wk/getUpdates "HTTP/1.1 200 OK"
2026-04-28 17:16:27,028 - balethon.network.connection - INFO - [getUpdates] JSON{'offset': 23}
2026-04-28 17:16:32,049 - httpx - INFO - HTTP Request: POST https://tapi.bale.ai/bot2029474166:MzkMDmPbKHhF6JT0Dn9AYuq84mnTq20L1wk/getUpdates "HTTP/1.1 200 OK"
2026-04-28 17:16:32,057 - balethon.network.connection - INFO - [getUpdates] JSON{'offset': 23}
2026-04-28 17:16:37,075 - httpx - INFO - HTTP Request: POST https://tapi.bale.ai/bot2029474166:MzkMDmPbKHhF6JT0Dn9AYuq84mnTq20L1wk/getUpdates "HTTP/1.1 200 OK"
2026-04-28 17:16:37,086 - balethon.network.connection - INFO - [getUpdates] JSON{'offset': 23}
2026-04-28 17:16:42,110 - httpx - INFO - HTTP Request: POST https://tapi.bale.ai/bot2029474166:MzkMDmPbKHhF6JT0Dn9AYuq84mnTq20L1wk/getUpdates "HTTP/1.1 200 OK"
2026-04-28 17:16:42,119 - balethon.network.connection - INFO - [getUpdates] JSON{'offset': 23}
2026-04-28 17:16:47,134 - httpx - INFO - HTTP Request: POST https://tapi.bale.ai/bot2029474166:MzkMDmPbKHhF6JT0Dn9AYuq84mnTq20L1wk/getUpdates "HTTP/1.1 200 OK"
2026-04-28 17:16:47,148 - balethon.network.connection - INFO - [getUpdates] JSON{'offset': 23}
2026-04-28 17:16:52,169 - httpx - INFO - HTTP Request: POST https://tapi.bale.ai/bot2029474166:MzkMDmPbKHhF6JT0Dn9AYuq84mnTq20L1wk/getUpdates "HTTP/1.1 200 OK"
2026-04-28 17:16:52,179 - balethon.network.connection - INFO - [getUpdates] JSON{'offset': 23}
2026-04-28 17:16:57,196 - httpx - INFO - HTTP Request: POST https://tapi.bale.ai/bot2029474166:MzkMDmPbKHhF6JT0Dn9AYuq84mnTq20L1wk/getUpdates "HTTP/1.1 200 OK"
2026-04-28 17:16:57,206 - balethon.network.connection - INFO - [getUpdates] JSON{'offset': 23}
2026-04-28 17:17:02,222 - httpx - INFO - HTTP Request: POST https://tapi.bale.ai/bot2029474166:MzkMDmPbKHhF6JT0Dn9AYuq84mnTq20L1wk/getUpdates "HTTP/1.1 200 OK"
2026-04-28 17:17:02,231 - balethon.network.connection - INFO - [getUpdates] JSON{'offset': 23}
2026-04-28 17:17:07,252 - httpx - INFO - HTTP Request: POST https://tapi.bale.ai/bot2029474166:MzkMDmPbKHhF6JT0Dn9AYuq84mnTq20L1wk/getUpdates "HTTP/1.1 200 OK"
2026-04-28 17:17:07,262 - balethon.network.connection - INFO - [getUpdates] JSON{'offset': 23}
2026-04-28 17:17:12,320 - httpx - INFO - HTTP Request: POST https://tapi.bale.ai/bot2029474166:MzkMDmPbKHhF6JT0Dn9AYuq84mnTq20L1wk/getUpdates "HTTP/1.1 200 OK"
2026-04-28 17:17:12,332 - balethon.network.connection - INFO - [getUpdates] JSON{'offset': 23}
2026-04-28 17:17:17,348 - httpx - INFO - HTTP Request: POST https://tapi.bale.ai/bot2029474166:MzkMDmPbKHhF6JT0Dn9AYuq84mnTq20L1wk/getUpdates "HTTP/1.1 200 OK"
2026-04-28 17:17:17,361 - balethon.network.connection - INFO - [getUpdates] JSON{'offset': 23}
2026-04-28 17:17:22,426 - httpx - INFO - HTTP Request: POST https://tapi.bale.ai/bot2029474166:MzkMDmPbKHhF6JT0Dn9AYuq84mnTq20L1wk/getUpdates "HTTP/1.1 200 OK"
2026-04-28 17:17:22,440 - balethon.network.connection - INFO - [getUpdates] JSON{'offset': 23}
2026-04-28 17:17:27,527 - httpx - INFO - HTTP Request: POST https://tapi.bale.ai/bot2029474166:MzkMDmPbKHhF6JT0Dn9AYuq84mnTq20L1wk/getUpdates "HTTP/1.1 200 OK"
2026-04-28 17:17:27,540 - balethon.network.connection - INFO - [getUpdates] JSON{'offset': 23}
2026-04-28 17:17:32,563 - httpx - INFO - HTTP Request: POST https://tapi.bale.ai/bot2029474166:MzkMDmPbKHhF6JT0Dn9AYuq84mnTq20L1wk/getUpdates "HTTP/1.1 200 OK"
2026-04-28 17:17:32,576 - balethon.network.connection - INFO - [getUpdates] JSON{'offset': 23}
2026-04-28 17:17:37,636 - httpx - INFO - HTTP Request: POST https://tapi.bale.ai/bot2029474166:MzkMDmPbKHhF6JT0Dn9AYuq84mnTq20L1wk/getUpdates "HTTP/1.1 200 OK"
2026-04-28 17:17:37,648 - balethon.network.connection - INFO - [getUpdates] JSON{'offset': 23}
2026-04-28 17:17:42,668 - httpx - INFO - HTTP Request: POST https://tapi.bale.ai/bot2029474166:MzkMDmPbKHhF6JT0Dn9AYuq84mnTq20L1wk/getUpdates "HTTP/1.1 200 OK"
2026-04-28 17:17:42,679 - balethon.network.connection - INFO - [getUpdates] JSON{'offset': 23}
2026-04-28 17:17:47,705 - httpx - INFO - HTTP Request: POST https://tapi.bale.ai/bot2029474166:MzkMDmPbKHhF6JT0Dn9AYuq84mnTq20L1wk/getUpdates "HTTP/1.1 200 OK"
2026-04-28 17:17:47,718 - balethon.network.connection - INFO - [getUpdates] JSON{'offset': 23}
2026-04-28 17:17:52,732 - httpx - INFO - HTTP Request: POST https://tapi.bale.ai/bot2029474166:MzkMDmPbKHhF6JT0Dn9AYuq84mnTq20L1wk/getUpdates "HTTP/1.1 200 OK"
2026-04-28 17:17:52,742 - balethon.network.connection - INFO - [getUpdates] JSON{'offset': 23}
2026-04-28 17:17:57,825 - httpx - INFO - HTTP Request: POST https://tapi.bale.ai/bot2029474166:MzkMDmPbKHhF6JT0Dn9AYuq84mnTq20L1wk/getUpdates "HTTP/1.1 200 OK"
2026-04-28 17:17:57,839 - balethon.network.connection - INFO - [getUpdates] JSON{'offset': 23}
2026-04-28 17:18:02,858 - httpx - INFO - HTTP Request: POST https://tapi.bale.ai/bot2029474166:MzkMDmPbKHhF6JT0Dn9AYuq84mnTq20L1wk/getUpdates "HTTP/1.1 200 OK"
2026-04-28 17:18:02,867 - balethon.network.connection - INFO - [getUpdates] JSON{'offset': 23}
2026-04-28 17:18:07,889 - httpx - INFO - HTTP Request: POST https://tapi.bale.ai/bot2029474166:MzkMDmPbKHhF6JT0Dn9AYuq84mnTq20L1wk/getUpdates "HTTP/1.1 200 OK"
2026-04-28 17:18:07,898 - balethon.network.connection - INFO - [getUpdates] JSON{'offset': 23}
2026-04-28 17:18:12,950 - httpx - INFO - HTTP Request: POST https://tapi.bale.ai/bot2029474166:MzkMDmPbKHhF6JT0Dn9AYuq84mnTq20L1wk/getUpdates "HTTP/1.1 200 OK"
2026-04-28 17:18:12,959 - balethon.network.connection - INFO - [getUpdates] JSON{'offset': 23}
2026-04-28 17:18:17,975 - httpx - INFO - HTTP Request: POST https://tapi.bale.ai/bot2029474166:MzkMDmPbKHhF6JT0Dn9AYuq84mnTq20L1wk/getUpdates "HTTP/1.1 200 OK"
2026-04-28 17:18:17,984 - balethon.network.connection - INFO - [getUpdates] JSON{'offset': 23}
2026-04-28 17:18:23,002 - httpx - INFO - HTTP Request: POST https://tapi.bale.ai/bot2029474166:MzkMDmPbKHhF6JT0Dn9AYuq84mnTq20L1wk/getUpdates "HTTP/1.1 200 OK"
2026-04-28 17:18:23,017 - balethon.network.connection - INFO - [getUpdates] JSON{'offset': 23}
2026-04-28 17:18:28,033 - httpx - INFO - HTTP Request: POST https://tapi.bale.ai/bot2029474166:MzkMDmPbKHhF6JT0Dn9AYuq84mnTq20L1wk/getUpdates "HTTP/1.1 200 OK"
2026-04-28 17:18:28,047 - balethon.network.connection - INFO - [getUpdates] JSON{'offset': 23}
2026-04-28 17:18:33,063 - httpx - INFO - HTTP Request: POST https://tapi.bale.ai/bot2029474166:MzkMDmPbKHhF6JT0Dn9AYuq84mnTq20L1wk/getUpdates "HTTP/1.1 200 OK"
2026-04-28 17:18:33,071 - balethon.network.connection - INFO - [getUpdates] JSON{'offset': 23}
2026-04-28 17:18:38,087 - httpx - INFO - HTTP Request: POST https://tapi.bale.ai/bot2029474166:MzkMDmPbKHhF6JT0Dn9AYuq84mnTq20L1wk/getUpdates "HTTP/1.1 200 OK"
2026-04-28 17:18:38,095 - balethon.network.connection - INFO - [getUpdates] JSON{'offset': 23}
2026-04-28 17:18:43,114 - httpx - INFO - HTTP Request: POST https://tapi.bale.ai/bot2029474166:MzkMDmPbKHhF6JT0Dn9AYuq84mnTq20L1wk/getUpdates "HTTP/1.1 200 OK"
2026-04-28 17:18:43,127 - balethon.network.connection - INFO - [getUpdates] JSON{'offset': 23}
2026-04-28 17:18:48,145 - httpx - INFO - HTTP Request: POST https://tapi.bale.ai/bot2029474166:MzkMDmPbKHhF6JT0Dn9AYuq84mnTq20L1wk/getUpdates "HTTP/1.1 200 OK"
2026-04-28 17:18:48,159 - balethon.network.connection - INFO - [getUpdates] JSON{'offset': 23}
2026-04-28 17:18:53,181 - httpx - INFO - HTTP Request: POST https://tapi.bale.ai/bot2029474166:MzkMDmPbKHhF6JT0Dn9AYuq84mnTq20L1wk/getUpdates "HTTP/1.1 200 OK"
2026-04-28 17:18:53,196 - balethon.network.connection - INFO - [getUpdates] JSON{'offset': 23}
2026-04-28 17:18:58,230 - httpx - INFO - HTTP Request: POST https://tapi.bale.ai/bot2029474166:MzkMDmPbKHhF6JT0Dn9AYuq84mnTq20L1wk/getUpdates "HTTP/1.1 200 OK"
2026-04-28 17:18:58,238 - balethon.network.connection - INFO - [getUpdates] JSON{'offset': 23}
2026-04-28 17:19:03,252 - httpx - INFO - HTTP Request: POST https://tapi.bale.ai/bot2029474166:MzkMDmPbKHhF6JT0Dn9AYuq84mnTq20L1wk/getUpdates "HTTP/1.1 200 OK"
2026-04-28 17:19:03,260 - balethon.network.connection - INFO - [getUpdates] JSON{'offset': 23}
2026-04-28 17:19:08,329 - httpx - INFO - HTTP Request: POST https://tapi.bale.ai/bot2029474166:MzkMDmPbKHhF6JT0Dn9AYuq84mnTq20L1wk/getUpdates "HTTP/1.1 200 OK"
2026-04-28 17:19:08,344 - balethon.network.connection - INFO - [getUpdates] JSON{'offset': 23}
2026-04-28 17:19:13,360 - httpx - INFO - HTTP Request: POST https://tapi.bale.ai/bot2029474166:MzkMDmPbKHhF6JT0Dn9AYuq84mnTq20L1wk/getUpdates "HTTP/1.1 200 OK"
2026-04-28 17:19:13,374 - balethon.network.connection - INFO - [getUpdates] JSON{'offset': 23}
2026-04-28 17:19:18,394 - httpx - INFO - HTTP Request: POST https://tapi.bale.ai/bot2029474166:MzkMDmPbKHhF6JT0Dn9AYuq84mnTq20L1wk/getUpdates "HTTP/1.1 200 OK"
2026-04-28 17:19:18,407 - balethon.network.connection - INFO - [getUpdates] JSON{'offset': 23}
2026-04-28 17:19:23,428 - httpx - INFO - HTTP Request: POST https://tapi.bale.ai/bot2029474166:MzkMDmPbKHhF6JT0Dn9AYuq84mnTq20L1wk/getUpdates "HTTP/1.1 200 OK"
2026-04-28 17:19:23,437 - balethon.network.connection - INFO - [getUpdates] JSON{'offset': 23}
2026-04-28 17:19:28,456 - httpx - INFO - HTTP Request: POST https://tapi.bale.ai/bot2029474166:MzkMDmPbKHhF6JT0Dn9AYuq84mnTq20L1wk/getUpdates "HTTP/1.1 200 OK"
2026-04-28 17:19:28,470 - balethon.network.connection - INFO - [getUpdates] JSON{'offset': 23}
2026-04-28 17:19:33,486 - httpx - INFO - HTTP Request: POST https://tapi.bale.ai/bot2029474166:MzkMDmPbKHhF6JT0Dn9AYuq84mnTq20L1wk/getUpdates "HTTP/1.1 200 OK"
2026-04-28 17:19:33,493 - balethon.network.connection - INFO - [getUpdates] JSON{'offset': 23}
2026-04-28 17:19:38,509 - httpx - INFO - HTTP Request: POST https://tapi.bale.ai/bot2029474166:MzkMDmPbKHhF6JT0Dn9AYuq84mnTq20L1wk/getUpdates "HTTP/1.1 200 OK"
2026-04-28 17:19:38,518 - balethon.network.connection - INFO - [getUpdates] JSON{'offset': 23}
2026-04-28 17:19:43,538 - httpx - INFO - HTTP Request: POST https://tapi.bale.ai/bot2029474166:MzkMDmPbKHhF6JT0Dn9AYuq84mnTq20L1wk/getUpdates "HTTP/1.1 200 OK"
2026-04-28 17:19:43,552 - balethon.network.connection - INFO - [getUpdates] JSON{'offset': 23}
2026-04-28 17:19:48,566 - httpx - INFO - HTTP Request: POST https://tapi.bale.ai/bot2029474166:MzkMDmPbKHhF6JT0Dn9AYuq84mnTq20L1wk/getUpdates "HTTP/1.1 200 OK"
2026-04-28 17:19:48,575 - balethon.network.connection - INFO - [getUpdates] JSON{'offset': 23}
2026-04-28 17:19:53,651 - httpx - INFO - HTTP Request: POST https://tapi.bale.ai/bot2029474166:MzkMDmPbKHhF6JT0Dn9AYuq84mnTq20L1wk/getUpdates "HTTP/1.1 200 OK"
2026-04-28 17:19:53,655 - balethon.network.connection - INFO - [getUpdates] JSON{'offset': 23}
2026-04-28 17:19:58,735 - httpx - INFO - HTTP Request: POST https://tapi.bale.ai/bot2029474166:MzkMDmPbKHhF6JT0Dn9AYuq84mnTq20L1wk/getUpdates "HTTP/1.1 200 OK"
2026-04-28 17:19:58,749 - balethon.network.connection - INFO - [getUpdates] JSON{'offset': 23}
2026-04-28 17:20:03,821 - httpx - INFO - HTTP Request: POST https://tapi.bale.ai/bot2029474166:MzkMDmPbKHhF6JT0Dn9AYuq84mnTq20L1wk/getUpdates "HTTP/1.1 200 OK"
2026-04-28 17:20:03,830 - balethon.network.connection - INFO - [getUpdates] JSON{'offset': 23}
2026-04-28 17:20:08,857 - httpx - INFO - HTTP Request: POST https://tapi.bale.ai/bot2029474166:MzkMDmPbKHhF6JT0Dn9AYuq84mnTq20L1wk/getUpdates "HTTP/1.1 200 OK"
2026-04-28 17:20:08,869 - balethon.network.connection - INFO - [getUpdates] JSON{'offset': 23}
2026-04-28 17:20:13,885 - httpx - INFO - HTTP Request: POST https://tapi.bale.ai/bot2029474166:MzkMDmPbKHhF6JT0Dn9AYuq84mnTq20L1wk/getUpdates "HTTP/1.1 200 OK"
2026-04-28 17:20:13,895 - balethon.network.connection - INFO - [getUpdates] JSON{'offset': 23}
2026-04-28 17:20:18,969 - httpx - INFO - HTTP Request: POST https://tapi.bale.ai/bot2029474166:MzkMDmPbKHhF6JT0Dn9AYuq84mnTq20L1wk/getUpdates "HTTP/1.1 200 OK"
2026-04-28 17:20:18,979 - balethon.network.connection - INFO - [getUpdates] JSON{'offset': 23}
2026-04-28 17:20:23,999 - httpx - INFO - HTTP Request: POST https://tapi.bale.ai/bot2029474166:MzkMDmPbKHhF6JT0Dn9AYuq84mnTq20L1wk/getUpdates "HTTP/1.1 200 OK"
2026-04-28 17:20:24,009 - balethon.network.connection - INFO - [getUpdates] JSON{'offset': 23}
2026-04-28 17:20:29,024 - httpx - INFO - HTTP Request: POST https://tapi.bale.ai/bot2029474166:MzkMDmPbKHhF6JT0Dn9AYuq84mnTq20L1wk/getUpdates "HTTP/1.1 200 OK"
2026-04-28 17:20:29,036 - balethon.network.connection - INFO - [getUpdates] JSON{'offset': 23}
2026-04-28 17:20:34,055 - httpx - INFO - HTTP Request: POST https://tapi.bale.ai/bot2029474166:MzkMDmPbKHhF6JT0Dn9AYuq84mnTq20L1wk/getUpdates "HTTP/1.1 200 OK"
2026-04-28 17:20:34,067 - balethon.network.connection - INFO - [getUpdates] JSON{'offset': 23}
2026-04-28 17:20:39,086 - httpx - INFO - HTTP Request: POST https://tapi.bale.ai/bot2029474166:MzkMDmPbKHhF6JT0Dn9AYuq84mnTq20L1wk/getUpdates "HTTP/1.1 200 OK"
2026-04-28 17:20:39,096 - balethon.network.connection - INFO - [getUpdates] JSON{'offset': 23}
2026-04-28 17:20:44,112 - httpx - INFO - HTTP Request: POST https://tapi.bale.ai/bot2029474166:MzkMDmPbKHhF6JT0Dn9AYuq84mnTq20L1wk/getUpdates "HTTP/1.1 200 OK"
2026-04-28 17:20:44,120 - balethon.network.connection - INFO - [getUpdates] JSON{'offset': 23}
2026-04-28 17:20:49,137 - httpx - INFO - HTTP Request: POST https://tapi.bale.ai/bot2029474166:MzkMDmPbKHhF6JT0Dn9AYuq84mnTq20L1wk/getUpdates "HTTP/1.1 200 OK"
2026-04-28 17:20:49,150 - balethon.network.connection - INFO - [getUpdates] JSON{'offset': 23}
2026-04-28 17:20:54,167 - httpx - INFO - HTTP Request: POST https://tapi.bale.ai/bot2029474166:MzkMDmPbKHhF6JT0Dn9AYuq84mnTq20L1wk/getUpdates "HTTP/1.1 200 OK"
2026-04-28 17:20:54,177 - balethon.network.connection - INFO - [getUpdates] JSON{'offset': 23}
2026-04-28 17:20:59,227 - httpx - INFO - HTTP Request: POST https://tapi.bale.ai/bot2029474166:MzkMDmPbKHhF6JT0Dn9AYuq84mnTq20L1wk/getUpdates "HTTP/1.1 200 OK"
2026-04-28 17:20:59,239 - balethon.network.connection - INFO - [getUpdates] JSON{'offset': 23}
2026-04-28 17:21:04,262 - httpx - INFO - HTTP Request: POST https://tapi.bale.ai/bot2029474166:MzkMDmPbKHhF6JT0Dn9AYuq84mnTq20L1wk/getUpdates "HTTP/1.1 200 OK"
2026-04-28 17:21:04,275 - balethon.network.connection - INFO - [getUpdates] JSON{'offset': 23}
2026-04-28 17:21:09,294 - httpx - INFO - HTTP Request: POST https://tapi.bale.ai/bot2029474166:MzkMDmPbKHhF6JT0Dn9AYuq84mnTq20L1wk/getUpdates "HTTP/1.1 200 OK"
2026-04-28 17:21:09,305 - balethon.network.connection - INFO - [getUpdates] JSON{'offset': 23}
2026-04-28 17:21:14,356 - httpx - INFO - HTTP Request: POST https://tapi.bale.ai/bot2029474166:MzkMDmPbKHhF6JT0Dn9AYuq84mnTq20L1wk/getUpdates "HTTP/1.1 200 OK"
2026-04-28 17:21:14,368 - balethon.network.connection - INFO - [getUpdates] JSON{'offset': 23}
2026-04-28 17:21:19,432 - httpx - INFO - HTTP Request: POST https://tapi.bale.ai/bot2029474166:MzkMDmPbKHhF6JT0Dn9AYuq84mnTq20L1wk/getUpdates "HTTP/1.1 200 OK"
2026-04-28 17:21:19,442 - balethon.network.connection - INFO - [getUpdates] JSON{'offset': 23}
2026-04-28 17:21:24,456 - httpx - INFO - HTTP Request: POST https://tapi.bale.ai/bot2029474166:MzkMDmPbKHhF6JT0Dn9AYuq84mnTq20L1wk/getUpdates "HTTP/1.1 200 OK"
2026-04-28 17:21:24,469 - balethon.network.connection - INFO - [getUpdates] JSON{'offset': 23}
2026-04-28 17:21:29,487 - httpx - INFO - HTTP Request: POST https://tapi.bale.ai/bot2029474166:MzkMDmPbKHhF6JT0Dn9AYuq84mnTq20L1wk/getUpdates "HTTP/1.1 200 OK"
2026-04-28 17:21:29,501 - balethon.network.connection - INFO - [getUpdates] JSON{'offset': 23}
2026-04-28 17:21:34,517 - httpx - INFO - HTTP Request: POST https://tapi.bale.ai/bot2029474166:MzkMDmPbKHhF6JT0Dn9AYuq84mnTq20L1wk/getUpdates "HTTP/1.1 200 OK"
2026-04-28 17:21:34,525 - balethon.network.connection - INFO - [getUpdates] JSON{'offset': 23}
2026-04-28 17:21:39,540 - httpx - INFO - HTTP Request: POST https://tapi.bale.ai/bot2029474166:MzkMDmPbKHhF6JT0Dn9AYuq84mnTq20L1wk/getUpdates "HTTP/1.1 200 OK"
2026-04-28 17:21:39,554 - balethon.network.connection - INFO - [getUpdates] JSON{'offset': 23}
2026-04-28 17:21:44,568 - httpx - INFO - HTTP Request: POST https://tapi.bale.ai/bot2029474166:MzkMDmPbKHhF6JT0Dn9AYuq84mnTq20L1wk/getUpdates "HTTP/1.1 200 OK"
2026-04-28 17:21:44,582 - balethon.network.connection - INFO - [getUpdates] JSON{'offset': 23}
2026-04-28 17:21:49,603 - httpx - INFO - HTTP Request: POST https://tapi.bale.ai/bot2029474166:MzkMDmPbKHhF6JT0Dn9AYuq84mnTq20L1wk/getUpdates "HTTP/1.1 200 OK"
2026-04-28 17:21:49,618 - balethon.network.connection - INFO - [getUpdates] JSON{'offset': 23}
2026-04-28 17:21:54,637 - httpx - INFO - HTTP Request: POST https://tapi.bale.ai/bot2029474166:MzkMDmPbKHhF6JT0Dn9AYuq84mnTq20L1wk/getUpdates "HTTP/1.1 200 OK"
2026-04-28 17:21:54,651 - balethon.network.connection - INFO - [getUpdates] JSON{'offset': 23}
2026-04-28 17:21:59,666 - httpx - INFO - HTTP Request: POST https://tapi.bale.ai/bot2029474166:MzkMDmPbKHhF6JT0Dn9AYuq84mnTq20L1wk/getUpdates "HTTP/1.1 200 OK"
2026-04-28 17:21:59,679 - balethon.network.connection - INFO - [getUpdates] JSON{'offset': 23}
2026-04-28 17:22:04,696 - httpx - INFO - HTTP Request: POST https://tapi.bale.ai/bot2029474166:MzkMDmPbKHhF6JT0Dn9AYuq84mnTq20L1wk/getUpdates "HTTP/1.1 200 OK"
2026-04-28 17:22:04,705 - balethon.network.connection - INFO - [getUpdates] JSON{'offset': 23}
2026-04-28 17:22:09,737 - httpx - INFO - HTTP Request: POST https://tapi.bale.ai/bot2029474166:MzkMDmPbKHhF6JT0Dn9AYuq84mnTq20L1wk/getUpdates "HTTP/1.1 200 OK"
2026-04-28 17:22:09,752 - balethon.network.connection - INFO - [getUpdates] JSON{'offset': 23}
2026-04-28 17:22:14,774 - httpx - INFO - HTTP Request: POST https://tapi.bale.ai/bot2029474166:MzkMDmPbKHhF6JT0Dn9AYuq84mnTq20L1wk/getUpdates "HTTP/1.1 200 OK"
2026-04-28 17:22:14,787 - balethon.network.connection - INFO - [getUpdates] JSON{'offset': 23}
2026-04-28 17:22:19,804 - httpx - INFO - HTTP Request: POST https://tapi.bale.ai/bot2029474166:MzkMDmPbKHhF6JT0Dn9AYuq84mnTq20L1wk/getUpdates "HTTP/1.1 200 OK"
2026-04-28 17:22:19,814 - balethon.network.connection - INFO - [getUpdates] JSON{'offset': 23}
2026-04-28 17:22:24,835 - httpx - INFO - HTTP Request: POST https://tapi.bale.ai/bot2029474166:MzkMDmPbKHhF6JT0Dn9AYuq84mnTq20L1wk/getUpdates "HTTP/1.1 200 OK"
2026-04-28 17:22:24,844 - balethon.network.connection - INFO - [getUpdates] JSON{'offset': 23}
2026-04-28 17:22:29,859 - httpx - INFO - HTTP Request: POST https://tapi.bale.ai/bot2029474166:MzkMDmPbKHhF6JT0Dn9AYuq84mnTq20L1wk/getUpdates "HTTP/1.1 200 OK"
2026-04-28 17:22:29,870 - balethon.network.connection - INFO - [getUpdates] JSON{'offset': 23}
2026-04-28 17:22:34,898 - httpx - INFO - HTTP Request: POST https://tapi.bale.ai/bot2029474166:MzkMDmPbKHhF6JT0Dn9AYuq84mnTq20L1wk/getUpdates "HTTP/1.1 200 OK"
2026-04-28 17:22:34,909 - balethon.network.connection - INFO - [getUpdates] JSON{'offset': 23}
2026-04-28 17:22:39,927 - httpx - INFO - HTTP Request: POST https://tapi.bale.ai/bot2029474166:MzkMDmPbKHhF6JT0Dn9AYuq84mnTq20L1wk/getUpdates "HTTP/1.1 200 OK"
2026-04-28 17:22:39,935 - balethon.network.connection - INFO - [getUpdates] JSON{'offset': 23}
2026-04-28 17:22:44,955 - httpx - INFO - HTTP Request: POST https://tapi.bale.ai/bot2029474166:MzkMDmPbKHhF6JT0Dn9AYuq84mnTq20L1wk/getUpdates "HTTP/1.1 200 OK"
2026-04-28 17:22:44,965 - balethon.network.connection - INFO - [getUpdates] JSON{'offset': 23}
2026-04-28 17:22:50,032 - httpx - INFO - HTTP Request: POST https://tapi.bale.ai/bot2029474166:MzkMDmPbKHhF6JT0Dn9AYuq84mnTq20L1wk/getUpdates "HTTP/1.1 200 OK"
2026-04-28 17:22:50,040 - balethon.network.connection - INFO - [getUpdates] JSON{'offset': 23}
2026-04-28 17:22:55,058 - httpx - INFO - HTTP Request: POST https://tapi.bale.ai/bot2029474166:MzkMDmPbKHhF6JT0Dn9AYuq84mnTq20L1wk/getUpdates "HTTP/1.1 200 OK"
2026-04-28 17:22:55,067 - balethon.network.connection - INFO - [getUpdates] JSON{'offset': 23}
2026-04-28 17:23:00,086 - httpx - INFO - HTTP Request: POST https://tapi.bale.ai/bot2029474166:MzkMDmPbKHhF6JT0Dn9AYuq84mnTq20L1wk/getUpdates "HTTP/1.1 200 OK"
2026-04-28 17:23:00,101 - balethon.network.connection - INFO - [getUpdates] JSON{'offset': 23}
2026-04-28 17:23:05,157 - httpx - INFO - HTTP Request: POST https://tapi.bale.ai/bot2029474166:MzkMDmPbKHhF6JT0Dn9AYuq84mnTq20L1wk/getUpdates "HTTP/1.1 200 OK"
2026-04-28 17:23:05,170 - balethon.network.connection - INFO - [getUpdates] JSON{'offset': 23}
2026-04-28 17:23:10,194 - httpx - INFO - HTTP Request: POST https://tapi.bale.ai/bot2029474166:MzkMDmPbKHhF6JT0Dn9AYuq84mnTq20L1wk/getUpdates "HTTP/1.1 200 OK"
2026-04-28 17:23:10,209 - balethon.network.connection - INFO - [getUpdates] JSON{'offset': 23}
2026-04-28 17:23:15,233 - httpx - INFO - HTTP Request: POST https://tapi.bale.ai/bot2029474166:MzkMDmPbKHhF6JT0Dn9AYuq84mnTq20L1wk/getUpdates "HTTP/1.1 200 OK"
2026-04-28 17:23:15,242 - balethon.network.connection - INFO - [getUpdates] JSON{'offset': 23}
2026-04-28 17:23:20,280 - httpx - INFO - HTTP Request: POST https://tapi.bale.ai/bot2029474166:MzkMDmPbKHhF6JT0Dn9AYuq84mnTq20L1wk/getUpdates "HTTP/1.1 200 OK"
2026-04-28 17:23:20,293 - balethon.network.connection - INFO - [getUpdates] JSON{'offset': 23}
2026-04-28 17:23:25,327 - httpx - INFO - HTTP Request: POST https://tapi.bale.ai/bot2029474166:MzkMDmPbKHhF6JT0Dn9AYuq84mnTq20L1wk/getUpdates "HTTP/1.1 200 OK"
2026-04-28 17:23:25,337 - balethon.network.connection - INFO - [getUpdates] JSON{'offset': 23}
2026-04-28 17:23:30,356 - httpx - INFO - HTTP Request: POST https://tapi.bale.ai/bot2029474166:MzkMDmPbKHhF6JT0Dn9AYuq84mnTq20L1wk/getUpdates "HTTP/1.1 200 OK"
2026-04-28 17:23:30,368 - balethon.network.connection - INFO - [getUpdates] JSON{'offset': 23}
2026-04-28 17:23:35,389 - httpx - INFO - HTTP Request: POST https://tapi.bale.ai/bot2029474166:MzkMDmPbKHhF6JT0Dn9AYuq84mnTq20L1wk/getUpdates "HTTP/1.1 200 OK"
2026-04-28 17:23:35,402 - balethon.network.connection - INFO - [getUpdates] JSON{'offset': 23}
2026-04-28 17:23:40,420 - httpx - INFO - HTTP Request: POST https://tapi.bale.ai/bot2029474166:MzkMDmPbKHhF6JT0Dn9AYuq84mnTq20L1wk/getUpdates "HTTP/1.1 200 OK"
2026-04-28 17:23:40,433 - balethon.network.connection - INFO - [getUpdates] JSON{'offset': 23}
2026-04-28 17:23:45,453 - httpx - INFO - HTTP Request: POST https://tapi.bale.ai/bot2029474166:MzkMDmPbKHhF6JT0Dn9AYuq84mnTq20L1wk/getUpdates "HTTP/1.1 200 OK"
2026-04-28 17:23:45,466 - balethon.network.connection - INFO - [getUpdates] JSON{'offset': 23}
2026-04-28 17:23:50,482 - httpx - INFO - HTTP Request: POST https://tapi.bale.ai/bot2029474166:MzkMDmPbKHhF6JT0Dn9AYuq84mnTq20L1wk/getUpdates "HTTP/1.1 200 OK"
2026-04-28 17:23:50,491 - balethon.network.connection - INFO - [getUpdates] JSON{'offset': 23}
2026-04-28 17:23:55,503 - httpx - INFO - HTTP Request: POST https://tapi.bale.ai/bot2029474166:MzkMDmPbKHhF6JT0Dn9AYuq84mnTq20L1wk/getUpdates "HTTP/1.1 200 OK"
2026-04-28 17:23:55,512 - balethon.network.connection - INFO - [getUpdates] JSON{'offset': 23}
2026-04-28 17:24:00,528 - httpx - INFO - HTTP Request: POST https://tapi.bale.ai/bot2029474166:MzkMDmPbKHhF6JT0Dn9AYuq84mnTq20L1wk/getUpdates "HTTP/1.1 200 OK"
2026-04-28 17:24:00,536 - balethon.network.connection - INFO - [getUpdates] JSON{'offset': 23}
2026-04-28 17:24:05,553 - httpx - INFO - HTTP Request: POST https://tapi.bale.ai/bot2029474166:MzkMDmPbKHhF6JT0Dn9AYuq84mnTq20L1wk/getUpdates "HTTP/1.1 200 OK"
2026-04-28 17:24:05,567 - balethon.network.connection - INFO - [getUpdates] JSON{'offset': 23}
2026-04-28 17:24:10,627 - httpx - INFO - HTTP Request: POST https://tapi.bale.ai/bot2029474166:MzkMDmPbKHhF6JT0Dn9AYuq84mnTq20L1wk/getUpdates "HTTP/1.1 200 OK"
2026-04-28 17:24:10,640 - balethon.network.connection - INFO - [getUpdates] JSON{'offset': 23}
2026-04-28 17:24:15,657 - httpx - INFO - HTTP Request: POST https://tapi.bale.ai/bot2029474166:MzkMDmPbKHhF6JT0Dn9AYuq84mnTq20L1wk/getUpdates "HTTP/1.1 200 OK"
2026-04-28 17:24:15,671 - balethon.network.connection - INFO - [getUpdates] JSON{'offset': 23}
2026-04-28 17:24:20,726 - httpx - INFO - HTTP Request: POST https://tapi.bale.ai/bot2029474166:MzkMDmPbKHhF6JT0Dn9AYuq84mnTq20L1wk/getUpdates "HTTP/1.1 200 OK"
2026-04-28 17:24:20,733 - balethon.network.connection - INFO - [getUpdates] JSON{'offset': 23}
2026-04-28 17:24:25,752 - httpx - INFO - HTTP Request: POST https://tapi.bale.ai/bot2029474166:MzkMDmPbKHhF6JT0Dn9AYuq84mnTq20L1wk/getUpdates "HTTP/1.1 200 OK"
2026-04-28 17:24:25,770 - balethon.network.connection - INFO - [getUpdates] JSON{'offset': 23}
2026-04-28 17:24:30,820 - httpx - INFO - HTTP Request: POST https://tapi.bale.ai/bot2029474166:MzkMDmPbKHhF6JT0Dn9AYuq84mnTq20L1wk/getUpdates "HTTP/1.1 200 OK"
2026-04-28 17:24:30,831 - balethon.network.connection - INFO - [getUpdates] JSON{'offset': 23}
2026-04-28 17:24:35,847 - httpx - INFO - HTTP Request: POST https://tapi.bale.ai/bot2029474166:MzkMDmPbKHhF6JT0Dn9AYuq84mnTq20L1wk/getUpdates "HTTP/1.1 200 OK"
2026-04-28 17:24:35,859 - balethon.network.connection - INFO - [getUpdates] JSON{'offset': 23}
2026-04-28 17:24:40,880 - httpx - INFO - HTTP Request: POST https://tapi.bale.ai/bot2029474166:MzkMDmPbKHhF6JT0Dn9AYuq84mnTq20L1wk/getUpdates "HTTP/1.1 200 OK"
2026-04-28 17:24:40,887 - balethon.network.connection - INFO - [getUpdates] JSON{'offset': 23}
2026-04-28 17:24:45,905 - httpx - INFO - HTTP Request: POST https://tapi.bale.ai/bot2029474166:MzkMDmPbKHhF6JT0Dn9AYuq84mnTq20L1wk/getUpdates "HTTP/1.1 200 OK"
2026-04-28 17:24:45,913 - balethon.network.connection - INFO - [getUpdates] JSON{'offset': 23}
2026-04-28 17:24:50,929 - httpx - INFO - HTTP Request: POST https://tapi.bale.ai/bot2029474166:MzkMDmPbKHhF6JT0Dn9AYuq84mnTq20L1wk/getUpdates "HTTP/1.1 200 OK"
2026-04-28 17:24:50,937 - balethon.network.connection - INFO - [getUpdates] JSON{'offset': 23}
2026-04-28 17:24:56,058 - httpx - INFO - HTTP Request: POST https://tapi.bale.ai/bot2029474166:MzkMDmPbKHhF6JT0Dn9AYuq84mnTq20L1wk/getUpdates "HTTP/1.1 200 OK"
2026-04-28 17:24:56,073 - balethon.network.connection - INFO - [getUpdates] JSON{'offset': 23}
2026-04-28 17:25:01,091 - httpx - INFO - HTTP Request: POST https://tapi.bale.ai/bot2029474166:MzkMDmPbKHhF6JT0Dn9AYuq84mnTq20L1wk/getUpdates "HTTP/1.1 200 OK"
2026-04-28 17:25:01,104 - balethon.network.connection - INFO - [getUpdates] JSON{'offset': 23}
2026-04-28 17:25:06,130 - httpx - INFO - HTTP Request: POST https://tapi.bale.ai/bot2029474166:MzkMDmPbKHhF6JT0Dn9AYuq84mnTq20L1wk/getUpdates "HTTP/1.1 200 OK"
2026-04-28 17:25:06,144 - balethon.network.connection - INFO - [getUpdates] JSON{'offset': 23}
2026-04-28 17:25:11,161 - httpx - INFO - HTTP Request: POST https://tapi.bale.ai/bot2029474166:MzkMDmPbKHhF6JT0Dn9AYuq84mnTq20L1wk/getUpdates "HTTP/1.1 200 OK"
2026-04-28 17:25:11,169 - balethon.network.connection - INFO - [getUpdates] JSON{'offset': 23}
2026-04-28 17:25:16,185 - httpx - INFO - HTTP Request: POST https://tapi.bale.ai/bot2029474166:MzkMDmPbKHhF6JT0Dn9AYuq84mnTq20L1wk/getUpdates "HTTP/1.1 200 OK"
2026-04-28 17:25:16,202 - balethon.network.connection - INFO - [getUpdates] JSON{'offset': 23}
2026-04-28 17:25:21,227 - httpx - INFO - HTTP Request: POST https://tapi.bale.ai/bot2029474166:MzkMDmPbKHhF6JT0Dn9AYuq84mnTq20L1wk/getUpdates "HTTP/1.1 200 OK"
2026-04-28 17:25:21,240 - balethon.network.connection - INFO - [getUpdates] JSON{'offset': 23}
2026-04-28 17:25:26,256 - httpx - INFO - HTTP Request: POST https://tapi.bale.ai/bot2029474166:MzkMDmPbKHhF6JT0Dn9AYuq84mnTq20L1wk/getUpdates "HTTP/1.1 200 OK"
2026-04-28 17:25:26,270 - balethon.network.connection - INFO - [getUpdates] JSON{'offset': 23}
2026-04-28 17:25:31,287 - httpx - INFO - HTTP Request: POST https://tapi.bale.ai/bot2029474166:MzkMDmPbKHhF6JT0Dn9AYuq84mnTq20L1wk/getUpdates "HTTP/1.1 200 OK"
2026-04-28 17:25:31,297 - balethon.network.connection - INFO - [getUpdates] JSON{'offset': 23}
2026-04-28 17:25:36,336 - httpx - INFO - HTTP Request: POST https://tapi.bale.ai/bot2029474166:MzkMDmPbKHhF6JT0Dn9AYuq84mnTq20L1wk/getUpdates "HTTP/1.1 200 OK"
2026-04-28 17:25:36,345 - balethon.network.connection - INFO - [getUpdates] JSON{'offset': 23}
2026-04-28 17:25:41,367 - httpx - INFO - HTTP Request: POST https://tapi.bale.ai/bot2029474166:MzkMDmPbKHhF6JT0Dn9AYuq84mnTq20L1wk/getUpdates "HTTP/1.1 200 OK"
2026-04-28 17:25:41,380 - balethon.network.connection - INFO - [getUpdates] JSON{'offset': 23}
2026-04-28 17:25:46,397 - httpx - INFO - HTTP Request: POST https://tapi.bale.ai/bot2029474166:MzkMDmPbKHhF6JT0Dn9AYuq84mnTq20L1wk/getUpdates "HTTP/1.1 200 OK"
2026-04-28 17:25:46,406 - balethon.network.connection - INFO - [getUpdates] JSON{'offset': 23}
2026-04-28 17:25:51,422 - httpx - INFO - HTTP Request: POST https://tapi.bale.ai/bot2029474166:MzkMDmPbKHhF6JT0Dn9AYuq84mnTq20L1wk/getUpdates "HTTP/1.1 200 OK"
2026-04-28 17:25:51,437 - balethon.network.connection - INFO - [getUpdates] JSON{'offset': 23}
2026-04-28 17:25:56,476 - httpx - INFO - HTTP Request: POST https://tapi.bale.ai/bot2029474166:MzkMDmPbKHhF6JT0Dn9AYuq84mnTq20L1wk/getUpdates "HTTP/1.1 200 OK"
2026-04-28 17:25:56,493 - balethon.network.connection - INFO - [getUpdates] JSON{'offset': 23}
2026-04-28 17:26:01,510 - httpx - INFO - HTTP Request: POST https://tapi.bale.ai/bot2029474166:MzkMDmPbKHhF6JT0Dn9AYuq84mnTq20L1wk/getUpdates "HTTP/1.1 200 OK"
2026-04-28 17:26:01,522 - balethon.network.connection - INFO - [getUpdates] JSON{'offset': 23}
2026-04-28 17:26:06,541 - httpx - INFO - HTTP Request: POST https://tapi.bale.ai/bot2029474166:MzkMDmPbKHhF6JT0Dn9AYuq84mnTq20L1wk/getUpdates "HTTP/1.1 200 OK"
2026-04-28 17:26:06,550 - balethon.network.connection - INFO - [getUpdates] JSON{'offset': 23}
2026-04-28 17:26:11,564 - httpx - INFO - HTTP Request: POST https://tapi.bale.ai/bot2029474166:MzkMDmPbKHhF6JT0Dn9AYuq84mnTq20L1wk/getUpdates "HTTP/1.1 200 OK"
2026-04-28 17:26:11,573 - balethon.network.connection - INFO - [getUpdates] JSON{'offset': 23}
2026-04-28 17:26:16,591 - httpx - INFO - HTTP Request: POST https://tapi.bale.ai/bot2029474166:MzkMDmPbKHhF6JT0Dn9AYuq84mnTq20L1wk/getUpdates "HTTP/1.1 200 OK"
2026-04-28 17:26:16,602 - balethon.network.connection - INFO - [getUpdates] JSON{'offset': 23}
2026-04-28 17:26:21,644 - httpx - INFO - HTTP Request: POST https://tapi.bale.ai/bot2029474166:MzkMDmPbKHhF6JT0Dn9AYuq84mnTq20L1wk/getUpdates "HTTP/1.1 200 OK"
2026-04-28 17:26:21,659 - balethon.network.connection - INFO - [getUpdates] JSON{'offset': 23}
2026-04-28 17:26:26,677 - httpx - INFO - HTTP Request: POST https://tapi.bale.ai/bot2029474166:MzkMDmPbKHhF6JT0Dn9AYuq84mnTq20L1wk/getUpdates "HTTP/1.1 200 OK"
2026-04-28 17:26:26,691 - balethon.network.connection - INFO - [getUpdates] JSON{'offset': 23}
2026-04-28 17:26:31,709 - httpx - INFO - HTTP Request: POST https://tapi.bale.ai/bot2029474166:MzkMDmPbKHhF6JT0Dn9AYuq84mnTq20L1wk/getUpdates "HTTP/1.1 200 OK"
2026-04-28 17:26:31,718 - balethon.network.connection - INFO - [getUpdates] JSON{'offset': 23}
2026-04-28 17:26:36,761 - httpx - INFO - HTTP Request: POST https://tapi.bale.ai/bot2029474166:MzkMDmPbKHhF6JT0Dn9AYuq84mnTq20L1wk/getUpdates "HTTP/1.1 200 OK"
2026-04-28 17:26:36,769 - balethon.network.connection - INFO - [getUpdates] JSON{'offset': 23}
2026-04-28 17:26:41,787 - httpx - INFO - HTTP Request: POST https://tapi.bale.ai/bot2029474166:MzkMDmPbKHhF6JT0Dn9AYuq84mnTq20L1wk/getUpdates "HTTP/1.1 200 OK"
2026-04-28 17:26:41,796 - balethon.network.connection - INFO - [getUpdates] JSON{'offset': 23}
2026-04-28 17:26:46,830 - httpx - INFO - HTTP Request: POST https://tapi.bale.ai/bot2029474166:MzkMDmPbKHhF6JT0Dn9AYuq84mnTq20L1wk/getUpdates "HTTP/1.1 200 OK"
2026-04-28 17:26:46,842 - balethon.network.connection - INFO - [getUpdates] JSON{'offset': 23}
2026-04-28 17:26:51,860 - httpx - INFO - HTTP Request: POST https://tapi.bale.ai/bot2029474166:MzkMDmPbKHhF6JT0Dn9AYuq84mnTq20L1wk/getUpdates "HTTP/1.1 200 OK"
2026-04-28 17:26:51,875 - balethon.network.connection - INFO - [getUpdates] JSON{'offset': 23}
2026-04-28 17:26:56,932 - httpx - INFO - HTTP Request: POST https://tapi.bale.ai/bot2029474166:MzkMDmPbKHhF6JT0Dn9AYuq84mnTq20L1wk/getUpdates "HTTP/1.1 200 OK"
2026-04-28 17:26:56,940 - balethon.network.connection - INFO - [getUpdates] JSON{'offset': 23}
2026-04-28 17:27:01,961 - httpx - INFO - HTTP Request: POST https://tapi.bale.ai/bot2029474166:MzkMDmPbKHhF6JT0Dn9AYuq84mnTq20L1wk/getUpdates "HTTP/1.1 200 OK"
2026-04-28 17:27:01,974 - balethon.network.connection - INFO - [getUpdates] JSON{'offset': 23}
2026-04-28 17:27:06,990 - httpx - INFO - HTTP Request: POST https://tapi.bale.ai/bot2029474166:MzkMDmPbKHhF6JT0Dn9AYuq84mnTq20L1wk/getUpdates "HTTP/1.1 200 OK"
2026-04-28 17:27:07,005 - balethon.network.connection - INFO - [getUpdates] JSON{'offset': 23}
2026-04-28 17:27:12,036 - httpx - INFO - HTTP Request: POST https://tapi.bale.ai/bot2029474166:MzkMDmPbKHhF6JT0Dn9AYuq84mnTq20L1wk/getUpdates "HTTP/1.1 200 OK"
2026-04-28 17:27:12,045 - balethon.network.connection - INFO - [getUpdates] JSON{'offset': 23}
2026-04-28 17:27:17,065 - httpx - INFO - HTTP Request: POST https://tapi.bale.ai/bot2029474166:MzkMDmPbKHhF6JT0Dn9AYuq84mnTq20L1wk/getUpdates "HTTP/1.1 200 OK"
2026-04-28 17:27:17,077 - balethon.network.connection - INFO - [getUpdates] JSON{'offset': 23}
2026-04-28 17:27:22,100 - httpx - INFO - HTTP Request: POST https://tapi.bale.ai/bot2029474166:MzkMDmPbKHhF6JT0Dn9AYuq84mnTq20L1wk/getUpdates "HTTP/1.1 200 OK"
2026-04-28 17:27:22,112 - balethon.network.connection - INFO - [getUpdates] JSON{'offset': 23}
2026-04-28 17:27:27,142 - httpx - INFO - HTTP Request: POST https://tapi.bale.ai/bot2029474166:MzkMDmPbKHhF6JT0Dn9AYuq84mnTq20L1wk/getUpdates "HTTP/1.1 200 OK"
2026-04-28 17:27:27,151 - balethon.network.connection - INFO - [getUpdates] JSON{'offset': 23}
2026-04-28 17:27:32,166 - httpx - INFO - HTTP Request: POST https://tapi.bale.ai/bot2029474166:MzkMDmPbKHhF6JT0Dn9AYuq84mnTq20L1wk/getUpdates "HTTP/1.1 200 OK"
2026-04-28 17:27:32,181 - balethon.network.connection - INFO - [getUpdates] JSON{'offset': 23}
2026-04-28 17:27:37,231 - httpx - INFO - HTTP Request: POST https://tapi.bale.ai/bot2029474166:MzkMDmPbKHhF6JT0Dn9AYuq84mnTq20L1wk/getUpdates "HTTP/1.1 200 OK"
2026-04-28 17:27:37,243 - balethon.network.connection - INFO - [getUpdates] JSON{'offset': 23}
2026-04-28 17:27:42,280 - httpx - INFO - HTTP Request: POST https://tapi.bale.ai/bot2029474166:MzkMDmPbKHhF6JT0Dn9AYuq84mnTq20L1wk/getUpdates "HTTP/1.1 200 OK"
2026-04-28 17:27:42,290 - balethon.network.connection - INFO - [getUpdates] JSON{'offset': 23}
2026-04-28 17:27:47,335 - httpx - INFO - HTTP Request: POST https://tapi.bale.ai/bot2029474166:MzkMDmPbKHhF6JT0Dn9AYuq84mnTq20L1wk/getUpdates "HTTP/1.1 200 OK"
2026-04-28 17:27:47,348 - balethon.network.connection - INFO - [getUpdates] JSON{'offset': 23}
2026-04-28 17:27:52,371 - httpx - INFO - HTTP Request: POST https://tapi.bale.ai/bot2029474166:MzkMDmPbKHhF6JT0Dn9AYuq84mnTq20L1wk/getUpdates "HTTP/1.1 200 OK"
2026-04-28 17:27:52,379 - balethon.network.connection - INFO - [getUpdates] JSON{'offset': 23}
2026-04-28 17:27:57,396 - httpx - INFO - HTTP Request: POST https://tapi.bale.ai/bot2029474166:MzkMDmPbKHhF6JT0Dn9AYuq84mnTq20L1wk/getUpdates "HTTP/1.1 200 OK"
2026-04-28 17:27:57,403 - balethon.network.connection - INFO - [getUpdates] JSON{'offset': 23}
2026-04-28 17:28:02,470 - httpx - INFO - HTTP Request: POST https://tapi.bale.ai/bot2029474166:MzkMDmPbKHhF6JT0Dn9AYuq84mnTq20L1wk/getUpdates "HTTP/1.1 200 OK"
2026-04-28 17:28:02,481 - balethon.network.connection - INFO - [getUpdates] JSON{'offset': 23}
2026-04-28 17:28:07,540 - httpx - INFO - HTTP Request: POST https://tapi.bale.ai/bot2029474166:MzkMDmPbKHhF6JT0Dn9AYuq84mnTq20L1wk/getUpdates "HTTP/1.1 200 OK"
2026-04-28 17:28:07,552 - balethon.network.connection - INFO - [getUpdates] JSON{'offset': 23}
2026-04-28 17:28:12,641 - httpx - INFO - HTTP Request: POST https://tapi.bale.ai/bot2029474166:MzkMDmPbKHhF6JT0Dn9AYuq84mnTq20L1wk/getUpdates "HTTP/1.1 200 OK"
2026-04-28 17:28:12,649 - balethon.network.connection - INFO - [getUpdates] JSON{'offset': 23}
2026-04-28 17:28:17,669 - httpx - INFO - HTTP Request: POST https://tapi.bale.ai/bot2029474166:MzkMDmPbKHhF6JT0Dn9AYuq84mnTq20L1wk/getUpdates "HTTP/1.1 200 OK"
2026-04-28 17:28:17,682 - balethon.network.connection - INFO - [getUpdates] JSON{'offset': 23}
2026-04-28 17:28:22,701 - httpx - INFO - HTTP Request: POST https://tapi.bale.ai/bot2029474166:MzkMDmPbKHhF6JT0Dn9AYuq84mnTq20L1wk/getUpdates "HTTP/1.1 200 OK"
2026-04-28 17:28:22,717 - balethon.network.connection - INFO - [getUpdates] JSON{'offset': 23}
2026-04-28 17:28:27,733 - httpx - INFO - HTTP Request: POST https://tapi.bale.ai/bot2029474166:MzkMDmPbKHhF6JT0Dn9AYuq84mnTq20L1wk/getUpdates "HTTP/1.1 200 OK"
2026-04-28 17:28:27,746 - balethon.network.connection - INFO - [getUpdates] JSON{'offset': 23}
2026-04-28 17:28:32,766 - httpx - INFO - HTTP Request: POST https://tapi.bale.ai/bot2029474166:MzkMDmPbKHhF6JT0Dn9AYuq84mnTq20L1wk/getUpdates "HTTP/1.1 200 OK"
2026-04-28 17:28:32,778 - balethon.network.connection - INFO - [getUpdates] JSON{'offset': 23}
2026-04-28 17:28:37,803 - httpx - INFO - HTTP Request: POST https://tapi.bale.ai/bot2029474166:MzkMDmPbKHhF6JT0Dn9AYuq84mnTq20L1wk/getUpdates "HTTP/1.1 200 OK"
2026-04-28 17:28:37,815 - balethon.network.connection - INFO - [getUpdates] JSON{'offset': 23}
2026-04-28 17:28:42,838 - httpx - INFO - HTTP Request: POST https://tapi.bale.ai/bot2029474166:MzkMDmPbKHhF6JT0Dn9AYuq84mnTq20L1wk/getUpdates "HTTP/1.1 200 OK"
2026-04-28 17:28:42,851 - balethon.network.connection - INFO - [getUpdates] JSON{'offset': 23}
2026-04-28 17:28:47,895 - httpx - INFO - HTTP Request: POST https://tapi.bale.ai/bot2029474166:MzkMDmPbKHhF6JT0Dn9AYuq84mnTq20L1wk/getUpdates "HTTP/1.1 200 OK"
2026-04-28 17:28:47,911 - balethon.network.connection - INFO - [getUpdates] JSON{'offset': 23}
2026-04-28 17:28:52,935 - httpx - INFO - HTTP Request: POST https://tapi.bale.ai/bot2029474166:MzkMDmPbKHhF6JT0Dn9AYuq84mnTq20L1wk/getUpdates "HTTP/1.1 200 OK"
2026-04-28 17:28:52,948 - balethon.network.connection - INFO - [getUpdates] JSON{'offset': 23}
2026-04-28 17:28:57,964 - httpx - INFO - HTTP Request: POST https://tapi.bale.ai/bot2029474166:MzkMDmPbKHhF6JT0Dn9AYuq84mnTq20L1wk/getUpdates "HTTP/1.1 200 OK"
2026-04-28 17:28:57,980 - balethon.network.connection - INFO - [getUpdates] JSON{'offset': 23}
2026-04-28 17:29:02,996 - httpx - INFO - HTTP Request: POST https://tapi.bale.ai/bot2029474166:MzkMDmPbKHhF6JT0Dn9AYuq84mnTq20L1wk/getUpdates "HTTP/1.1 200 OK"
2026-04-28 17:29:03,016 - balethon.network.connection - INFO - [getUpdates] JSON{'offset': 23}
2026-04-28 17:29:08,038 - httpx - INFO - HTTP Request: POST https://tapi.bale.ai/bot2029474166:MzkMDmPbKHhF6JT0Dn9AYuq84mnTq20L1wk/getUpdates "HTTP/1.1 200 OK"
2026-04-28 17:29:08,052 - balethon.network.connection - INFO - [getUpdates] JSON{'offset': 23}
2026-04-28 17:29:13,080 - httpx - INFO - HTTP Request: POST https://tapi.bale.ai/bot2029474166:MzkMDmPbKHhF6JT0Dn9AYuq84mnTq20L1wk/getUpdates "HTTP/1.1 200 OK"
2026-04-28 17:29:13,093 - balethon.network.connection - INFO - [getUpdates] JSON{'offset': 23}
2026-04-28 17:29:18,113 - httpx - INFO - HTTP Request: POST https://tapi.bale.ai/bot2029474166:MzkMDmPbKHhF6JT0Dn9AYuq84mnTq20L1wk/getUpdates "HTTP/1.1 200 OK"
2026-04-28 17:29:18,128 - balethon.network.connection - INFO - [getUpdates] JSON{'offset': 23}
2026-04-28 17:29:23,151 - httpx - INFO - HTTP Request: POST https://tapi.bale.ai/bot2029474166:MzkMDmPbKHhF6JT0Dn9AYuq84mnTq20L1wk/getUpdates "HTTP/1.1 200 OK"
2026-04-28 17:29:23,167 - balethon.network.connection - INFO - [getUpdates] JSON{'offset': 23}
2026-04-28 17:29:28,186 - httpx - INFO - HTTP Request: POST https://tapi.bale.ai/bot2029474166:MzkMDmPbKHhF6JT0Dn9AYuq84mnTq20L1wk/getUpdates "HTTP/1.1 200 OK"
2026-04-28 17:29:28,195 - balethon.network.connection - INFO - [getUpdates] JSON{'offset': 23}
2026-04-28 17:29:33,243 - httpx - INFO - HTTP Request: POST https://tapi.bale.ai/bot2029474166:MzkMDmPbKHhF6JT0Dn9AYuq84mnTq20L1wk/getUpdates "HTTP/1.1 200 OK"
2026-04-28 17:29:33,255 - balethon.network.connection - INFO - [getUpdates] JSON{'offset': 23}
2026-04-28 17:29:38,279 - httpx - INFO - HTTP Request: POST https://tapi.bale.ai/bot2029474166:MzkMDmPbKHhF6JT0Dn9AYuq84mnTq20L1wk/getUpdates "HTTP/1.1 200 OK"
2026-04-28 17:29:38,287 - balethon.network.connection - INFO - [getUpdates] JSON{'offset': 23}
2026-04-28 17:29:43,359 - httpx - INFO - HTTP Request: POST https://tapi.bale.ai/bot2029474166:MzkMDmPbKHhF6JT0Dn9AYuq84mnTq20L1wk/getUpdates "HTTP/1.1 200 OK"
2026-04-28 17:29:43,370 - balethon.network.connection - INFO - [getUpdates] JSON{'offset': 23}
2026-04-28 17:29:48,461 - httpx - INFO - HTTP Request: POST https://tapi.bale.ai/bot2029474166:MzkMDmPbKHhF6JT0Dn9AYuq84mnTq20L1wk/getUpdates "HTTP/1.1 200 OK"
2026-04-28 17:29:48,465 - balethon.network.connection - INFO - [getUpdates] JSON{'offset': 23}
2026-04-28 17:29:53,534 - httpx - INFO - HTTP Request: POST https://tapi.bale.ai/bot2029474166:MzkMDmPbKHhF6JT0Dn9AYuq84mnTq20L1wk/getUpdates "HTTP/1.1 200 OK"
2026-04-28 17:29:53,545 - balethon.network.connection - INFO - [getUpdates] JSON{'offset': 23}
2026-04-28 17:29:58,562 - httpx - INFO - HTTP Request: POST https://tapi.bale.ai/bot2029474166:MzkMDmPbKHhF6JT0Dn9AYuq84mnTq20L1wk/getUpdates "HTTP/1.1 200 OK"
2026-04-28 17:29:58,569 - balethon.network.connection - INFO - [getUpdates] JSON{'offset': 23}
2026-04-28 17:30:03,588 - httpx - INFO - HTTP Request: POST https://tapi.bale.ai/bot2029474166:MzkMDmPbKHhF6JT0Dn9AYuq84mnTq20L1wk/getUpdates "HTTP/1.1 200 OK"
2026-04-28 17:30:03,602 - balethon.network.connection - INFO - [getUpdates] JSON{'offset': 23}
2026-04-28 17:30:08,618 - httpx - INFO - HTTP Request: POST https://tapi.bale.ai/bot2029474166:MzkMDmPbKHhF6JT0Dn9AYuq84mnTq20L1wk/getUpdates "HTTP/1.1 200 OK"
2026-04-28 17:30:08,632 - balethon.network.connection - INFO - [getUpdates] JSON{'offset': 23}
2026-04-28 17:30:13,649 - httpx - INFO - HTTP Request: POST https://tapi.bale.ai/bot2029474166:MzkMDmPbKHhF6JT0Dn9AYuq84mnTq20L1wk/getUpdates "HTTP/1.1 200 OK"
2026-04-28 17:30:13,656 - balethon.network.connection - INFO - [getUpdates] JSON{'offset': 23}
2026-04-28 17:30:18,671 - httpx - INFO - HTTP Request: POST https://tapi.bale.ai/bot2029474166:MzkMDmPbKHhF6JT0Dn9AYuq84mnTq20L1wk/getUpdates "HTTP/1.1 200 OK"
2026-04-28 17:30:18,686 - balethon.network.connection - INFO - [getUpdates] JSON{'offset': 23}
2026-04-28 17:30:23,745 - httpx - INFO - HTTP Request: POST https://tapi.bale.ai/bot2029474166:MzkMDmPbKHhF6JT0Dn9AYuq84mnTq20L1wk/getUpdates "HTTP/1.1 200 OK"
2026-04-28 17:30:23,759 - balethon.network.connection - INFO - [getUpdates] JSON{'offset': 23}
2026-04-28 17:30:28,776 - httpx - INFO - HTTP Request: POST https://tapi.bale.ai/bot2029474166:MzkMDmPbKHhF6JT0Dn9AYuq84mnTq20L1wk/getUpdates "HTTP/1.1 200 OK"
2026-04-28 17:30:28,792 - balethon.network.connection - INFO - [getUpdates] JSON{'offset': 23}
2026-04-28 17:30:33,822 - httpx - INFO - HTTP Request: POST https://tapi.bale.ai/bot2029474166:MzkMDmPbKHhF6JT0Dn9AYuq84mnTq20L1wk/getUpdates "HTTP/1.1 200 OK"
2026-04-28 17:30:33,836 - balethon.network.connection - INFO - [getUpdates] JSON{'offset': 23}
2026-04-28 17:30:38,857 - httpx - INFO - HTTP Request: POST https://tapi.bale.ai/bot2029474166:MzkMDmPbKHhF6JT0Dn9AYuq84mnTq20L1wk/getUpdates "HTTP/1.1 200 OK"
2026-04-28 17:30:38,871 - balethon.network.connection - INFO - [getUpdates] JSON{'offset': 23}
2026-04-28 17:30:43,886 - httpx - INFO - HTTP Request: POST https://tapi.bale.ai/bot2029474166:MzkMDmPbKHhF6JT0Dn9AYuq84mnTq20L1wk/getUpdates "HTTP/1.1 200 OK"
2026-04-28 17:30:43,900 - balethon.network.connection - INFO - [getUpdates] JSON{'offset': 23}
2026-04-28 17:30:48,944 - httpx - INFO - HTTP Request: POST https://tapi.bale.ai/bot2029474166:MzkMDmPbKHhF6JT0Dn9AYuq84mnTq20L1wk/getUpdates "HTTP/1.1 200 OK"
2026-04-28 17:30:48,956 - balethon.network.connection - INFO - [getUpdates] JSON{'offset': 23}
2026-04-28 17:30:53,971 - httpx - INFO - HTTP Request: POST https://tapi.bale.ai/bot2029474166:MzkMDmPbKHhF6JT0Dn9AYuq84mnTq20L1wk/getUpdates "HTTP/1.1 200 OK"
2026-04-28 17:30:53,985 - balethon.network.connection - INFO - [getUpdates] JSON{'offset': 23}
2026-04-28 17:30:59,023 - httpx - INFO - HTTP Request: POST https://tapi.bale.ai/bot2029474166:MzkMDmPbKHhF6JT0Dn9AYuq84mnTq20L1wk/getUpdates "HTTP/1.1 200 OK"
2026-04-28 17:30:59,032 - balethon.network.connection - INFO - [getUpdates] JSON{'offset': 23}
2026-04-28 17:31:04,049 - httpx - INFO - HTTP Request: POST https://tapi.bale.ai/bot2029474166:MzkMDmPbKHhF6JT0Dn9AYuq84mnTq20L1wk/getUpdates "HTTP/1.1 200 OK"
2026-04-28 17:31:04,057 - balethon.network.connection - INFO - [getUpdates] JSON{'offset': 23}
2026-04-28 17:31:09,079 - httpx - INFO - HTTP Request: POST https://tapi.bale.ai/bot2029474166:MzkMDmPbKHhF6JT0Dn9AYuq84mnTq20L1wk/getUpdates "HTTP/1.1 200 OK"
2026-04-28 17:31:09,089 - balethon.network.connection - INFO - [getUpdates] JSON{'offset': 23}
2026-04-28 17:31:14,105 - httpx - INFO - HTTP Request: POST https://tapi.bale.ai/bot2029474166:MzkMDmPbKHhF6JT0Dn9AYuq84mnTq20L1wk/getUpdates "HTTP/1.1 200 OK"
2026-04-28 17:31:14,113 - balethon.network.connection - INFO - [getUpdates] JSON{'offset': 23}
2026-04-28 17:31:19,143 - httpx - INFO - HTTP Request: POST https://tapi.bale.ai/bot2029474166:MzkMDmPbKHhF6JT0Dn9AYuq84mnTq20L1wk/getUpdates "HTTP/1.1 200 OK"
2026-04-28 17:31:19,153 - balethon.network.connection - INFO - [getUpdates] JSON{'offset': 23}
2026-04-28 17:31:24,171 - httpx - INFO - HTTP Request: POST https://tapi.bale.ai/bot2029474166:MzkMDmPbKHhF6JT0Dn9AYuq84mnTq20L1wk/getUpdates "HTTP/1.1 200 OK"
2026-04-28 17:31:24,180 - balethon.network.connection - INFO - [getUpdates] JSON{'offset': 23}
2026-04-28 17:31:29,215 - httpx - INFO - HTTP Request: POST https://tapi.bale.ai/bot2029474166:MzkMDmPbKHhF6JT0Dn9AYuq84mnTq20L1wk/getUpdates "HTTP/1.1 200 OK"
2026-04-28 17:31:29,224 - balethon.network.connection - INFO - [getUpdates] JSON{'offset': 23}
2026-04-28 17:31:34,238 - httpx - INFO - HTTP Request: POST https://tapi.bale.ai/bot2029474166:MzkMDmPbKHhF6JT0Dn9AYuq84mnTq20L1wk/getUpdates "HTTP/1.1 200 OK"
2026-04-28 17:31:34,246 - balethon.network.connection - INFO - [getUpdates] JSON{'offset': 23}
2026-04-28 17:31:39,261 - httpx - INFO - HTTP Request: POST https://tapi.bale.ai/bot2029474166:MzkMDmPbKHhF6JT0Dn9AYuq84mnTq20L1wk/getUpdates "HTTP/1.1 200 OK"
2026-04-28 17:31:39,268 - balethon.network.connection - INFO - [getUpdates] JSON{'offset': 23}
2026-04-28 17:31:44,339 - httpx - INFO - HTTP Request: POST https://tapi.bale.ai/bot2029474166:MzkMDmPbKHhF6JT0Dn9AYuq84mnTq20L1wk/getUpdates "HTTP/1.1 200 OK"
2026-04-28 17:31:44,346 - balethon.network.connection - INFO - [getUpdates] JSON{'offset': 23}
2026-04-28 17:31:49,360 - httpx - INFO - HTTP Request: POST https://tapi.bale.ai/bot2029474166:MzkMDmPbKHhF6JT0Dn9AYuq84mnTq20L1wk/getUpdates "HTTP/1.1 200 OK"
2026-04-28 17:31:49,373 - balethon.network.connection - INFO - [getUpdates] JSON{'offset': 23}
2026-04-28 17:31:54,389 - httpx - INFO - HTTP Request: POST https://tapi.bale.ai/bot2029474166:MzkMDmPbKHhF6JT0Dn9AYuq84mnTq20L1wk/getUpdates "HTTP/1.1 200 OK"
2026-04-28 17:31:54,405 - balethon.network.connection - INFO - [getUpdates] JSON{'offset': 23}
2026-04-28 17:31:59,427 - httpx - INFO - HTTP Request: POST https://tapi.bale.ai/bot2029474166:MzkMDmPbKHhF6JT0Dn9AYuq84mnTq20L1wk/getUpdates "HTTP/1.1 200 OK"
2026-04-28 17:31:59,442 - balethon.network.connection - INFO - [getUpdates] JSON{'offset': 23}
2026-04-28 17:32:04,467 - httpx - INFO - HTTP Request: POST https://tapi.bale.ai/bot2029474166:MzkMDmPbKHhF6JT0Dn9AYuq84mnTq20L1wk/getUpdates "HTTP/1.1 200 OK"
2026-04-28 17:32:04,482 - balethon.network.connection - INFO - [getUpdates] JSON{'offset': 23}
2026-04-28 17:32:09,535 - httpx - INFO - HTTP Request: POST https://tapi.bale.ai/bot2029474166:MzkMDmPbKHhF6JT0Dn9AYuq84mnTq20L1wk/getUpdates "HTTP/1.1 200 OK"
2026-04-28 17:32:09,544 - balethon.network.connection - INFO - [getUpdates] JSON{'offset': 23}
2026-04-28 17:32:14,559 - httpx - INFO - HTTP Request: POST https://tapi.bale.ai/bot2029474166:MzkMDmPbKHhF6JT0Dn9AYuq84mnTq20L1wk/getUpdates "HTTP/1.1 200 OK"
2026-04-28 17:32:14,570 - balethon.network.connection - INFO - [getUpdates] JSON{'offset': 23}
2026-04-28 17:32:19,586 - httpx - INFO - HTTP Request: POST https://tapi.bale.ai/bot2029474166:MzkMDmPbKHhF6JT0Dn9AYuq84mnTq20L1wk/getUpdates "HTTP/1.1 200 OK"
2026-04-28 17:32:19,594 - balethon.network.connection - INFO - [getUpdates] JSON{'offset': 23}
2026-04-28 17:32:24,652 - httpx - INFO - HTTP Request: POST https://tapi.bale.ai/bot2029474166:MzkMDmPbKHhF6JT0Dn9AYuq84mnTq20L1wk/getUpdates "HTTP/1.1 200 OK"
2026-04-28 17:32:24,661 - balethon.network.connection - INFO - [getUpdates] JSON{'offset': 23}
2026-04-28 17:32:29,744 - httpx - INFO - HTTP Request: POST https://tapi.bale.ai/bot2029474166:MzkMDmPbKHhF6JT0Dn9AYuq84mnTq20L1wk/getUpdates "HTTP/1.1 200 OK"
2026-04-28 17:32:29,757 - balethon.network.connection - INFO - [getUpdates] JSON{'offset': 23}
2026-04-28 17:32:34,816 - httpx - INFO - HTTP Request: POST https://tapi.bale.ai/bot2029474166:MzkMDmPbKHhF6JT0Dn9AYuq84mnTq20L1wk/getUpdates "HTTP/1.1 200 OK"
2026-04-28 17:32:34,830 - balethon.network.connection - INFO - [getUpdates] JSON{'offset': 23}
2026-04-28 17:32:39,853 - httpx - INFO - HTTP Request: POST https://tapi.bale.ai/bot2029474166:MzkMDmPbKHhF6JT0Dn9AYuq84mnTq20L1wk/getUpdates "HTTP/1.1 200 OK"
2026-04-28 17:32:39,866 - balethon.network.connection - INFO - [getUpdates] JSON{'offset': 23}
2026-04-28 17:32:45,084 - httpx - INFO - HTTP Request: POST https://tapi.bale.ai/bot2029474166:MzkMDmPbKHhF6JT0Dn9AYuq84mnTq20L1wk/getUpdates "HTTP/1.1 200 OK"
2026-04-28 17:32:45,093 - balethon.network.connection - INFO - [getUpdates] JSON{'offset': 23}
2026-04-28 17:32:50,118 - httpx - INFO - HTTP Request: POST https://tapi.bale.ai/bot2029474166:MzkMDmPbKHhF6JT0Dn9AYuq84mnTq20L1wk/getUpdates "HTTP/1.1 200 OK"
2026-04-28 17:32:50,126 - balethon.network.connection - INFO - [getUpdates] JSON{'offset': 23}
2026-04-28 17:32:55,170 - httpx - INFO - HTTP Request: POST https://tapi.bale.ai/bot2029474166:MzkMDmPbKHhF6JT0Dn9AYuq84mnTq20L1wk/getUpdates "HTTP/1.1 200 OK"
2026-04-28 17:32:55,184 - balethon.network.connection - INFO - [getUpdates] JSON{'offset': 23}
2026-04-28 17:33:00,200 - httpx - INFO - HTTP Request: POST https://tapi.bale.ai/bot2029474166:MzkMDmPbKHhF6JT0Dn9AYuq84mnTq20L1wk/getUpdates "HTTP/1.1 200 OK"
2026-04-28 17:33:00,208 - balethon.network.connection - INFO - [getUpdates] JSON{'offset': 23}
2026-04-28 17:33:05,233 - httpx - INFO - HTTP Request: POST https://tapi.bale.ai/bot2029474166:MzkMDmPbKHhF6JT0Dn9AYuq84mnTq20L1wk/getUpdates "HTTP/1.1 200 OK"
2026-04-28 17:33:05,248 - balethon.network.connection - INFO - [getUpdates] JSON{'offset': 23}
2026-04-28 17:33:10,266 - httpx - INFO - HTTP Request: POST https://tapi.bale.ai/bot2029474166:MzkMDmPbKHhF6JT0Dn9AYuq84mnTq20L1wk/getUpdates "HTTP/1.1 200 OK"
2026-04-28 17:33:10,275 - balethon.network.connection - INFO - [getUpdates] JSON{'offset': 23}
2026-04-28 17:33:15,295 - httpx - INFO - HTTP Request: POST https://tapi.bale.ai/bot2029474166:MzkMDmPbKHhF6JT0Dn9AYuq84mnTq20L1wk/getUpdates "HTTP/1.1 200 OK"
2026-04-28 17:33:15,306 - balethon.network.connection - INFO - [getUpdates] JSON{'offset': 23}
2026-04-28 17:33:20,340 - httpx - INFO - HTTP Request: POST https://tapi.bale.ai/bot2029474166:MzkMDmPbKHhF6JT0Dn9AYuq84mnTq20L1wk/getUpdates "HTTP/1.1 200 OK"
2026-04-28 17:33:20,352 - balethon.network.connection - INFO - [getUpdates] JSON{'offset': 23}
2026-04-28 17:33:25,368 - httpx - INFO - HTTP Request: POST https://tapi.bale.ai/bot2029474166:MzkMDmPbKHhF6JT0Dn9AYuq84mnTq20L1wk/getUpdates "HTTP/1.1 200 OK"
2026-04-28 17:33:25,381 - balethon.network.connection - INFO - [getUpdates] JSON{'offset': 23}
2026-04-28 17:33:30,402 - httpx - INFO - HTTP Request: POST https://tapi.bale.ai/bot2029474166:MzkMDmPbKHhF6JT0Dn9AYuq84mnTq20L1wk/getUpdates "HTTP/1.1 200 OK"
2026-04-28 17:33:30,416 - balethon.network.connection - INFO - [getUpdates] JSON{'offset': 23}
2026-04-28 17:33:35,435 - httpx - INFO - HTTP Request: POST https://tapi.bale.ai/bot2029474166:MzkMDmPbKHhF6JT0Dn9AYuq84mnTq20L1wk/getUpdates "HTTP/1.1 200 OK"
2026-04-28 17:33:35,448 - balethon.network.connection - INFO - [getUpdates] JSON{'offset': 23}
2026-04-28 17:33:40,471 - httpx - INFO - HTTP Request: POST https://tapi.bale.ai/bot2029474166:MzkMDmPbKHhF6JT0Dn9AYuq84mnTq20L1wk/getUpdates "HTTP/1.1 200 OK"
2026-04-28 17:33:40,484 - balethon.network.connection - INFO - [getUpdates] JSON{'offset': 23}
2026-04-28 17:33:45,503 - httpx - INFO - HTTP Request: POST https://tapi.bale.ai/bot2029474166:MzkMDmPbKHhF6JT0Dn9AYuq84mnTq20L1wk/getUpdates "HTTP/1.1 200 OK"
2026-04-28 17:33:45,516 - balethon.network.connection - INFO - [getUpdates] JSON{'offset': 23}
2026-04-28 17:33:50,551 - httpx - INFO - HTTP Request: POST https://tapi.bale.ai/bot2029474166:MzkMDmPbKHhF6JT0Dn9AYuq84mnTq20L1wk/getUpdates "HTTP/1.1 200 OK"
2026-04-28 17:33:50,560 - balethon.network.connection - INFO - [getUpdates] JSON{'offset': 23}
2026-04-28 17:33:55,577 - httpx - INFO - HTTP Request: POST https://tapi.bale.ai/bot2029474166:MzkMDmPbKHhF6JT0Dn9AYuq84mnTq20L1wk/getUpdates "HTTP/1.1 200 OK"
2026-04-28 17:33:55,591 - balethon.network.connection - INFO - [getUpdates] JSON{'offset': 23}
2026-04-28 17:34:00,615 - httpx - INFO - HTTP Request: POST https://tapi.bale.ai/bot2029474166:MzkMDmPbKHhF6JT0Dn9AYuq84mnTq20L1wk/getUpdates "HTTP/1.1 200 OK"
2026-04-28 17:34:00,624 - balethon.network.connection - INFO - [getUpdates] JSON{'offset': 23}
2026-04-28 17:34:05,641 - httpx - INFO - HTTP Request: POST https://tapi.bale.ai/bot2029474166:MzkMDmPbKHhF6JT0Dn9AYuq84mnTq20L1wk/getUpdates "HTTP/1.1 200 OK"
2026-04-28 17:34:05,646 - balethon.network.connection - INFO - [getUpdates] JSON{'offset': 23}
2026-04-28 17:34:10,659 - httpx - INFO - HTTP Request: POST https://tapi.bale.ai/bot2029474166:MzkMDmPbKHhF6JT0Dn9AYuq84mnTq20L1wk/getUpdates "HTTP/1.1 200 OK"
2026-04-28 17:34:10,674 - balethon.network.connection - INFO - [getUpdates] JSON{'offset': 23}
2026-04-28 17:34:15,693 - httpx - INFO - HTTP Request: POST https://tapi.bale.ai/bot2029474166:MzkMDmPbKHhF6JT0Dn9AYuq84mnTq20L1wk/getUpdates "HTTP/1.1 200 OK"
2026-04-28 17:34:15,703 - balethon.network.connection - INFO - [getUpdates] JSON{'offset': 23}
2026-04-28 17:34:20,757 - httpx - INFO - HTTP Request: POST https://tapi.bale.ai/bot2029474166:MzkMDmPbKHhF6JT0Dn9AYuq84mnTq20L1wk/getUpdates "HTTP/1.1 200 OK"
2026-04-28 17:34:20,765 - balethon.network.connection - INFO - [getUpdates] JSON{'offset': 23}
2026-04-28 17:34:25,782 - httpx - INFO - HTTP Request: POST https://tapi.bale.ai/bot2029474166:MzkMDmPbKHhF6JT0Dn9AYuq84mnTq20L1wk/getUpdates "HTTP/1.1 200 OK"
2026-04-28 17:34:25,797 - balethon.network.connection - INFO - [getUpdates] JSON{'offset': 23}
2026-04-28 17:34:30,850 - httpx - INFO - HTTP Request: POST https://tapi.bale.ai/bot2029474166:MzkMDmPbKHhF6JT0Dn9AYuq84mnTq20L1wk/getUpdates "HTTP/1.1 200 OK"
2026-04-28 17:34:30,863 - balethon.network.connection - INFO - [getUpdates] JSON{'offset': 23}
2026-04-28 17:34:35,882 - httpx - INFO - HTTP Request: POST https://tapi.bale.ai/bot2029474166:MzkMDmPbKHhF6JT0Dn9AYuq84mnTq20L1wk/getUpdates "HTTP/1.1 200 OK"
2026-04-28 17:34:35,891 - balethon.network.connection - INFO - [getUpdates] JSON{'offset': 23}
2026-04-28 17:34:40,940 - httpx - INFO - HTTP Request: POST https://tapi.bale.ai/bot2029474166:MzkMDmPbKHhF6JT0Dn9AYuq84mnTq20L1wk/getUpdates "HTTP/1.1 200 OK"
2026-04-28 17:34:40,949 - balethon.network.connection - INFO - [getUpdates] JSON{'offset': 23}
2026-04-28 17:34:45,965 - httpx - INFO - HTTP Request: POST https://tapi.bale.ai/bot2029474166:MzkMDmPbKHhF6JT0Dn9AYuq84mnTq20L1wk/getUpdates "HTTP/1.1 200 OK"
2026-04-28 17:34:45,981 - balethon.network.connection - INFO - [getUpdates] JSON{'offset': 23}
2026-04-28 17:34:51,048 - httpx - INFO - HTTP Request: POST https://tapi.bale.ai/bot2029474166:MzkMDmPbKHhF6JT0Dn9AYuq84mnTq20L1wk/getUpdates "HTTP/1.1 200 OK"
2026-04-28 17:34:51,063 - balethon.network.connection - INFO - [getUpdates] JSON{'offset': 23}
2026-04-28 17:34:56,088 - httpx - INFO - HTTP Request: POST https://tapi.bale.ai/bot2029474166:MzkMDmPbKHhF6JT0Dn9AYuq84mnTq20L1wk/getUpdates "HTTP/1.1 200 OK"
2026-04-28 17:34:56,099 - balethon.network.connection - INFO - [getUpdates] JSON{'offset': 23}
2026-04-28 17:35:01,114 - httpx - INFO - HTTP Request: POST https://tapi.bale.ai/bot2029474166:MzkMDmPbKHhF6JT0Dn9AYuq84mnTq20L1wk/getUpdates "HTTP/1.1 200 OK"
2026-04-28 17:35:01,129 - balethon.network.connection - INFO - [getUpdates] JSON{'offset': 23}
2026-04-28 17:35:06,171 - httpx - INFO - HTTP Request: POST https://tapi.bale.ai/bot2029474166:MzkMDmPbKHhF6JT0Dn9AYuq84mnTq20L1wk/getUpdates "HTTP/1.1 200 OK"
2026-04-28 17:35:06,180 - balethon.network.connection - INFO - [getUpdates] JSON{'offset': 23}
2026-04-28 17:35:11,195 - httpx - INFO - HTTP Request: POST https://tapi.bale.ai/bot2029474166:MzkMDmPbKHhF6JT0Dn9AYuq84mnTq20L1wk/getUpdates "HTTP/1.1 200 OK"
2026-04-28 17:35:11,203 - balethon.network.connection - INFO - [getUpdates] JSON{'offset': 23}
2026-04-28 17:35:16,245 - httpx - INFO - HTTP Request: POST https://tapi.bale.ai/bot2029474166:MzkMDmPbKHhF6JT0Dn9AYuq84mnTq20L1wk/getUpdates "HTTP/1.1 200 OK"
2026-04-28 17:35:16,257 - balethon.network.connection - INFO - [getUpdates] JSON{'offset': 23}
2026-04-28 17:35:21,339 - httpx - INFO - HTTP Request: POST https://tapi.bale.ai/bot2029474166:MzkMDmPbKHhF6JT0Dn9AYuq84mnTq20L1wk/getUpdates "HTTP/1.1 200 OK"
2026-04-28 17:35:21,350 - balethon.network.connection - INFO - [getUpdates] JSON{'offset': 23}
2026-04-28 17:35:26,372 - httpx - INFO - HTTP Request: POST https://tapi.bale.ai/bot2029474166:MzkMDmPbKHhF6JT0Dn9AYuq84mnTq20L1wk/getUpdates "HTTP/1.1 200 OK"
2026-04-28 17:35:26,387 - balethon.network.connection - INFO - [getUpdates] JSON{'offset': 23}
2026-04-28 17:35:31,405 - httpx - INFO - HTTP Request: POST https://tapi.bale.ai/bot2029474166:MzkMDmPbKHhF6JT0Dn9AYuq84mnTq20L1wk/getUpdates "HTTP/1.1 200 OK"
2026-04-28 17:35:31,417 - balethon.network.connection - INFO - [getUpdates] JSON{'offset': 23}
2026-04-28 17:35:36,434 - httpx - INFO - HTTP Request: POST https://tapi.bale.ai/bot2029474166:MzkMDmPbKHhF6JT0Dn9AYuq84mnTq20L1wk/getUpdates "HTTP/1.1 200 OK"
2026-04-28 17:35:36,444 - balethon.network.connection - INFO - [getUpdates] JSON{'offset': 23}
2026-04-28 17:35:41,467 - httpx - INFO - HTTP Request: POST https://tapi.bale.ai/bot2029474166:MzkMDmPbKHhF6JT0Dn9AYuq84mnTq20L1wk/getUpdates "HTTP/1.1 200 OK"
2026-04-28 17:35:41,481 - balethon.network.connection - INFO - [getUpdates] JSON{'offset': 23}
2026-04-28 17:35:46,507 - httpx - INFO - HTTP Request: POST https://tapi.bale.ai/bot2029474166:MzkMDmPbKHhF6JT0Dn9AYuq84mnTq20L1wk/getUpdates "HTTP/1.1 200 OK"
2026-04-28 17:35:46,519 - balethon.network.connection - INFO - [getUpdates] JSON{'offset': 23}
2026-04-28 17:35:51,538 - httpx - INFO - HTTP Request: POST https://tapi.bale.ai/bot2029474166:MzkMDmPbKHhF6JT0Dn9AYuq84mnTq20L1wk/getUpdates "HTTP/1.1 200 OK"
2026-04-28 17:35:51,554 - balethon.network.connection - INFO - [getUpdates] JSON{'offset': 23}
2026-04-28 17:35:56,571 - httpx - INFO - HTTP Request: POST https://tapi.bale.ai/bot2029474166:MzkMDmPbKHhF6JT0Dn9AYuq84mnTq20L1wk/getUpdates "HTTP/1.1 200 OK"
2026-04-28 17:35:56,585 - balethon.network.connection - INFO - [getUpdates] JSON{'offset': 23}
2026-04-28 17:36:01,601 - httpx - INFO - HTTP Request: POST https://tapi.bale.ai/bot2029474166:MzkMDmPbKHhF6JT0Dn9AYuq84mnTq20L1wk/getUpdates "HTTP/1.1 200 OK"
2026-04-28 17:36:01,610 - balethon.network.connection - INFO - [getUpdates] JSON{'offset': 23}
2026-04-28 17:36:06,639 - httpx - INFO - HTTP Request: POST https://tapi.bale.ai/bot2029474166:MzkMDmPbKHhF6JT0Dn9AYuq84mnTq20L1wk/getUpdates "HTTP/1.1 200 OK"
2026-04-28 17:36:06,649 - balethon.network.connection - INFO - [getUpdates] JSON{'offset': 23}
2026-04-28 17:36:11,671 - httpx - INFO - HTTP Request: POST https://tapi.bale.ai/bot2029474166:MzkMDmPbKHhF6JT0Dn9AYuq84mnTq20L1wk/getUpdates "HTTP/1.1 200 OK"
2026-04-28 17:36:11,680 - balethon.network.connection - INFO - [getUpdates] JSON{'offset': 23}
2026-04-28 17:36:16,695 - httpx - INFO - HTTP Request: POST https://tapi.bale.ai/bot2029474166:MzkMDmPbKHhF6JT0Dn9AYuq84mnTq20L1wk/getUpdates "HTTP/1.1 200 OK"
2026-04-28 17:36:16,710 - balethon.network.connection - INFO - [getUpdates] JSON{'offset': 23}
2026-04-28 17:36:21,728 - httpx - INFO - HTTP Request: POST https://tapi.bale.ai/bot2029474166:MzkMDmPbKHhF6JT0Dn9AYuq84mnTq20L1wk/getUpdates "HTTP/1.1 200 OK"
2026-04-28 17:36:21,738 - balethon.network.connection - INFO - [getUpdates] JSON{'offset': 23}
2026-04-28 17:36:26,750 - httpx - INFO - HTTP Request: POST https://tapi.bale.ai/bot2029474166:MzkMDmPbKHhF6JT0Dn9AYuq84mnTq20L1wk/getUpdates "HTTP/1.1 200 OK"
2026-04-28 17:36:26,763 - balethon.network.connection - INFO - [getUpdates] JSON{'offset': 23}
2026-04-28 17:36:31,782 - httpx - INFO - HTTP Request: POST https://tapi.bale.ai/bot2029474166:MzkMDmPbKHhF6JT0Dn9AYuq84mnTq20L1wk/getUpdates "HTTP/1.1 200 OK"
2026-04-28 17:36:31,795 - balethon.network.connection - INFO - [getUpdates] JSON{'offset': 23}
2026-04-28 17:36:36,813 - httpx - INFO - HTTP Request: POST https://tapi.bale.ai/bot2029474166:MzkMDmPbKHhF6JT0Dn9AYuq84mnTq20L1wk/getUpdates "HTTP/1.1 200 OK"
2026-04-28 17:36:36,822 - balethon.network.connection - INFO - [getUpdates] JSON{'offset': 23}
2026-04-28 17:36:41,852 - httpx - INFO - HTTP Request: POST https://tapi.bale.ai/bot2029474166:MzkMDmPbKHhF6JT0Dn9AYuq84mnTq20L1wk/getUpdates "HTTP/1.1 200 OK"
2026-04-28 17:36:41,862 - balethon.network.connection - INFO - [getUpdates] JSON{'offset': 23}
2026-04-28 17:36:46,883 - httpx - INFO - HTTP Request: POST https://tapi.bale.ai/bot2029474166:MzkMDmPbKHhF6JT0Dn9AYuq84mnTq20L1wk/getUpdates "HTTP/1.1 200 OK"
2026-04-28 17:36:46,896 - balethon.network.connection - INFO - [getUpdates] JSON{'offset': 23}
2026-04-28 17:36:51,916 - httpx - INFO - HTTP Request: POST https://tapi.bale.ai/bot2029474166:MzkMDmPbKHhF6JT0Dn9AYuq84mnTq20L1wk/getUpdates "HTTP/1.1 200 OK"
2026-04-28 17:36:51,931 - balethon.network.connection - INFO - [getUpdates] JSON{'offset': 23}
2026-04-28 17:36:56,950 - httpx - INFO - HTTP Request: POST https://tapi.bale.ai/bot2029474166:MzkMDmPbKHhF6JT0Dn9AYuq84mnTq20L1wk/getUpdates "HTTP/1.1 200 OK"
2026-04-28 17:36:56,959 - balethon.network.connection - INFO - [getUpdates] JSON{'offset': 23}
2026-04-28 17:37:01,976 - httpx - INFO - HTTP Request: POST https://tapi.bale.ai/bot2029474166:MzkMDmPbKHhF6JT0Dn9AYuq84mnTq20L1wk/getUpdates "HTTP/1.1 200 OK"
2026-04-28 17:37:01,993 - balethon.network.connection - INFO - [getUpdates] JSON{'offset': 23}
2026-04-28 17:37:07,009 - httpx - INFO - HTTP Request: POST https://tapi.bale.ai/bot2029474166:MzkMDmPbKHhF6JT0Dn9AYuq84mnTq20L1wk/getUpdates "HTTP/1.1 200 OK"
2026-04-28 17:37:07,022 - balethon.network.connection - INFO - [getUpdates] JSON{'offset': 23}
2026-04-28 17:37:12,050 - httpx - INFO - HTTP Request: POST https://tapi.bale.ai/bot2029474166:MzkMDmPbKHhF6JT0Dn9AYuq84mnTq20L1wk/getUpdates "HTTP/1.1 200 OK"
2026-04-28 17:37:12,063 - balethon.network.connection - INFO - [getUpdates] JSON{'offset': 23}
2026-04-28 17:37:17,089 - httpx - INFO - HTTP Request: POST https://tapi.bale.ai/bot2029474166:MzkMDmPbKHhF6JT0Dn9AYuq84mnTq20L1wk/getUpdates "HTTP/1.1 200 OK"
2026-04-28 17:37:17,103 - balethon.network.connection - INFO - [getUpdates] JSON{'offset': 23}
2026-04-28 17:37:22,121 - httpx - INFO - HTTP Request: POST https://tapi.bale.ai/bot2029474166:MzkMDmPbKHhF6JT0Dn9AYuq84mnTq20L1wk/getUpdates "HTTP/1.1 200 OK"
2026-04-28 17:37:22,136 - balethon.network.connection - INFO - [getUpdates] JSON{'offset': 23}
2026-04-28 17:37:27,162 - httpx - INFO - HTTP Request: POST https://tapi.bale.ai/bot2029474166:MzkMDmPbKHhF6JT0Dn9AYuq84mnTq20L1wk/getUpdates "HTTP/1.1 200 OK"
2026-04-28 17:37:27,171 - balethon.network.connection - INFO - [getUpdates] JSON{'offset': 23}
2026-04-28 17:37:32,189 - httpx - INFO - HTTP Request: POST https://tapi.bale.ai/bot2029474166:MzkMDmPbKHhF6JT0Dn9AYuq84mnTq20L1wk/getUpdates "HTTP/1.1 200 OK"
2026-04-28 17:37:32,201 - balethon.network.connection - INFO - [getUpdates] JSON{'offset': 23}
2026-04-28 17:37:37,260 - httpx - INFO - HTTP Request: POST https://tapi.bale.ai/bot2029474166:MzkMDmPbKHhF6JT0Dn9AYuq84mnTq20L1wk/getUpdates "HTTP/1.1 200 OK"
2026-04-28 17:37:37,274 - balethon.network.connection - INFO - [getUpdates] JSON{'offset': 23}
2026-04-28 17:37:42,291 - httpx - INFO - HTTP Request: POST https://tapi.bale.ai/bot2029474166:MzkMDmPbKHhF6JT0Dn9AYuq84mnTq20L1wk/getUpdates "HTTP/1.1 200 OK"
2026-04-28 17:37:42,306 - balethon.network.connection - INFO - [getUpdates] JSON{'offset': 23}
2026-04-28 17:37:47,324 - httpx - INFO - HTTP Request: POST https://tapi.bale.ai/bot2029474166:MzkMDmPbKHhF6JT0Dn9AYuq84mnTq20L1wk/getUpdates "HTTP/1.1 200 OK"
2026-04-28 17:37:47,337 - balethon.network.connection - INFO - [getUpdates] JSON{'offset': 23}
2026-04-28 17:37:52,355 - httpx - INFO - HTTP Request: POST https://tapi.bale.ai/bot2029474166:MzkMDmPbKHhF6JT0Dn9AYuq84mnTq20L1wk/getUpdates "HTTP/1.1 200 OK"
2026-04-28 17:37:52,364 - balethon.network.connection - INFO - [getUpdates] JSON{'offset': 23}
2026-04-28 17:37:57,388 - httpx - INFO - HTTP Request: POST https://tapi.bale.ai/bot2029474166:MzkMDmPbKHhF6JT0Dn9AYuq84mnTq20L1wk/getUpdates "HTTP/1.1 200 OK"
2026-04-28 17:37:57,397 - balethon.network.connection - INFO - [getUpdates] JSON{'offset': 23}
2026-04-28 17:38:02,426 - httpx - INFO - HTTP Request: POST https://tapi.bale.ai/bot2029474166:MzkMDmPbKHhF6JT0Dn9AYuq84mnTq20L1wk/getUpdates "HTTP/1.1 200 OK"
2026-04-28 17:38:02,434 - balethon.network.connection - INFO - [getUpdates] JSON{'offset': 23}
2026-04-28 17:38:07,451 - httpx - INFO - HTTP Request: POST https://tapi.bale.ai/bot2029474166:MzkMDmPbKHhF6JT0Dn9AYuq84mnTq20L1wk/getUpdates "HTTP/1.1 200 OK"
2026-04-28 17:38:07,460 - balethon.network.connection - INFO - [getUpdates] JSON{'offset': 23}
2026-04-28 17:38:12,479 - httpx - INFO - HTTP Request: POST https://tapi.bale.ai/bot2029474166:MzkMDmPbKHhF6JT0Dn9AYuq84mnTq20L1wk/getUpdates "HTTP/1.1 200 OK"
2026-04-28 17:38:12,491 - balethon.network.connection - INFO - [getUpdates] JSON{'offset': 23}
2026-04-28 17:38:17,545 - httpx - INFO - HTTP Request: POST https://tapi.bale.ai/bot2029474166:MzkMDmPbKHhF6JT0Dn9AYuq84mnTq20L1wk/getUpdates "HTTP/1.1 200 OK"
2026-04-28 17:38:17,560 - balethon.network.connection - INFO - [getUpdates] JSON{'offset': 23}
2026-04-28 17:38:22,581 - httpx - INFO - HTTP Request: POST https://tapi.bale.ai/bot2029474166:MzkMDmPbKHhF6JT0Dn9AYuq84mnTq20L1wk/getUpdates "HTTP/1.1 200 OK"
2026-04-28 17:38:22,593 - balethon.network.connection - INFO - [getUpdates] JSON{'offset': 23}
2026-04-28 17:38:27,658 - httpx - INFO - HTTP Request: POST https://tapi.bale.ai/bot2029474166:MzkMDmPbKHhF6JT0Dn9AYuq84mnTq20L1wk/getUpdates "HTTP/1.1 200 OK"
2026-04-28 17:38:27,666 - balethon.network.connection - INFO - [getUpdates] JSON{'offset': 23}
2026-04-28 17:38:32,682 - httpx - INFO - HTTP Request: POST https://tapi.bale.ai/bot2029474166:MzkMDmPbKHhF6JT0Dn9AYuq84mnTq20L1wk/getUpdates "HTTP/1.1 200 OK"
2026-04-28 17:38:32,695 - balethon.network.connection - INFO - [getUpdates] JSON{'offset': 23}
2026-04-28 17:38:37,771 - httpx - INFO - HTTP Request: POST https://tapi.bale.ai/bot2029474166:MzkMDmPbKHhF6JT0Dn9AYuq84mnTq20L1wk/getUpdates "HTTP/1.1 200 OK"
2026-04-28 17:38:37,777 - balethon.network.connection - INFO - [getUpdates] JSON{'offset': 23}
2026-04-28 17:38:42,854 - httpx - INFO - HTTP Request: POST https://tapi.bale.ai/bot2029474166:MzkMDmPbKHhF6JT0Dn9AYuq84mnTq20L1wk/getUpdates "HTTP/1.1 200 OK"
2026-04-28 17:38:42,866 - balethon.network.connection - INFO - [getUpdates] JSON{'offset': 23}
2026-04-28 17:38:47,881 - httpx - INFO - HTTP Request: POST https://tapi.bale.ai/bot2029474166:MzkMDmPbKHhF6JT0Dn9AYuq84mnTq20L1wk/getUpdates "HTTP/1.1 200 OK"
2026-04-28 17:38:47,887 - balethon.network.connection - INFO - [getUpdates] JSON{'offset': 23}
2026-04-28 17:38:52,903 - httpx - INFO - HTTP Request: POST https://tapi.bale.ai/bot2029474166:MzkMDmPbKHhF6JT0Dn9AYuq84mnTq20L1wk/getUpdates "HTTP/1.1 200 OK"
2026-04-28 17:38:52,912 - balethon.network.connection - INFO - [getUpdates] JSON{'offset': 23}
2026-04-28 17:38:57,929 - httpx - INFO - HTTP Request: POST https://tapi.bale.ai/bot2029474166:MzkMDmPbKHhF6JT0Dn9AYuq84mnTq20L1wk/getUpdates "HTTP/1.1 200 OK"
2026-04-28 17:38:57,943 - balethon.network.connection - INFO - [getUpdates] JSON{'offset': 23}
2026-04-28 17:39:02,966 - httpx - INFO - HTTP Request: POST https://tapi.bale.ai/bot2029474166:MzkMDmPbKHhF6JT0Dn9AYuq84mnTq20L1wk/getUpdates "HTTP/1.1 200 OK"
2026-04-28 17:39:02,979 - balethon.network.connection - INFO - [getUpdates] JSON{'offset': 23}
2026-04-28 17:39:08,009 - httpx - INFO - HTTP Request: POST https://tapi.bale.ai/bot2029474166:MzkMDmPbKHhF6JT0Dn9AYuq84mnTq20L1wk/getUpdates "HTTP/1.1 200 OK"
2026-04-28 17:39:08,031 - balethon.network.connection - INFO - [getUpdates] JSON{'offset': 23}
2026-04-28 17:39:13,066 - httpx - INFO - HTTP Request: POST https://tapi.bale.ai/bot2029474166:MzkMDmPbKHhF6JT0Dn9AYuq84mnTq20L1wk/getUpdates "HTTP/1.1 200 OK"
2026-04-28 17:39:13,083 - balethon.network.connection - INFO - [getUpdates] JSON{'offset': 23}
2026-04-28 17:39:18,158 - httpx - INFO - HTTP Request: POST https://tapi.bale.ai/bot2029474166:MzkMDmPbKHhF6JT0Dn9AYuq84mnTq20L1wk/getUpdates "HTTP/1.1 200 OK"
2026-04-28 17:39:18,172 - balethon.network.connection - INFO - [getUpdates] JSON{'offset': 23}
2026-04-28 17:39:23,189 - httpx - INFO - HTTP Request: POST https://tapi.bale.ai/bot2029474166:MzkMDmPbKHhF6JT0Dn9AYuq84mnTq20L1wk/getUpdates "HTTP/1.1 200 OK"
2026-04-28 17:39:23,203 - balethon.network.connection - INFO - [getUpdates] JSON{'offset': 23}
2026-04-28 17:39:28,220 - httpx - INFO - HTTP Request: POST https://tapi.bale.ai/bot2029474166:MzkMDmPbKHhF6JT0Dn9AYuq84mnTq20L1wk/getUpdates "HTTP/1.1 200 OK"
2026-04-28 17:39:28,227 - balethon.network.connection - INFO - [getUpdates] JSON{'offset': 23}
2026-04-28 17:39:33,241 - httpx - INFO - HTTP Request: POST https://tapi.bale.ai/bot2029474166:MzkMDmPbKHhF6JT0Dn9AYuq84mnTq20L1wk/getUpdates "HTTP/1.1 200 OK"
2026-04-28 17:39:33,252 - balethon.network.connection - INFO - [getUpdates] JSON{'offset': 23}
2026-04-28 17:39:38,281 - httpx - INFO - HTTP Request: POST https://tapi.bale.ai/bot2029474166:MzkMDmPbKHhF6JT0Dn9AYuq84mnTq20L1wk/getUpdates "HTTP/1.1 200 OK"
2026-04-28 17:39:38,292 - balethon.network.connection - INFO - [getUpdates] JSON{'offset': 23}
2026-04-28 17:39:43,354 - httpx - INFO - HTTP Request: POST https://tapi.bale.ai/bot2029474166:MzkMDmPbKHhF6JT0Dn9AYuq84mnTq20L1wk/getUpdates "HTTP/1.1 200 OK"
2026-04-28 17:39:43,363 - balethon.network.connection - INFO - [getUpdates] JSON{'offset': 23}
2026-04-28 17:39:48,393 - httpx - INFO - HTTP Request: POST https://tapi.bale.ai/bot2029474166:MzkMDmPbKHhF6JT0Dn9AYuq84mnTq20L1wk/getUpdates "HTTP/1.1 200 OK"
2026-04-28 17:39:48,402 - balethon.network.connection - INFO - [getUpdates] JSON{'offset': 23}
2026-04-28 17:39:53,417 - httpx - INFO - HTTP Request: POST https://tapi.bale.ai/bot2029474166:MzkMDmPbKHhF6JT0Dn9AYuq84mnTq20L1wk/getUpdates "HTTP/1.1 200 OK"
2026-04-28 17:39:53,431 - balethon.network.connection - INFO - [getUpdates] JSON{'offset': 23}
2026-04-28 17:39:58,454 - httpx - INFO - HTTP Request: POST https://tapi.bale.ai/bot2029474166:MzkMDmPbKHhF6JT0Dn9AYuq84mnTq20L1wk/getUpdates "HTTP/1.1 200 OK"
2026-04-28 17:39:58,463 - balethon.network.connection - INFO - [getUpdates] JSON{'offset': 23}
2026-04-28 17:40:03,564 - httpx - INFO - HTTP Request: POST https://tapi.bale.ai/bot2029474166:MzkMDmPbKHhF6JT0Dn9AYuq84mnTq20L1wk/getUpdates "HTTP/1.1 200 OK"
2026-04-28 17:40:03,572 - balethon.network.connection - INFO - [getUpdates] JSON{'offset': 23}
2026-04-28 17:40:08,585 - httpx - INFO - HTTP Request: POST https://tapi.bale.ai/bot2029474166:MzkMDmPbKHhF6JT0Dn9AYuq84mnTq20L1wk/getUpdates "HTTP/1.1 200 OK"
2026-04-28 17:40:08,599 - balethon.network.connection - INFO - [getUpdates] JSON{'offset': 23}
2026-04-28 17:40:13,657 - httpx - INFO - HTTP Request: POST https://tapi.bale.ai/bot2029474166:MzkMDmPbKHhF6JT0Dn9AYuq84mnTq20L1wk/getUpdates "HTTP/1.1 200 OK"
2026-04-28 17:40:13,670 - balethon.network.connection - INFO - [getUpdates] JSON{'offset': 23}
2026-04-28 17:40:18,689 - httpx - INFO - HTTP Request: POST https://tapi.bale.ai/bot2029474166:MzkMDmPbKHhF6JT0Dn9AYuq84mnTq20L1wk/getUpdates "HTTP/1.1 200 OK"
2026-04-28 17:40:18,699 - balethon.network.connection - INFO - [getUpdates] JSON{'offset': 23}
2026-04-28 17:40:23,713 - httpx - INFO - HTTP Request: POST https://tapi.bale.ai/bot2029474166:MzkMDmPbKHhF6JT0Dn9AYuq84mnTq20L1wk/getUpdates "HTTP/1.1 200 OK"
2026-04-28 17:40:23,726 - balethon.network.connection - INFO - [getUpdates] JSON{'offset': 23}
2026-04-28 17:40:28,743 - httpx - INFO - HTTP Request: POST https://tapi.bale.ai/bot2029474166:MzkMDmPbKHhF6JT0Dn9AYuq84mnTq20L1wk/getUpdates "HTTP/1.1 200 OK"
2026-04-28 17:40:28,752 - balethon.network.connection - INFO - [getUpdates] JSON{'offset': 23}
2026-04-28 17:40:33,770 - httpx - INFO - HTTP Request: POST https://tapi.bale.ai/bot2029474166:MzkMDmPbKHhF6JT0Dn9AYuq84mnTq20L1wk/getUpdates "HTTP/1.1 200 OK"
2026-04-28 17:40:33,778 - balethon.network.connection - INFO - [getUpdates] JSON{'offset': 23}
2026-04-28 17:40:38,791 - httpx - INFO - HTTP Request: POST https://tapi.bale.ai/bot2029474166:MzkMDmPbKHhF6JT0Dn9AYuq84mnTq20L1wk/getUpdates "HTTP/1.1 200 OK"
2026-04-28 17:40:38,800 - balethon.network.connection - INFO - [getUpdates] JSON{'offset': 23}
2026-04-28 17:40:43,822 - httpx - INFO - HTTP Request: POST https://tapi.bale.ai/bot2029474166:MzkMDmPbKHhF6JT0Dn9AYuq84mnTq20L1wk/getUpdates "HTTP/1.1 200 OK"
2026-04-28 17:40:43,835 - balethon.network.connection - INFO - [getUpdates] JSON{'offset': 23}
2026-04-28 17:40:48,855 - httpx - INFO - HTTP Request: POST https://tapi.bale.ai/bot2029474166:MzkMDmPbKHhF6JT0Dn9AYuq84mnTq20L1wk/getUpdates "HTTP/1.1 200 OK"
2026-04-28 17:40:48,864 - balethon.network.connection - INFO - [getUpdates] JSON{'offset': 23}
2026-04-28 17:40:53,878 - httpx - INFO - HTTP Request: POST https://tapi.bale.ai/bot2029474166:MzkMDmPbKHhF6JT0Dn9AYuq84mnTq20L1wk/getUpdates "HTTP/1.1 200 OK"
2026-04-28 17:40:53,892 - balethon.network.connection - INFO - [getUpdates] JSON{'offset': 23}
2026-04-28 17:40:58,907 - httpx - INFO - HTTP Request: POST https://tapi.bale.ai/bot2029474166:MzkMDmPbKHhF6JT0Dn9AYuq84mnTq20L1wk/getUpdates "HTTP/1.1 200 OK"
2026-04-28 17:40:58,916 - balethon.network.connection - INFO - [getUpdates] JSON{'offset': 23}
2026-04-28 17:41:03,932 - httpx - INFO - HTTP Request: POST https://tapi.bale.ai/bot2029474166:MzkMDmPbKHhF6JT0Dn9AYuq84mnTq20L1wk/getUpdates "HTTP/1.1 200 OK"
2026-04-28 17:41:03,940 - balethon.network.connection - INFO - [getUpdates] JSON{'offset': 23}
2026-04-28 17:41:08,957 - httpx - INFO - HTTP Request: POST https://tapi.bale.ai/bot2029474166:MzkMDmPbKHhF6JT0Dn9AYuq84mnTq20L1wk/getUpdates "HTTP/1.1 200 OK"
2026-04-28 17:41:08,969 - balethon.network.connection - INFO - [getUpdates] JSON{'offset': 23}
2026-04-28 17:41:13,990 - httpx - INFO - HTTP Request: POST https://tapi.bale.ai/bot2029474166:MzkMDmPbKHhF6JT0Dn9AYuq84mnTq20L1wk/getUpdates "HTTP/1.1 200 OK"
2026-04-28 17:41:13,995 - balethon.network.connection - INFO - [getUpdates] JSON{'offset': 23}
2026-04-28 17:41:19,011 - httpx - INFO - HTTP Request: POST https://tapi.bale.ai/bot2029474166:MzkMDmPbKHhF6JT0Dn9AYuq84mnTq20L1wk/getUpdates "HTTP/1.1 200 OK"
2026-04-28 17:41:19,019 - balethon.network.connection - INFO - [getUpdates] JSON{'offset': 23}
2026-04-28 17:41:24,081 - httpx - INFO - HTTP Request: POST https://tapi.bale.ai/bot2029474166:MzkMDmPbKHhF6JT0Dn9AYuq84mnTq20L1wk/getUpdates "HTTP/1.1 200 OK"
2026-04-28 17:41:24,090 - balethon.network.connection - INFO - [getUpdates] JSON{'offset': 23}
2026-04-28 17:41:29,108 - httpx - INFO - HTTP Request: POST https://tapi.bale.ai/bot2029474166:MzkMDmPbKHhF6JT0Dn9AYuq84mnTq20L1wk/getUpdates "HTTP/1.1 200 OK"
2026-04-28 17:41:29,121 - balethon.network.connection - INFO - [getUpdates] JSON{'offset': 23}
2026-04-28 17:41:34,146 - httpx - INFO - HTTP Request: POST https://tapi.bale.ai/bot2029474166:MzkMDmPbKHhF6JT0Dn9AYuq84mnTq20L1wk/getUpdates "HTTP/1.1 200 OK"
2026-04-28 17:41:34,160 - balethon.network.connection - INFO - [getUpdates] JSON{'offset': 23}
2026-04-28 17:41:39,176 - httpx - INFO - HTTP Request: POST https://tapi.bale.ai/bot2029474166:MzkMDmPbKHhF6JT0Dn9AYuq84mnTq20L1wk/getUpdates "HTTP/1.1 200 OK"
2026-04-28 17:41:39,181 - balethon.network.connection - INFO - [getUpdates] JSON{'offset': 23}
2026-04-28 17:41:44,196 - httpx - INFO - HTTP Request: POST https://tapi.bale.ai/bot2029474166:MzkMDmPbKHhF6JT0Dn9AYuq84mnTq20L1wk/getUpdates "HTTP/1.1 200 OK"
2026-04-28 17:41:44,205 - balethon.network.connection - INFO - [getUpdates] JSON{'offset': 23}
2026-04-28 17:41:49,219 - httpx - INFO - HTTP Request: POST https://tapi.bale.ai/bot2029474166:MzkMDmPbKHhF6JT0Dn9AYuq84mnTq20L1wk/getUpdates "HTTP/1.1 200 OK"
2026-04-28 17:41:49,232 - balethon.network.connection - INFO - [getUpdates] JSON{'offset': 23}
2026-04-28 17:41:54,249 - httpx - INFO - HTTP Request: POST https://tapi.bale.ai/bot2029474166:MzkMDmPbKHhF6JT0Dn9AYuq84mnTq20L1wk/getUpdates "HTTP/1.1 200 OK"
2026-04-28 17:41:54,257 - balethon.network.connection - INFO - [getUpdates] JSON{'offset': 23}
2026-04-28 17:41:59,289 - httpx - INFO - HTTP Request: POST https://tapi.bale.ai/bot2029474166:MzkMDmPbKHhF6JT0Dn9AYuq84mnTq20L1wk/getUpdates "HTTP/1.1 200 OK"
2026-04-28 17:41:59,301 - balethon.network.connection - INFO - [getUpdates] JSON{'offset': 23}
2026-04-28 17:42:04,316 - httpx - INFO - HTTP Request: POST https://tapi.bale.ai/bot2029474166:MzkMDmPbKHhF6JT0Dn9AYuq84mnTq20L1wk/getUpdates "HTTP/1.1 200 OK"
2026-04-28 17:42:04,330 - balethon.network.connection - INFO - [getUpdates] JSON{'offset': 23}
2026-04-28 17:42:09,355 - httpx - INFO - HTTP Request: POST https://tapi.bale.ai/bot2029474166:MzkMDmPbKHhF6JT0Dn9AYuq84mnTq20L1wk/getUpdates "HTTP/1.1 200 OK"
2026-04-28 17:42:09,371 - balethon.network.connection - INFO - [getUpdates] JSON{'offset': 23}
2026-04-28 17:42:14,448 - httpx - INFO - HTTP Request: POST https://tapi.bale.ai/bot2029474166:MzkMDmPbKHhF6JT0Dn9AYuq84mnTq20L1wk/getUpdates "HTTP/1.1 200 OK"
2026-04-28 17:42:14,463 - balethon.network.connection - INFO - [getUpdates] JSON{'offset': 23}
2026-04-28 17:42:19,480 - httpx - INFO - HTTP Request: POST https://tapi.bale.ai/bot2029474166:MzkMDmPbKHhF6JT0Dn9AYuq84mnTq20L1wk/getUpdates "HTTP/1.1 200 OK"
2026-04-28 17:42:19,492 - balethon.network.connection - INFO - [getUpdates] JSON{'offset': 23}
2026-04-28 17:42:24,515 - httpx - INFO - HTTP Request: POST https://tapi.bale.ai/bot2029474166:MzkMDmPbKHhF6JT0Dn9AYuq84mnTq20L1wk/getUpdates "HTTP/1.1 200 OK"
2026-04-28 17:42:24,529 - balethon.network.connection - INFO - [getUpdates] JSON{'offset': 23}
2026-04-28 17:42:29,575 - httpx - INFO - HTTP Request: POST https://tapi.bale.ai/bot2029474166:MzkMDmPbKHhF6JT0Dn9AYuq84mnTq20L1wk/getUpdates "HTTP/1.1 200 OK"
2026-04-28 17:42:29,590 - balethon.network.connection - INFO - [getUpdates] JSON{'offset': 23}
2026-04-28 17:42:34,606 - httpx - INFO - HTTP Request: POST https://tapi.bale.ai/bot2029474166:MzkMDmPbKHhF6JT0Dn9AYuq84mnTq20L1wk/getUpdates "HTTP/1.1 200 OK"
2026-04-28 17:42:34,620 - balethon.network.connection - INFO - [getUpdates] JSON{'offset': 23}
2026-04-28 17:42:39,645 - httpx - INFO - HTTP Request: POST https://tapi.bale.ai/bot2029474166:MzkMDmPbKHhF6JT0Dn9AYuq84mnTq20L1wk/getUpdates "HTTP/1.1 200 OK"
2026-04-28 17:42:39,654 - balethon.network.connection - INFO - [getUpdates] JSON{'offset': 23}
2026-04-28 17:42:44,672 - httpx - INFO - HTTP Request: POST https://tapi.bale.ai/bot2029474166:MzkMDmPbKHhF6JT0Dn9AYuq84mnTq20L1wk/getUpdates "HTTP/1.1 200 OK"
2026-04-28 17:42:44,685 - balethon.network.connection - INFO - [getUpdates] JSON{'offset': 23}
2026-04-28 17:42:49,762 - httpx - INFO - HTTP Request: POST https://tapi.bale.ai/bot2029474166:MzkMDmPbKHhF6JT0Dn9AYuq84mnTq20L1wk/getUpdates "HTTP/1.1 200 OK"
2026-04-28 17:42:49,776 - balethon.network.connection - INFO - [getUpdates] JSON{'offset': 23}
2026-04-28 17:42:54,858 - httpx - INFO - HTTP Request: POST https://tapi.bale.ai/bot2029474166:MzkMDmPbKHhF6JT0Dn9AYuq84mnTq20L1wk/getUpdates "HTTP/1.1 200 OK"
2026-04-28 17:42:54,872 - balethon.network.connection - INFO - [getUpdates] JSON{'offset': 23}
2026-04-28 17:42:59,906 - httpx - INFO - HTTP Request: POST https://tapi.bale.ai/bot2029474166:MzkMDmPbKHhF6JT0Dn9AYuq84mnTq20L1wk/getUpdates "HTTP/1.1 200 OK"
2026-04-28 17:42:59,915 - balethon.network.connection - INFO - [getUpdates] JSON{'offset': 23}
2026-04-28 17:43:04,930 - httpx - INFO - HTTP Request: POST https://tapi.bale.ai/bot2029474166:MzkMDmPbKHhF6JT0Dn9AYuq84mnTq20L1wk/getUpdates "HTTP/1.1 200 OK"
2026-04-28 17:43:04,938 - balethon.network.connection - INFO - [getUpdates] JSON{'offset': 23}
2026-04-28 17:43:09,963 - httpx - INFO - HTTP Request: POST https://tapi.bale.ai/bot2029474166:MzkMDmPbKHhF6JT0Dn9AYuq84mnTq20L1wk/getUpdates "HTTP/1.1 200 OK"
2026-04-28 17:43:09,978 - balethon.network.connection - INFO - [getUpdates] JSON{'offset': 23}
2026-04-28 17:43:15,007 - httpx - INFO - HTTP Request: POST https://tapi.bale.ai/bot2029474166:MzkMDmPbKHhF6JT0Dn9AYuq84mnTq20L1wk/getUpdates "HTTP/1.1 200 OK"
2026-04-28 17:43:15,021 - balethon.network.connection - INFO - [getUpdates] JSON{'offset': 23}
2026-04-28 17:43:20,039 - httpx - INFO - HTTP Request: POST https://tapi.bale.ai/bot2029474166:MzkMDmPbKHhF6JT0Dn9AYuq84mnTq20L1wk/getUpdates "HTTP/1.1 200 OK"
2026-04-28 17:43:20,054 - balethon.network.connection - INFO - [getUpdates] JSON{'offset': 23}
2026-04-28 17:43:25,091 - httpx - INFO - HTTP Request: POST https://tapi.bale.ai/bot2029474166:MzkMDmPbKHhF6JT0Dn9AYuq84mnTq20L1wk/getUpdates "HTTP/1.1 200 OK"
2026-04-28 17:43:25,112 - balethon.network.connection - INFO - [getUpdates] JSON{'offset': 23}
2026-04-28 17:43:30,152 - httpx - INFO - HTTP Request: POST https://tapi.bale.ai/bot2029474166:MzkMDmPbKHhF6JT0Dn9AYuq84mnTq20L1wk/getUpdates "HTTP/1.1 200 OK"
2026-04-28 17:43:30,165 - balethon.network.connection - INFO - [getUpdates] JSON{'offset': 23}
2026-04-28 17:43:35,182 - httpx - INFO - HTTP Request: POST https://tapi.bale.ai/bot2029474166:MzkMDmPbKHhF6JT0Dn9AYuq84mnTq20L1wk/getUpdates "HTTP/1.1 200 OK"
2026-04-28 17:43:35,195 - balethon.network.connection - INFO - [getUpdates] JSON{'offset': 23}
2026-04-28 17:43:40,212 - httpx - INFO - HTTP Request: POST https://tapi.bale.ai/bot2029474166:MzkMDmPbKHhF6JT0Dn9AYuq84mnTq20L1wk/getUpdates "HTTP/1.1 200 OK"
2026-04-28 17:43:40,226 - balethon.network.connection - INFO - [getUpdates] JSON{'offset': 23}
2026-04-28 17:43:45,247 - httpx - INFO - HTTP Request: POST https://tapi.bale.ai/bot2029474166:MzkMDmPbKHhF6JT0Dn9AYuq84mnTq20L1wk/getUpdates "HTTP/1.1 200 OK"
2026-04-28 17:43:45,255 - balethon.network.connection - INFO - [getUpdates] JSON{'offset': 23}
2026-04-28 17:43:50,269 - httpx - INFO - HTTP Request: POST https://tapi.bale.ai/bot2029474166:MzkMDmPbKHhF6JT0Dn9AYuq84mnTq20L1wk/getUpdates "HTTP/1.1 200 OK"
2026-04-28 17:43:50,277 - balethon.network.connection - INFO - [getUpdates] JSON{'offset': 23}
2026-04-28 17:43:55,306 - httpx - INFO - HTTP Request: POST https://tapi.bale.ai/bot2029474166:MzkMDmPbKHhF6JT0Dn9AYuq84mnTq20L1wk/getUpdates "HTTP/1.1 200 OK"
2026-04-28 17:43:55,315 - balethon.network.connection - INFO - [getUpdates] JSON{'offset': 23}
2026-04-28 17:44:00,334 - httpx - INFO - HTTP Request: POST https://tapi.bale.ai/bot2029474166:MzkMDmPbKHhF6JT0Dn9AYuq84mnTq20L1wk/getUpdates "HTTP/1.1 200 OK"
2026-04-28 17:44:00,348 - balethon.network.connection - INFO - [getUpdates] JSON{'offset': 23}
2026-04-28 17:44:05,365 - httpx - INFO - HTTP Request: POST https://tapi.bale.ai/bot2029474166:MzkMDmPbKHhF6JT0Dn9AYuq84mnTq20L1wk/getUpdates "HTTP/1.1 200 OK"
2026-04-28 17:44:05,380 - balethon.network.connection - INFO - [getUpdates] JSON{'offset': 23}
2026-04-28 17:44:10,400 - httpx - INFO - HTTP Request: POST https://tapi.bale.ai/bot2029474166:MzkMDmPbKHhF6JT0Dn9AYuq84mnTq20L1wk/getUpdates "HTTP/1.1 200 OK"
2026-04-28 17:44:10,414 - balethon.network.connection - INFO - [getUpdates] JSON{'offset': 23}
2026-04-28 17:44:15,435 - httpx - INFO - HTTP Request: POST https://tapi.bale.ai/bot2029474166:MzkMDmPbKHhF6JT0Dn9AYuq84mnTq20L1wk/getUpdates "HTTP/1.1 200 OK"
2026-04-28 17:44:15,452 - balethon.network.connection - INFO - [getUpdates] JSON{'offset': 23}
2026-04-28 17:44:20,467 - httpx - INFO - HTTP Request: POST https://tapi.bale.ai/bot2029474166:MzkMDmPbKHhF6JT0Dn9AYuq84mnTq20L1wk/getUpdates "HTTP/1.1 200 OK"
2026-04-28 17:44:20,473 - balethon.network.connection - INFO - [getUpdates] JSON{'offset': 23}
2026-04-28 17:44:25,487 - httpx - INFO - HTTP Request: POST https://tapi.bale.ai/bot2029474166:MzkMDmPbKHhF6JT0Dn9AYuq84mnTq20L1wk/getUpdates "HTTP/1.1 200 OK"
2026-04-28 17:44:25,494 - balethon.network.connection - INFO - [getUpdates] JSON{'offset': 23}
2026-04-28 17:44:30,550 - httpx - INFO - HTTP Request: POST https://tapi.bale.ai/bot2029474166:MzkMDmPbKHhF6JT0Dn9AYuq84mnTq20L1wk/getUpdates "HTTP/1.1 200 OK"
2026-04-28 17:44:30,558 - balethon.network.connection - INFO - [getUpdates] JSON{'offset': 23}
2026-04-28 17:44:35,574 - httpx - INFO - HTTP Request: POST https://tapi.bale.ai/bot2029474166:MzkMDmPbKHhF6JT0Dn9AYuq84mnTq20L1wk/getUpdates "HTTP/1.1 200 OK"
2026-04-28 17:44:35,586 - balethon.network.connection - INFO - [getUpdates] JSON{'offset': 23}
2026-04-28 17:44:40,601 - httpx - INFO - HTTP Request: POST https://tapi.bale.ai/bot2029474166:MzkMDmPbKHhF6JT0Dn9AYuq84mnTq20L1wk/getUpdates "HTTP/1.1 200 OK"
2026-04-28 17:44:40,614 - balethon.network.connection - INFO - [getUpdates] JSON{'offset': 23}
2026-04-28 17:44:45,631 - httpx - INFO - HTTP Request: POST https://tapi.bale.ai/bot2029474166:MzkMDmPbKHhF6JT0Dn9AYuq84mnTq20L1wk/getUpdates "HTTP/1.1 200 OK"
2026-04-28 17:44:45,643 - balethon.network.connection - INFO - [getUpdates] JSON{'offset': 23}
2026-04-28 17:44:50,677 - httpx - INFO - HTTP Request: POST https://tapi.bale.ai/bot2029474166:MzkMDmPbKHhF6JT0Dn9AYuq84mnTq20L1wk/getUpdates "HTTP/1.1 200 OK"
2026-04-28 17:44:50,685 - balethon.network.connection - INFO - [getUpdates] JSON{'offset': 23}
2026-04-28 17:44:55,762 - httpx - INFO - HTTP Request: POST https://tapi.bale.ai/bot2029474166:MzkMDmPbKHhF6JT0Dn9AYuq84mnTq20L1wk/getUpdates "HTTP/1.1 200 OK"
2026-04-28 17:44:55,774 - balethon.network.connection - INFO - [getUpdates] JSON{'offset': 23}
2026-04-28 17:45:00,793 - httpx - INFO - HTTP Request: POST https://tapi.bale.ai/bot2029474166:MzkMDmPbKHhF6JT0Dn9AYuq84mnTq20L1wk/getUpdates "HTTP/1.1 200 OK"
2026-04-28 17:45:00,804 - balethon.network.connection - INFO - [getUpdates] JSON{'offset': 23}
2026-04-28 17:45:05,822 - httpx - INFO - HTTP Request: POST https://tapi.bale.ai/bot2029474166:MzkMDmPbKHhF6JT0Dn9AYuq84mnTq20L1wk/getUpdates "HTTP/1.1 200 OK"
2026-04-28 17:45:05,832 - balethon.network.connection - INFO - [getUpdates] JSON{'offset': 23}
2026-04-28 17:45:10,888 - httpx - INFO - HTTP Request: POST https://tapi.bale.ai/bot2029474166:MzkMDmPbKHhF6JT0Dn9AYuq84mnTq20L1wk/getUpdates "HTTP/1.1 200 OK"
2026-04-28 17:45:10,901 - balethon.network.connection - INFO - [getUpdates] JSON{'offset': 23}
2026-04-28 17:45:15,967 - httpx - INFO - HTTP Request: POST https://tapi.bale.ai/bot2029474166:MzkMDmPbKHhF6JT0Dn9AYuq84mnTq20L1wk/getUpdates "HTTP/1.1 200 OK"
2026-04-28 17:45:15,976 - balethon.network.connection - INFO - [getUpdates] JSON{'offset': 23}
2026-04-28 17:45:20,995 - httpx - INFO - HTTP Request: POST https://tapi.bale.ai/bot2029474166:MzkMDmPbKHhF6JT0Dn9AYuq84mnTq20L1wk/getUpdates "HTTP/1.1 200 OK"
2026-04-28 17:45:21,009 - balethon.network.connection - INFO - [getUpdates] JSON{'offset': 23}
2026-04-28 17:45:26,027 - httpx - INFO - HTTP Request: POST https://tapi.bale.ai/bot2029474166:MzkMDmPbKHhF6JT0Dn9AYuq84mnTq20L1wk/getUpdates "HTTP/1.1 200 OK"
2026-04-28 17:45:26,035 - balethon.network.connection - INFO - [getUpdates] JSON{'offset': 23}
2026-04-28 17:45:31,053 - httpx - INFO - HTTP Request: POST https://tapi.bale.ai/bot2029474166:MzkMDmPbKHhF6JT0Dn9AYuq84mnTq20L1wk/getUpdates "HTTP/1.1 200 OK"
2026-04-28 17:45:31,061 - balethon.network.connection - INFO - [getUpdates] JSON{'offset': 23}
2026-04-28 17:45:36,084 - httpx - INFO - HTTP Request: POST https://tapi.bale.ai/bot2029474166:MzkMDmPbKHhF6JT0Dn9AYuq84mnTq20L1wk/getUpdates "HTTP/1.1 200 OK"
2026-04-28 17:45:36,092 - balethon.network.connection - INFO - [getUpdates] JSON{'offset': 23}
2026-04-28 17:45:41,111 - httpx - INFO - HTTP Request: POST https://tapi.bale.ai/bot2029474166:MzkMDmPbKHhF6JT0Dn9AYuq84mnTq20L1wk/getUpdates "HTTP/1.1 200 OK"
2026-04-28 17:45:41,119 - balethon.network.connection - INFO - [getUpdates] JSON{'offset': 23}
2026-04-28 17:45:46,153 - httpx - INFO - HTTP Request: POST https://tapi.bale.ai/bot2029474166:MzkMDmPbKHhF6JT0Dn9AYuq84mnTq20L1wk/getUpdates "HTTP/1.1 200 OK"
2026-04-28 17:45:46,166 - balethon.network.connection - INFO - [getUpdates] JSON{'offset': 23}
2026-04-28 17:45:51,186 - httpx - INFO - HTTP Request: POST https://tapi.bale.ai/bot2029474166:MzkMDmPbKHhF6JT0Dn9AYuq84mnTq20L1wk/getUpdates "HTTP/1.1 200 OK"
2026-04-28 17:45:51,197 - balethon.network.connection - INFO - [getUpdates] JSON{'offset': 23}
2026-04-28 17:45:56,253 - httpx - INFO - HTTP Request: POST https://tapi.bale.ai/bot2029474166:MzkMDmPbKHhF6JT0Dn9AYuq84mnTq20L1wk/getUpdates "HTTP/1.1 200 OK"
2026-04-28 17:45:56,267 - balethon.network.connection - INFO - [getUpdates] JSON{'offset': 23}
2026-04-28 17:46:01,292 - httpx - INFO - HTTP Request: POST https://tapi.bale.ai/bot2029474166:MzkMDmPbKHhF6JT0Dn9AYuq84mnTq20L1wk/getUpdates "HTTP/1.1 200 OK"
2026-04-28 17:46:01,306 - balethon.network.connection - INFO - [getUpdates] JSON{'offset': 23}
2026-04-28 17:46:06,329 - httpx - INFO - HTTP Request: POST https://tapi.bale.ai/bot2029474166:MzkMDmPbKHhF6JT0Dn9AYuq84mnTq20L1wk/getUpdates "HTTP/1.1 200 OK"
2026-04-28 17:46:06,342 - balethon.network.connection - INFO - [getUpdates] JSON{'offset': 23}
2026-04-28 17:46:11,359 - httpx - INFO - HTTP Request: POST https://tapi.bale.ai/bot2029474166:MzkMDmPbKHhF6JT0Dn9AYuq84mnTq20L1wk/getUpdates "HTTP/1.1 200 OK"
2026-04-28 17:46:11,370 - balethon.network.connection - INFO - [getUpdates] JSON{'offset': 23}
2026-04-28 17:46:16,390 - httpx - INFO - HTTP Request: POST https://tapi.bale.ai/bot2029474166:MzkMDmPbKHhF6JT0Dn9AYuq84mnTq20L1wk/getUpdates "HTTP/1.1 200 OK"
2026-04-28 17:46:16,400 - balethon.network.connection - INFO - [getUpdates] JSON{'offset': 23}
2026-04-28 17:46:21,415 - httpx - INFO - HTTP Request: POST https://tapi.bale.ai/bot2029474166:MzkMDmPbKHhF6JT0Dn9AYuq84mnTq20L1wk/getUpdates "HTTP/1.1 200 OK"
2026-04-28 17:46:21,427 - balethon.network.connection - INFO - [getUpdates] JSON{'offset': 23}
2026-04-28 17:46:26,445 - httpx - INFO - HTTP Request: POST https://tapi.bale.ai/bot2029474166:MzkMDmPbKHhF6JT0Dn9AYuq84mnTq20L1wk/getUpdates "HTTP/1.1 200 OK"
2026-04-28 17:46:26,459 - balethon.network.connection - INFO - [getUpdates] JSON{'offset': 23}
2026-04-28 17:46:31,477 - httpx - INFO - HTTP Request: POST https://tapi.bale.ai/bot2029474166:MzkMDmPbKHhF6JT0Dn9AYuq84mnTq20L1wk/getUpdates "HTTP/1.1 200 OK"
2026-04-28 17:46:31,493 - balethon.network.connection - INFO - [getUpdates] JSON{'offset': 23}
2026-04-28 17:46:36,521 - httpx - INFO - HTTP Request: POST https://tapi.bale.ai/bot2029474166:MzkMDmPbKHhF6JT0Dn9AYuq84mnTq20L1wk/getUpdates "HTTP/1.1 200 OK"
2026-04-28 17:46:36,532 - balethon.network.connection - INFO - [getUpdates] JSON{'offset': 23}
2026-04-28 17:46:41,547 - httpx - INFO - HTTP Request: POST https://tapi.bale.ai/bot2029474166:MzkMDmPbKHhF6JT0Dn9AYuq84mnTq20L1wk/getUpdates "HTTP/1.1 200 OK"
2026-04-28 17:46:41,556 - balethon.network.connection - INFO - [getUpdates] JSON{'offset': 23}
2026-04-28 17:46:46,580 - httpx - INFO - HTTP Request: POST https://tapi.bale.ai/bot2029474166:MzkMDmPbKHhF6JT0Dn9AYuq84mnTq20L1wk/getUpdates "HTTP/1.1 200 OK"
2026-04-28 17:46:46,590 - balethon.network.connection - INFO - [getUpdates] JSON{'offset': 23}
2026-04-28 17:46:51,606 - httpx - INFO - HTTP Request: POST https://tapi.bale.ai/bot2029474166:MzkMDmPbKHhF6JT0Dn9AYuq84mnTq20L1wk/getUpdates "HTTP/1.1 200 OK"
2026-04-28 17:46:51,620 - balethon.network.connection - INFO - [getUpdates] JSON{'offset': 23}
2026-04-28 17:46:56,834 - httpx - INFO - HTTP Request: POST https://tapi.bale.ai/bot2029474166:MzkMDmPbKHhF6JT0Dn9AYuq84mnTq20L1wk/getUpdates "HTTP/1.1 200 OK"
2026-04-28 17:46:56,841 - balethon.network.connection - INFO - [getUpdates] JSON{'offset': 23}
2026-04-28 17:47:01,856 - httpx - INFO - HTTP Request: POST https://tapi.bale.ai/bot2029474166:MzkMDmPbKHhF6JT0Dn9AYuq84mnTq20L1wk/getUpdates "HTTP/1.1 200 OK"
2026-04-28 17:47:01,872 - balethon.network.connection - INFO - [getUpdates] JSON{'offset': 23}
2026-04-28 17:47:06,890 - httpx - INFO - HTTP Request: POST https://tapi.bale.ai/bot2029474166:MzkMDmPbKHhF6JT0Dn9AYuq84mnTq20L1wk/getUpdates "HTTP/1.1 200 OK"
2026-04-28 17:47:06,899 - balethon.network.connection - INFO - [getUpdates] JSON{'offset': 23}
2026-04-28 17:47:11,915 - httpx - INFO - HTTP Request: POST https://tapi.bale.ai/bot2029474166:MzkMDmPbKHhF6JT0Dn9AYuq84mnTq20L1wk/getUpdates "HTTP/1.1 200 OK"
2026-04-28 17:47:11,928 - balethon.network.connection - INFO - [getUpdates] JSON{'offset': 23}
2026-04-28 17:47:16,947 - httpx - INFO - HTTP Request: POST https://tapi.bale.ai/bot2029474166:MzkMDmPbKHhF6JT0Dn9AYuq84mnTq20L1wk/getUpdates "HTTP/1.1 200 OK"
2026-04-28 17:47:16,957 - balethon.network.connection - INFO - [getUpdates] JSON{'offset': 23}
2026-04-28 17:47:21,978 - httpx - INFO - HTTP Request: POST https://tapi.bale.ai/bot2029474166:MzkMDmPbKHhF6JT0Dn9AYuq84mnTq20L1wk/getUpdates "HTTP/1.1 200 OK"
2026-04-28 17:47:22,012 - balethon.network.connection - INFO - [getUpdates] JSON{'offset': 23}
2026-04-28 17:47:27,038 - httpx - INFO - HTTP Request: POST https://tapi.bale.ai/bot2029474166:MzkMDmPbKHhF6JT0Dn9AYuq84mnTq20L1wk/getUpdates "HTTP/1.1 200 OK"
2026-04-28 17:47:27,052 - balethon.network.connection - INFO - [getUpdates] JSON{'offset': 23}
2026-04-28 17:47:32,070 - httpx - INFO - HTTP Request: POST https://tapi.bale.ai/bot2029474166:MzkMDmPbKHhF6JT0Dn9AYuq84mnTq20L1wk/getUpdates "HTTP/1.1 200 OK"
2026-04-28 17:47:32,086 - balethon.network.connection - INFO - [getUpdates] JSON{'offset': 23}
2026-04-28 17:47:37,113 - httpx - INFO - HTTP Request: POST https://tapi.bale.ai/bot2029474166:MzkMDmPbKHhF6JT0Dn9AYuq84mnTq20L1wk/getUpdates "HTTP/1.1 200 OK"
2026-04-28 17:47:37,125 - balethon.network.connection - INFO - [getUpdates] JSON{'offset': 23}
2026-04-28 17:47:42,140 - httpx - INFO - HTTP Request: POST https://tapi.bale.ai/bot2029474166:MzkMDmPbKHhF6JT0Dn9AYuq84mnTq20L1wk/getUpdates "HTTP/1.1 200 OK"
2026-04-28 17:47:42,153 - balethon.network.connection - INFO - [getUpdates] JSON{'offset': 23}
2026-04-28 17:47:47,170 - httpx - INFO - HTTP Request: POST https://tapi.bale.ai/bot2029474166:MzkMDmPbKHhF6JT0Dn9AYuq84mnTq20L1wk/getUpdates "HTTP/1.1 200 OK"
2026-04-28 17:47:47,181 - balethon.network.connection - INFO - [getUpdates] JSON{'offset': 23}
2026-04-28 17:47:52,253 - httpx - INFO - HTTP Request: POST https://tapi.bale.ai/bot2029474166:MzkMDmPbKHhF6JT0Dn9AYuq84mnTq20L1wk/getUpdates "HTTP/1.1 200 OK"
2026-04-28 17:47:52,270 - balethon.network.connection - INFO - [getUpdates] JSON{'offset': 23}
2026-04-28 17:47:57,362 - httpx - INFO - HTTP Request: POST https://tapi.bale.ai/bot2029474166:MzkMDmPbKHhF6JT0Dn9AYuq84mnTq20L1wk/getUpdates "HTTP/1.1 200 OK"
2026-04-28 17:47:57,379 - balethon.network.connection - INFO - [getUpdates] JSON{'offset': 23}
2026-04-28 17:48:02,396 - httpx - INFO - HTTP Request: POST https://tapi.bale.ai/bot2029474166:MzkMDmPbKHhF6JT0Dn9AYuq84mnTq20L1wk/getUpdates "HTTP/1.1 200 OK"
2026-04-28 17:48:02,419 - balethon.network.connection - INFO - [getUpdates] JSON{'offset': 23}
2026-04-28 17:48:07,441 - httpx - INFO - HTTP Request: POST https://tapi.bale.ai/bot2029474166:MzkMDmPbKHhF6JT0Dn9AYuq84mnTq20L1wk/getUpdates "HTTP/1.1 200 OK"
2026-04-28 17:48:07,449 - balethon.network.connection - INFO - [getUpdates] JSON{'offset': 23}
2026-04-28 17:48:12,467 - httpx - INFO - HTTP Request: POST https://tapi.bale.ai/bot2029474166:MzkMDmPbKHhF6JT0Dn9AYuq84mnTq20L1wk/getUpdates "HTTP/1.1 200 OK"
2026-04-28 17:48:12,470 - balethon.network.connection - INFO - [getUpdates] JSON{'offset': 23}
2026-04-28 17:48:17,482 - httpx - INFO - HTTP Request: POST https://tapi.bale.ai/bot2029474166:MzkMDmPbKHhF6JT0Dn9AYuq84mnTq20L1wk/getUpdates "HTTP/1.1 200 OK"
2026-04-28 17:48:17,496 - balethon.network.connection - INFO - [getUpdates] JSON{'offset': 23}
2026-04-28 17:48:22,519 - httpx - INFO - HTTP Request: POST https://tapi.bale.ai/bot2029474166:MzkMDmPbKHhF6JT0Dn9AYuq84mnTq20L1wk/getUpdates "HTTP/1.1 200 OK"
2026-04-28 17:48:22,534 - balethon.network.connection - INFO - [getUpdates] JSON{'offset': 23}
2026-04-28 17:48:27,550 - httpx - INFO - HTTP Request: POST https://tapi.bale.ai/bot2029474166:MzkMDmPbKHhF6JT0Dn9AYuq84mnTq20L1wk/getUpdates "HTTP/1.1 200 OK"
2026-04-28 17:48:27,564 - balethon.network.connection - INFO - [getUpdates] JSON{'offset': 23}
2026-04-28 17:48:32,581 - httpx - INFO - HTTP Request: POST https://tapi.bale.ai/bot2029474166:MzkMDmPbKHhF6JT0Dn9AYuq84mnTq20L1wk/getUpdates "HTTP/1.1 200 OK"
2026-04-28 17:48:32,596 - balethon.network.connection - INFO - [getUpdates] JSON{'offset': 23}
2026-04-28 17:48:37,613 - httpx - INFO - HTTP Request: POST https://tapi.bale.ai/bot2029474166:MzkMDmPbKHhF6JT0Dn9AYuq84mnTq20L1wk/getUpdates "HTTP/1.1 200 OK"
2026-04-28 17:48:37,628 - balethon.network.connection - INFO - [getUpdates] JSON{'offset': 23}
2026-04-28 17:48:42,662 - httpx - INFO - HTTP Request: POST https://tapi.bale.ai/bot2029474166:MzkMDmPbKHhF6JT0Dn9AYuq84mnTq20L1wk/getUpdates "HTTP/1.1 200 OK"
2026-04-28 17:48:42,665 - balethon.network.connection - INFO - [getUpdates] JSON{'offset': 23}
2026-04-28 17:48:42,865 - bot - INFO - Bot started successfully
2026-04-28 17:48:55,335 - __main__ - INFO - ==================================================
2026-04-28 17:48:55,336 - __main__ - INFO - EliteUniteTime Bot Starting...
2026-04-28 17:48:55,336 - __main__ - INFO - ==================================================
2026-04-28 17:48:55,986 - database.db - INFO - Table 'users' initialized successfully
2026-04-28 17:48:55,987 - database.db - INFO - Table 'reports' initialized successfully
2026-04-28 17:48:55,987 - database.db - INFO - Table 'penalties' initialized successfully
2026-04-28 17:48:55,988 - bot - INFO - Database initialized
2026-04-28 17:48:55,988 - bot - INFO - Scheduler service initialized
2026-04-28 17:48:55,988 - bot - INFO - All handlers initialized
2026-04-28 17:48:55,989 - bot - INFO - Bale client initialized
2026-04-28 17:48:55,989 - bot - INFO - Message and callback handlers registered
2026-04-28 17:48:55,990 - bot - INFO - Starting EliteUniteTime bot...
2026-04-28 17:48:55,991 - apscheduler.scheduler - INFO - Adding job tentatively -- it will be properly scheduled when the scheduler starts
2026-04-28 17:48:55,992 - services.scheduler - INFO - Missing report check job added: daily at 10:00 Asia/Tehran
2026-04-28 17:48:55,993 - apscheduler.scheduler - INFO - Added job "Check missing daily reports" to job store "default"
2026-04-28 17:48:55,994 - apscheduler.scheduler - INFO - Scheduler started
2026-04-28 17:48:55,996 - services.scheduler - INFO - Scheduler started successfully
2026-04-28 17:48:55,996 - bot - INFO - Scheduler started successfully
2026-04-28 17:48:57,293 - httpx - INFO - HTTP Request: GET https://tapi.bale.ai/bot2029474166:MzkMDmPbKHhF6JT0Dn9AYuq84mnTq20L1wk/getMe "HTTP/1.1 200 OK"
2026-04-28 17:48:57,652 - httpx - INFO - HTTP Request: GET https://tapi.bale.ai/bot2029474166:MzkMDmPbKHhF6JT0Dn9AYuq84mnTq20L1wk/deleteWebhook "HTTP/1.1 200 OK"
2026-04-28 17:49:03,014 - httpx - INFO - HTTP Request: POST https://tapi.bale.ai/bot2029474166:MzkMDmPbKHhF6JT0Dn9AYuq84mnTq20L1wk/getUpdates "HTTP/1.1 200 OK"
2026-04-28 17:49:08,306 - httpx - INFO - HTTP Request: POST https://tapi.bale.ai/bot2029474166:MzkMDmPbKHhF6JT0Dn9AYuq84mnTq20L1wk/getUpdates "HTTP/1.1 200 OK"
2026-04-28 17:49:13,873 - httpx - INFO - HTTP Request: POST https://tapi.bale.ai/bot2029474166:MzkMDmPbKHhF6JT0Dn9AYuq84mnTq20L1wk/getUpdates "HTTP/1.1 200 OK"
2026-04-28 17:49:14,809 - httpx - INFO - HTTP Request: POST https://tapi.bale.ai/bot2029474166:MzkMDmPbKHhF6JT0Dn9AYuq84mnTq20L1wk/getUpdates "HTTP/1.1 200 OK"
2026-04-28 17:49:14,823 - balethon.network.connection - INFO - [getUpdates] JSON{'offset': 24}
2026-04-28 17:49:14,824 - bot - INFO - Message from user 2062332444: /start
2026-04-28 17:49:16,176 - httpx - INFO - HTTP Request: POST https://tapi.bale.ai/bot2029474166:MzkMDmPbKHhF6JT0Dn9AYuq84mnTq20L1wk/sendMessage "HTTP/1.1 200 OK"
2026-04-28 17:49:20,070 - httpx - INFO - HTTP Request: POST https://tapi.bale.ai/bot2029474166:MzkMDmPbKHhF6JT0Dn9AYuq84mnTq20L1wk/getUpdates "HTTP/1.1 200 OK"
2026-04-28 17:49:20,083 - balethon.network.connection - INFO - [getUpdates] JSON{'offset': 25}
2026-04-28 17:49:20,442 - httpx - INFO - HTTP Request: POST https://tapi.bale.ai/bot2029474166:MzkMDmPbKHhF6JT0Dn9AYuq84mnTq20L1wk/sendMessage "HTTP/1.1 200 OK"
2026-04-28 17:49:25,404 - httpx - INFO - HTTP Request: POST https://tapi.bale.ai/bot2029474166:MzkMDmPbKHhF6JT0Dn9AYuq84mnTq20L1wk/getUpdates "HTTP/1.1 200 OK"
2026-04-28 17:49:25,409 - balethon.network.connection - INFO - [getUpdates] JSON{'offset': 25}
2026-04-28 17:49:30,976 - httpx - INFO - HTTP Request: POST https://tapi.bale.ai/bot2029474166:MzkMDmPbKHhF6JT0Dn9AYuq84mnTq20L1wk/getUpdates "HTTP/1.1 200 OK"
2026-04-28 17:49:30,980 - balethon.network.connection - INFO - [getUpdates] JSON{'offset': 25}
2026-04-28 17:49:36,286 - httpx - INFO - HTTP Request: POST https://tapi.bale.ai/bot2029474166:MzkMDmPbKHhF6JT0Dn9AYuq84mnTq20L1wk/getUpdates "HTTP/1.1 200 OK"
2026-04-28 17:49:36,290 - balethon.network.connection - INFO - [getUpdates] JSON{'offset': 25}
2026-04-28 17:49:41,614 - httpx - INFO - HTTP Request: POST https://tapi.bale.ai/bot2029474166:MzkMDmPbKHhF6JT0Dn9AYuq84mnTq20L1wk/getUpdates "HTTP/1.1 200 OK"
2026-04-28 17:49:41,617 - balethon.network.connection - INFO - [getUpdates] JSON{'offset': 25}
2026-04-28 17:49:46,953 - httpx - INFO - HTTP Request: POST https://tapi.bale.ai/bot2029474166:MzkMDmPbKHhF6JT0Dn9AYuq84mnTq20L1wk/getUpdates "HTTP/1.1 200 OK"
2026-04-28 17:49:46,958 - balethon.network.connection - INFO - [getUpdates] JSON{'offset': 25}
2026-04-28 17:49:52,293 - httpx - INFO - HTTP Request: POST https://tapi.bale.ai/bot2029474166:MzkMDmPbKHhF6JT0Dn9AYuq84mnTq20L1wk/getUpdates "HTTP/1.1 200 OK"
2026-04-28 17:49:52,297 - balethon.network.connection - INFO - [getUpdates] JSON{'offset': 25}
2026-04-28 17:49:57,643 - httpx - INFO - HTTP Request: POST https://tapi.bale.ai/bot2029474166:MzkMDmPbKHhF6JT0Dn9AYuq84mnTq20L1wk/getUpdates "HTTP/1.1 200 OK"
2026-04-28 17:49:57,650 - balethon.network.connection - INFO - [getUpdates] JSON{'offset': 25}
2026-04-28 17:50:02,965 - httpx - INFO - HTTP Request: POST https://tapi.bale.ai/bot2029474166:MzkMDmPbKHhF6JT0Dn9AYuq84mnTq20L1wk/getUpdates "HTTP/1.1 200 OK"
2026-04-28 17:50:02,973 - balethon.network.connection - INFO - [getUpdates] JSON{'offset': 25}
2026-04-28 17:50:08,280 - httpx - INFO - HTTP Request: POST https://tapi.bale.ai/bot2029474166:MzkMDmPbKHhF6JT0Dn9AYuq84mnTq20L1wk/getUpdates "HTTP/1.1 200 OK"
2026-04-28 17:50:08,302 - balethon.network.connection - INFO - [getUpdates] JSON{'offset': 25}
2026-04-28 17:50:13,630 - httpx - INFO - HTTP Request: POST https://tapi.bale.ai/bot2029474166:MzkMDmPbKHhF6JT0Dn9AYuq84mnTq20L1wk/getUpdates "HTTP/1.1 200 OK"
2026-04-28 17:50:13,654 - balethon.network.connection - INFO - [getUpdates] JSON{'offset': 25}
2026-04-28 17:50:19,080 - httpx - INFO - HTTP Request: POST https://tapi.bale.ai/bot2029474166:MzkMDmPbKHhF6JT0Dn9AYuq84mnTq20L1wk/getUpdates "HTTP/1.1 200 OK"
2026-04-28 17:50:19,117 - balethon.network.connection - INFO - [getUpdates] JSON{'offset': 25}
2026-04-28 17:50:24,504 - httpx - INFO - HTTP Request: POST https://tapi.bale.ai/bot2029474166:MzkMDmPbKHhF6JT0Dn9AYuq84mnTq20L1wk/getUpdates "HTTP/1.1 200 OK"
2026-04-28 17:50:24,522 - balethon.network.connection - INFO - [getUpdates] JSON{'offset': 25}
2026-04-28 17:50:29,865 - httpx - INFO - HTTP Request: POST https://tapi.bale.ai/bot2029474166:MzkMDmPbKHhF6JT0Dn9AYuq84mnTq20L1wk/getUpdates "HTTP/1.1 200 OK"
2026-04-28 17:50:29,881 - balethon.network.connection - INFO - [getUpdates] JSON{'offset': 25}
2026-04-28 17:50:35,176 - httpx - INFO - HTTP Request: POST https://tapi.bale.ai/bot2029474166:MzkMDmPbKHhF6JT0Dn9AYuq84mnTq20L1wk/getUpdates "HTTP/1.1 200 OK"
2026-04-28 17:50:35,198 - balethon.network.connection - INFO - [getUpdates] JSON{'offset': 25}
2026-04-28 17:50:40,501 - httpx - INFO - HTTP Request: POST https://tapi.bale.ai/bot2029474166:MzkMDmPbKHhF6JT0Dn9AYuq84mnTq20L1wk/getUpdates "HTTP/1.1 200 OK"
2026-04-28 17:50:40,507 - balethon.network.connection - INFO - [getUpdates] JSON{'offset': 25}
2026-04-28 17:50:45,825 - httpx - INFO - HTTP Request: POST https://tapi.bale.ai/bot2029474166:MzkMDmPbKHhF6JT0Dn9AYuq84mnTq20L1wk/getUpdates "HTTP/1.1 200 OK"
2026-04-28 17:50:45,844 - balethon.network.connection - INFO - [getUpdates] JSON{'offset': 25}
2026-04-28 17:50:51,224 - httpx - INFO - HTTP Request: POST https://tapi.bale.ai/bot2029474166:MzkMDmPbKHhF6JT0Dn9AYuq84mnTq20L1wk/getUpdates "HTTP/1.1 200 OK"
2026-04-28 17:50:51,243 - balethon.network.connection - INFO - [getUpdates] JSON{'offset': 25}
2026-04-28 17:50:56,578 - httpx - INFO - HTTP Request: POST https://tapi.bale.ai/bot2029474166:MzkMDmPbKHhF6JT0Dn9AYuq84mnTq20L1wk/getUpdates "HTTP/1.1 200 OK"
2026-04-28 17:50:56,592 - balethon.network.connection - INFO - [getUpdates] JSON{'offset': 25}
2026-04-28 17:51:01,898 - httpx - INFO - HTTP Request: POST https://tapi.bale.ai/bot2029474166:MzkMDmPbKHhF6JT0Dn9AYuq84mnTq20L1wk/getUpdates "HTTP/1.1 200 OK"
2026-04-28 17:51:01,906 - balethon.network.connection - INFO - [getUpdates] JSON{'offset': 25}
2026-04-28 17:51:07,449 - httpx - INFO - HTTP Request: POST https://tapi.bale.ai/bot2029474166:MzkMDmPbKHhF6JT0Dn9AYuq84mnTq20L1wk/getUpdates "HTTP/1.1 200 OK"
2026-04-28 17:51:07,453 - balethon.network.connection - INFO - [getUpdates] JSON{'offset': 25}
2026-04-28 17:51:12,835 - httpx - INFO - HTTP Request: POST https://tapi.bale.ai/bot2029474166:MzkMDmPbKHhF6JT0Dn9AYuq84mnTq20L1wk/getUpdates "HTTP/1.1 200 OK"
2026-04-28 17:51:12,849 - balethon.network.connection - INFO - [getUpdates] JSON{'offset': 25}
2026-04-28 17:51:18,196 - httpx - INFO - HTTP Request: POST https://tapi.bale.ai/bot2029474166:MzkMDmPbKHhF6JT0Dn9AYuq84mnTq20L1wk/getUpdates "HTTP/1.1 200 OK"
2026-04-28 17:51:18,204 - balethon.network.connection - INFO - [getUpdates] JSON{'offset': 25}
2026-04-28 17:51:23,604 - httpx - INFO - HTTP Request: POST https://tapi.bale.ai/bot2029474166:MzkMDmPbKHhF6JT0Dn9AYuq84mnTq20L1wk/getUpdates "HTTP/1.1 200 OK"
2026-04-28 17:51:23,609 - balethon.network.connection - INFO - [getUpdates] JSON{'offset': 25}
2026-04-28 17:51:28,879 - httpx - INFO - HTTP Request: POST https://tapi.bale.ai/bot2029474166:MzkMDmPbKHhF6JT0Dn9AYuq84mnTq20L1wk/getUpdates "HTTP/1.1 200 OK"
2026-04-28 17:51:28,882 - balethon.network.connection - INFO - [getUpdates] JSON{'offset': 25}
2026-04-28 17:51:34,225 - httpx - INFO - HTTP Request: POST https://tapi.bale.ai/bot2029474166:MzkMDmPbKHhF6JT0Dn9AYuq84mnTq20L1wk/getUpdates "HTTP/1.1 200 OK"
2026-04-28 17:51:34,229 - balethon.network.connection - INFO - [getUpdates] JSON{'offset': 25}
2026-04-28 17:51:39,544 - httpx - INFO - HTTP Request: POST https://tapi.bale.ai/bot2029474166:MzkMDmPbKHhF6JT0Dn9AYuq84mnTq20L1wk/getUpdates "HTTP/1.1 200 OK"
2026-04-28 17:51:39,546 - balethon.network.connection - INFO - [getUpdates] JSON{'offset': 25}
2026-04-28 17:51:44,822 - httpx - INFO - HTTP Request: POST https://tapi.bale.ai/bot2029474166:MzkMDmPbKHhF6JT0Dn9AYuq84mnTq20L1wk/getUpdates "HTTP/1.1 200 OK"
2026-04-28 17:51:44,827 - balethon.network.connection - INFO - [getUpdates] JSON{'offset': 25}
2026-04-28 17:51:50,128 - httpx - INFO - HTTP Request: POST https://tapi.bale.ai/bot2029474166:MzkMDmPbKHhF6JT0Dn9AYuq84mnTq20L1wk/getUpdates "HTTP/1.1 200 OK"
2026-04-28 17:51:50,136 - balethon.network.connection - INFO - [getUpdates] JSON{'offset': 25}
2026-04-28 17:51:55,480 - httpx - INFO - HTTP Request: POST https://tapi.bale.ai/bot2029474166:MzkMDmPbKHhF6JT0Dn9AYuq84mnTq20L1wk/getUpdates "HTTP/1.1 200 OK"
2026-04-28 17:51:55,484 - balethon.network.connection - INFO - [getUpdates] JSON{'offset': 25}
2026-04-28 17:52:00,887 - httpx - INFO - HTTP Request: POST https://tapi.bale.ai/bot2029474166:MzkMDmPbKHhF6JT0Dn9AYuq84mnTq20L1wk/getUpdates "HTTP/1.1 200 OK"
2026-04-28 17:52:00,897 - balethon.network.connection - INFO - [getUpdates] JSON{'offset': 25}
2026-04-28 17:52:06,202 - httpx - INFO - HTTP Request: POST https://tapi.bale.ai/bot2029474166:MzkMDmPbKHhF6JT0Dn9AYuq84mnTq20L1wk/getUpdates "HTTP/1.1 200 OK"
2026-04-28 17:52:06,239 - balethon.network.connection - INFO - [getUpdates] JSON{'offset': 25}
2026-04-28 17:52:11,538 - httpx - INFO - HTTP Request: POST https://tapi.bale.ai/bot2029474166:MzkMDmPbKHhF6JT0Dn9AYuq84mnTq20L1wk/getUpdates "HTTP/1.1 200 OK"
2026-04-28 17:52:11,565 - balethon.network.connection - INFO - [getUpdates] JSON{'offset': 25}
2026-04-28 17:52:16,958 - httpx - INFO - HTTP Request: POST https://tapi.bale.ai/bot2029474166:MzkMDmPbKHhF6JT0Dn9AYuq84mnTq20L1wk/getUpdates "HTTP/1.1 200 OK"
2026-04-28 17:52:16,973 - balethon.network.connection - INFO - [getUpdates] JSON{'offset': 25}
2026-04-28 17:52:22,326 - httpx - INFO - HTTP Request: POST https://tapi.bale.ai/bot2029474166:MzkMDmPbKHhF6JT0Dn9AYuq84mnTq20L1wk/getUpdates "HTTP/1.1 200 OK"
2026-04-28 17:52:22,347 - balethon.network.connection - INFO - [getUpdates] JSON{'offset': 25}
2026-04-28 17:52:27,690 - httpx - INFO - HTTP Request: POST https://tapi.bale.ai/bot2029474166:MzkMDmPbKHhF6JT0Dn9AYuq84mnTq20L1wk/getUpdates "HTTP/1.1 200 OK"
2026-04-28 17:52:27,788 - balethon.network.connection - INFO - [getUpdates] JSON{'offset': 25}
2026-04-28 17:52:33,192 - httpx - INFO - HTTP Request: POST https://tapi.bale.ai/bot2029474166:MzkMDmPbKHhF6JT0Dn9AYuq84mnTq20L1wk/getUpdates "HTTP/1.1 200 OK"
2026-04-28 17:52:33,228 - balethon.network.connection - INFO - [getUpdates] JSON{'offset': 25}
2026-04-28 17:52:38,504 - httpx - INFO - HTTP Request: POST https://tapi.bale.ai/bot2029474166:MzkMDmPbKHhF6JT0Dn9AYuq84mnTq20L1wk/getUpdates "HTTP/1.1 200 OK"
2026-04-28 17:52:38,551 - balethon.network.connection - INFO - [getUpdates] JSON{'offset': 25}
2026-04-28 17:52:43,912 - httpx - INFO - HTTP Request: POST https://tapi.bale.ai/bot2029474166:MzkMDmPbKHhF6JT0Dn9AYuq84mnTq20L1wk/getUpdates "HTTP/1.1 200 OK"
2026-04-28 17:52:43,943 - balethon.network.connection - INFO - [getUpdates] JSON{'offset': 25}
2026-04-28 17:52:49,263 - httpx - INFO - HTTP Request: POST https://tapi.bale.ai/bot2029474166:MzkMDmPbKHhF6JT0Dn9AYuq84mnTq20L1wk/getUpdates "HTTP/1.1 200 OK"
2026-04-28 17:52:49,283 - balethon.network.connection - INFO - [getUpdates] JSON{'offset': 25}
2026-04-28 17:52:54,615 - httpx - INFO - HTTP Request: POST https://tapi.bale.ai/bot2029474166:MzkMDmPbKHhF6JT0Dn9AYuq84mnTq20L1wk/getUpdates "HTTP/1.1 200 OK"
2026-04-28 17:52:54,657 - balethon.network.connection - INFO - [getUpdates] JSON{'offset': 25}
2026-04-28 17:52:59,979 - httpx - INFO - HTTP Request: POST https://tapi.bale.ai/bot2029474166:MzkMDmPbKHhF6JT0Dn9AYuq84mnTq20L1wk/getUpdates "HTTP/1.1 200 OK"
2026-04-28 17:52:59,988 - balethon.network.connection - INFO - [getUpdates] JSON{'offset': 25}
2026-04-28 17:53:05,375 - httpx - INFO - HTTP Request: POST https://tapi.bale.ai/bot2029474166:MzkMDmPbKHhF6JT0Dn9AYuq84mnTq20L1wk/getUpdates "HTTP/1.1 200 OK"
2026-04-28 17:53:05,381 - balethon.network.connection - INFO - [getUpdates] JSON{'offset': 25}
2026-04-28 17:53:10,667 - httpx - INFO - HTTP Request: POST https://tapi.bale.ai/bot2029474166:MzkMDmPbKHhF6JT0Dn9AYuq84mnTq20L1wk/getUpdates "HTTP/1.1 200 OK"
2026-04-28 17:53:10,673 - balethon.network.connection - INFO - [getUpdates] JSON{'offset': 25}
2026-04-28 17:53:15,949 - httpx - INFO - HTTP Request: POST https://tapi.bale.ai/bot2029474166:MzkMDmPbKHhF6JT0Dn9AYuq84mnTq20L1wk/getUpdates "HTTP/1.1 200 OK"
2026-04-28 17:53:15,957 - balethon.network.connection - INFO - [getUpdates] JSON{'offset': 25}
2026-04-28 17:53:21,283 - httpx - INFO - HTTP Request: POST https://tapi.bale.ai/bot2029474166:MzkMDmPbKHhF6JT0Dn9AYuq84mnTq20L1wk/getUpdates "HTTP/1.1 200 OK"
2026-04-28 17:53:21,290 - balethon.network.connection - INFO - [getUpdates] JSON{'offset': 25}
2026-04-28 17:53:26,719 - httpx - INFO - HTTP Request: POST https://tapi.bale.ai/bot2029474166:MzkMDmPbKHhF6JT0Dn9AYuq84mnTq20L1wk/getUpdates "HTTP/1.1 200 OK"
2026-04-28 17:53:26,727 - balethon.network.connection - INFO - [getUpdates] JSON{'offset': 25}
2026-04-28 17:53:32,050 - httpx - INFO - HTTP Request: POST https://tapi.bale.ai/bot2029474166:MzkMDmPbKHhF6JT0Dn9AYuq84mnTq20L1wk/getUpdates "HTTP/1.1 200 OK"
2026-04-28 17:53:32,058 - balethon.network.connection - INFO - [getUpdates] JSON{'offset': 25}
2026-04-28 17:53:37,375 - httpx - INFO - HTTP Request: POST https://tapi.bale.ai/bot2029474166:MzkMDmPbKHhF6JT0Dn9AYuq84mnTq20L1wk/getUpdates "HTTP/1.1 200 OK"
2026-04-28 17:53:37,379 - balethon.network.connection - INFO - [getUpdates] JSON{'offset': 25}
2026-04-28 17:53:42,695 - httpx - INFO - HTTP Request: POST https://tapi.bale.ai/bot2029474166:MzkMDmPbKHhF6JT0Dn9AYuq84mnTq20L1wk/getUpdates "HTTP/1.1 200 OK"
2026-04-28 17:53:42,703 - balethon.network.connection - INFO - [getUpdates] JSON{'offset': 25}
2026-04-28 17:53:47,991 - httpx - INFO - HTTP Request: POST https://tapi.bale.ai/bot2029474166:MzkMDmPbKHhF6JT0Dn9AYuq84mnTq20L1wk/getUpdates "HTTP/1.1 200 OK"
2026-04-28 17:53:47,994 - balethon.network.connection - INFO - [getUpdates] JSON{'offset': 25}
2026-04-28 17:53:53,288 - httpx - INFO - HTTP Request: POST https://tapi.bale.ai/bot2029474166:MzkMDmPbKHhF6JT0Dn9AYuq84mnTq20L1wk/getUpdates "HTTP/1.1 200 OK"
2026-04-28 17:53:53,292 - balethon.network.connection - INFO - [getUpdates] JSON{'offset': 25}
2026-04-28 17:53:58,604 - httpx - INFO - HTTP Request: POST https://tapi.bale.ai/bot2029474166:MzkMDmPbKHhF6JT0Dn9AYuq84mnTq20L1wk/getUpdates "HTTP/1.1 200 OK"
2026-04-28 17:53:58,611 - balethon.network.connection - INFO - [getUpdates] JSON{'offset': 25}
2026-04-28 17:54:03,896 - httpx - INFO - HTTP Request: POST https://tapi.bale.ai/bot2029474166:MzkMDmPbKHhF6JT0Dn9AYuq84mnTq20L1wk/getUpdates "HTTP/1.1 200 OK"
2026-04-28 17:54:03,905 - balethon.network.connection - INFO - [getUpdates] JSON{'offset': 25}
2026-04-28 17:54:09,220 - httpx - INFO - HTTP Request: POST https://tapi.bale.ai/bot2029474166:MzkMDmPbKHhF6JT0Dn9AYuq84mnTq20L1wk/getUpdates "HTTP/1.1 200 OK"
2026-04-28 17:54:09,229 - balethon.network.connection - INFO - [getUpdates] JSON{'offset': 25}
2026-04-28 17:54:14,790 - httpx - INFO - HTTP Request: POST https://tapi.bale.ai/bot2029474166:MzkMDmPbKHhF6JT0Dn9AYuq84mnTq20L1wk/getUpdates "HTTP/1.1 200 OK"
2026-04-28 17:54:14,798 - balethon.network.connection - INFO - [getUpdates] JSON{'offset': 25}
2026-04-28 17:54:20,198 - httpx - INFO - HTTP Request: POST https://tapi.bale.ai/bot2029474166:MzkMDmPbKHhF6JT0Dn9AYuq84mnTq20L1wk/getUpdates "HTTP/1.1 200 OK"
2026-04-28 17:54:20,205 - balethon.network.connection - INFO - [getUpdates] JSON{'offset': 25}
2026-04-28 17:54:25,580 - httpx - INFO - HTTP Request: POST https://tapi.bale.ai/bot2029474166:MzkMDmPbKHhF6JT0Dn9AYuq84mnTq20L1wk/getUpdates "HTTP/1.1 200 OK"
2026-04-28 17:54:25,589 - balethon.network.connection - INFO - [getUpdates] JSON{'offset': 25}
2026-04-28 17:54:30,889 - httpx - INFO - HTTP Request: POST https://tapi.bale.ai/bot2029474166:MzkMDmPbKHhF6JT0Dn9AYuq84mnTq20L1wk/getUpdates "HTTP/1.1 200 OK"
2026-04-28 17:54:30,893 - balethon.network.connection - INFO - [getUpdates] JSON{'offset': 25}
2026-04-28 17:54:35,630 - bot - INFO - Bot started successfully
2026-05-04 18:11:14,072 - __main__ - INFO - ==================================================
2026-05-04 18:11:14,072 - __main__ - INFO - EliteUniteTime Bot Starting...
2026-05-04 18:11:14,073 - __main__ - INFO - ==================================================
2026-05-04 18:11:14,763 - database.db - INFO - Table 'users' initialized successfully
2026-05-04 18:11:14,763 - database.db - INFO - Table 'reports' initialized successfully
2026-05-04 18:11:14,764 - database.db - INFO - Table 'penalties' initialized successfully
2026-05-04 18:11:14,764 - bot - INFO - Database initialized
2026-05-04 18:11:14,764 - bot - INFO - Scheduler service initialized
2026-05-04 18:11:14,764 - bot - INFO - All handlers initialized
2026-05-04 18:11:14,765 - bot - INFO - Bale client initialized
2026-05-04 18:11:14,765 - bot - INFO - Message and callback handlers registered
2026-05-04 18:11:14,765 - bot - INFO - Starting EliteUniteTime bot...
2026-05-04 18:11:14,765 - apscheduler.scheduler - INFO - Adding job tentatively -- it will be properly scheduled when the scheduler starts
2026-05-04 18:11:14,765 - services.scheduler - INFO - Missing report check job added: daily at 10:00 Asia/Tehran
2026-05-04 18:11:14,766 - apscheduler.scheduler - INFO - Added job "Check missing daily reports" to job store "default"
2026-05-04 18:11:14,766 - apscheduler.scheduler - INFO - Scheduler started
2026-05-04 18:11:14,767 - services.scheduler - INFO - Scheduler started successfully
2026-05-04 18:11:14,768 - bot - INFO - Scheduler started successfully
2026-05-04 18:11:15,628 - httpx - INFO - HTTP Request: GET https://tapi.bale.ai/bot2029474166:MzkMDmPbKHhF6JT0Dn9AYuq84mnTq20L1wk/getMe "HTTP/1.1 200 OK"
2026-05-04 18:11:15,671 - httpx - INFO - HTTP Request: GET https://tapi.bale.ai/bot2029474166:MzkMDmPbKHhF6JT0Dn9AYuq84mnTq20L1wk/deleteWebhook "HTTP/1.1 200 OK"
2026-05-04 18:11:20,033 - httpx - INFO - HTTP Request: POST https://tapi.bale.ai/bot2029474166:MzkMDmPbKHhF6JT0Dn9AYuq84mnTq20L1wk/getUpdates "HTTP/1.1 200 OK"
2026-05-04 18:11:20,075 - balethon.network.connection - INFO - [getUpdates] JSON{'offset': 26}
2026-05-04 18:11:20,081 - bot - INFO - Message from user 2062332444: /start
2026-05-04 18:11:20,485 - httpx - INFO - HTTP Request: POST https://tapi.bale.ai/bot2029474166:MzkMDmPbKHhF6JT0Dn9AYuq84mnTq20L1wk/sendMessage "HTTP/1.1 200 OK"
2026-05-04 18:11:24,722 - httpx - INFO - HTTP Request: POST https://tapi.bale.ai/bot2029474166:MzkMDmPbKHhF6JT0Dn9AYuq84mnTq20L1wk/getUpdates "HTTP/1.1 200 OK"
2026-05-04 18:11:24,768 - balethon.network.connection - INFO - [getUpdates] JSON{'offset': 27}
2026-05-04 18:11:25,105 - httpx - INFO - HTTP Request: POST https://tapi.bale.ai/bot2029474166:MzkMDmPbKHhF6JT0Dn9AYuq84mnTq20L1wk/sendMessage "HTTP/1.1 200 OK"
2026-05-04 18:11:30,064 - httpx - INFO - HTTP Request: POST https://tapi.bale.ai/bot2029474166:MzkMDmPbKHhF6JT0Dn9AYuq84mnTq20L1wk/getUpdates "HTTP/1.1 200 OK"
2026-05-04 18:11:30,072 - balethon.network.connection - INFO - [getUpdates] JSON{'offset': 27}
2026-05-04 18:11:35,120 - httpx - INFO - HTTP Request: POST https://tapi.bale.ai/bot2029474166:MzkMDmPbKHhF6JT0Dn9AYuq84mnTq20L1wk/getUpdates "HTTP/1.1 200 OK"
2026-05-04 18:11:35,130 - balethon.network.connection - INFO - [getUpdates] JSON{'offset': 27}
2026-05-04 18:11:40,173 - httpx - INFO - HTTP Request: POST https://tapi.bale.ai/bot2029474166:MzkMDmPbKHhF6JT0Dn9AYuq84mnTq20L1wk/getUpdates "HTTP/1.1 200 OK"
2026-05-04 18:11:40,182 - balethon.network.connection - INFO - [getUpdates] JSON{'offset': 27}
2026-05-04 18:11:45,222 - httpx - INFO - HTTP Request: POST https://tapi.bale.ai/bot2029474166:MzkMDmPbKHhF6JT0Dn9AYuq84mnTq20L1wk/getUpdates "HTTP/1.1 200 OK"
2026-05-04 18:11:45,230 - balethon.network.connection - INFO - [getUpdates] JSON{'offset': 27}
2026-05-04 18:11:50,276 - httpx - INFO - HTTP Request: POST https://tapi.bale.ai/bot2029474166:MzkMDmPbKHhF6JT0Dn9AYuq84mnTq20L1wk/getUpdates "HTTP/1.1 200 OK"
2026-05-04 18:11:50,287 - balethon.network.connection - INFO - [getUpdates] JSON{'offset': 27}
2026-05-04 18:11:55,332 - httpx - INFO - HTTP Request: POST https://tapi.bale.ai/bot2029474166:MzkMDmPbKHhF6JT0Dn9AYuq84mnTq20L1wk/getUpdates "HTTP/1.1 200 OK"
2026-05-04 18:11:55,341 - balethon.network.connection - INFO - [getUpdates] JSON{'offset': 27}
2026-05-04 18:12:00,384 - httpx - INFO - HTTP Request: POST https://tapi.bale.ai/bot2029474166:MzkMDmPbKHhF6JT0Dn9AYuq84mnTq20L1wk/getUpdates "HTTP/1.1 200 OK"
2026-05-04 18:12:00,392 - balethon.network.connection - INFO - [getUpdates] JSON{'offset': 27}
2026-05-04 18:12:05,444 - httpx - INFO - HTTP Request: POST https://tapi.bale.ai/bot2029474166:MzkMDmPbKHhF6JT0Dn9AYuq84mnTq20L1wk/getUpdates "HTTP/1.1 200 OK"
2026-05-04 18:12:05,450 - balethon.network.connection - INFO - [getUpdates] JSON{'offset': 27}
2026-05-04 18:12:10,485 - httpx - INFO - HTTP Request: POST https://tapi.bale.ai/bot2029474166:MzkMDmPbKHhF6JT0Dn9AYuq84mnTq20L1wk/getUpdates "HTTP/1.1 200 OK"
2026-05-04 18:12:10,491 - balethon.network.connection - INFO - [getUpdates] JSON{'offset': 27}
2026-05-04 18:12:15,534 - httpx - INFO - HTTP Request: POST https://tapi.bale.ai/bot2029474166:MzkMDmPbKHhF6JT0Dn9AYuq84mnTq20L1wk/getUpdates "HTTP/1.1 200 OK"
2026-05-04 18:12:15,539 - balethon.network.connection - INFO - [getUpdates] JSON{'offset': 27}
2026-05-04 18:12:20,576 - httpx - INFO - HTTP Request: POST https://tapi.bale.ai/bot2029474166:MzkMDmPbKHhF6JT0Dn9AYuq84mnTq20L1wk/getUpdates "HTTP/1.1 200 OK"
2026-05-04 18:12:20,579 - balethon.network.connection - INFO - [getUpdates] JSON{'offset': 27}
2026-05-04 18:12:25,645 - httpx - INFO - HTTP Request: POST https://tapi.bale.ai/bot2029474166:MzkMDmPbKHhF6JT0Dn9AYuq84mnTq20L1wk/getUpdates "HTTP/1.1 200 OK"
2026-05-04 18:12:25,654 - balethon.network.connection - INFO - [getUpdates] JSON{'offset': 27}
2026-05-04 18:12:30,826 - httpx - INFO - HTTP Request: POST https://tapi.bale.ai/bot2029474166:MzkMDmPbKHhF6JT0Dn9AYuq84mnTq20L1wk/getUpdates "HTTP/1.1 200 OK"
2026-05-04 18:12:30,836 - balethon.network.connection - INFO - [getUpdates] JSON{'offset': 27}
2026-05-04 18:12:35,904 - httpx - INFO - HTTP Request: POST https://tapi.bale.ai/bot2029474166:MzkMDmPbKHhF6JT0Dn9AYuq84mnTq20L1wk/getUpdates "HTTP/1.1 200 OK"
2026-05-04 18:12:35,914 - balethon.network.connection - INFO - [getUpdates] JSON{'offset': 27}
2026-05-04 18:12:41,200 - httpx - INFO - HTTP Request: POST https://tapi.bale.ai/bot2029474166:MzkMDmPbKHhF6JT0Dn9AYuq84mnTq20L1wk/getUpdates "HTTP/1.1 200 OK"
2026-05-04 18:12:41,205 - balethon.network.connection - INFO - [getUpdates] JSON{'offset': 27}
2026-05-04 18:12:46,267 - httpx - INFO - HTTP Request: POST https://tapi.bale.ai/bot2029474166:MzkMDmPbKHhF6JT0Dn9AYuq84mnTq20L1wk/getUpdates "HTTP/1.1 200 OK"
2026-05-04 18:12:46,272 - balethon.network.connection - INFO - [getUpdates] JSON{'offset': 27}
2026-05-04 18:12:51,312 - httpx - INFO - HTTP Request: POST https://tapi.bale.ai/bot2029474166:MzkMDmPbKHhF6JT0Dn9AYuq84mnTq20L1wk/getUpdates "HTTP/1.1 200 OK"
2026-05-04 18:12:51,321 - balethon.network.connection - INFO - [getUpdates] JSON{'offset': 27}
2026-05-04 18:12:56,375 - httpx - INFO - HTTP Request: POST https://tapi.bale.ai/bot2029474166:MzkMDmPbKHhF6JT0Dn9AYuq84mnTq20L1wk/getUpdates "HTTP/1.1 200 OK"
2026-05-04 18:12:56,386 - balethon.network.connection - INFO - [getUpdates] JSON{'offset': 27}
2026-05-04 18:13:01,469 - httpx - INFO - HTTP Request: POST https://tapi.bale.ai/bot2029474166:MzkMDmPbKHhF6JT0Dn9AYuq84mnTq20L1wk/getUpdates "HTTP/1.1 200 OK"
2026-05-04 18:13:01,478 - balethon.network.connection - INFO - [getUpdates] JSON{'offset': 27}
2026-05-04 18:13:06,514 - httpx - INFO - HTTP Request: POST https://tapi.bale.ai/bot2029474166:MzkMDmPbKHhF6JT0Dn9AYuq84mnTq20L1wk/getUpdates "HTTP/1.1 200 OK"
2026-05-04 18:13:06,517 - balethon.network.connection - INFO - [getUpdates] JSON{'offset': 27}
2026-05-04 18:13:11,561 - httpx - INFO - HTTP Request: POST https://tapi.bale.ai/bot2029474166:MzkMDmPbKHhF6JT0Dn9AYuq84mnTq20L1wk/getUpdates "HTTP/1.1 200 OK"
2026-05-04 18:13:11,569 - balethon.network.connection - INFO - [getUpdates] JSON{'offset': 27}
2026-05-04 18:13:12,880 - bot - INFO - Bot started successfully
2026-05-04 18:20:23,981 - __main__ - INFO - ==================================================
2026-05-04 18:20:23,981 - __main__ - INFO - EliteUniteTime Bot Starting...
2026-05-04 18:20:23,981 - __main__ - INFO - ==================================================
2026-05-04 18:20:24,802 - database.db - INFO - Table 'users' initialized successfully
2026-05-04 18:20:24,802 - database.db - INFO - Table 'reports' initialized successfully
2026-05-04 18:20:24,803 - database.db - INFO - Table 'penalties' initialized successfully
2026-05-04 18:20:24,803 - bot - INFO - Database initialized
2026-05-04 18:20:24,803 - bot - INFO - Scheduler service initialized
2026-05-04 18:20:24,803 - bot - INFO - All handlers initialized
2026-05-04 18:20:24,805 - bot - INFO - Bale client initialized
2026-05-04 18:20:24,805 - bot - INFO - Message and callback handlers registered
2026-05-04 18:20:24,805 - bot - INFO - Starting EliteUniteTime bot...
2026-05-04 18:20:24,806 - apscheduler.scheduler - INFO - Adding job tentatively -- it will be properly scheduled when the scheduler starts
2026-05-04 18:20:24,806 - services.scheduler - INFO - Missing report check job added: daily at 10:00 Asia/Tehran
2026-05-04 18:20:24,806 - apscheduler.scheduler - INFO - Added job "Check missing daily reports" to job store "default"
2026-05-04 18:20:24,806 - apscheduler.scheduler - INFO - Scheduler started
2026-05-04 18:20:24,808 - services.scheduler - INFO - Scheduler started successfully
2026-05-04 18:20:24,808 - bot - INFO - Scheduler started successfully
2026-05-04 18:20:25,391 - httpx - INFO - HTTP Request: GET https://tapi.bale.ai/bot2029474166:MzkMDmPbKHhF6JT0Dn9AYuq84mnTq20L1wk/getMe "HTTP/1.1 200 OK"
2026-05-04 18:20:25,793 - httpx - INFO - HTTP Request: GET https://tapi.bale.ai/bot2029474166:MzkMDmPbKHhF6JT0Dn9AYuq84mnTq20L1wk/deleteWebhook "HTTP/1.1 200 OK"
2026-05-04 18:20:30,271 - httpx - INFO - HTTP Request: POST https://tapi.bale.ai/bot2029474166:MzkMDmPbKHhF6JT0Dn9AYuq84mnTq20L1wk/getUpdates "HTTP/1.1 200 OK"
2026-05-04 18:20:30,313 - balethon.network.connection - INFO - [getUpdates] JSON{'offset': 28}
2026-05-04 18:20:30,320 - bot - INFO - Message from user 2062332444: /start
2026-05-04 18:20:30,350 - balethon.network.connection - INFO - [sendMessage] JSON{'chat_id': 2062332444, 'text': 'خوش آمدید به سیستم مدیریت زمان EliteUniteTime! 🎉\n\nلطفاً اطلاعات خود را کامل کنید.\n\n🔤 لطفاً نام کامل خود را وارد کنید:'}
2026-05-04 18:20:30,533 - httpx - INFO - HTTP Request: POST https://tapi.bale.ai/bot2029474166:MzkMDmPbKHhF6JT0Dn9AYuq84mnTq20L1wk/sendMessage "HTTP/1.1 200 OK"
2026-05-04 18:20:33,119 - httpx - INFO - HTTP Request: POST https://tapi.bale.ai/bot2029474166:MzkMDmPbKHhF6JT0Dn9AYuq84mnTq20L1wk/getUpdates "HTTP/1.1 200 OK"
2026-05-04 18:20:33,237 - balethon.network.connection - INFO - [getUpdates] JSON{'offset': 29}
2026-05-04 18:20:33,280 - bot - INFO - Message from user 2062332444: لسیبلبیلر
2026-05-04 18:20:33,332 - balethon.network.connection - INFO - [sendMessage] JSON{'chat_id': 2062332444, 'text': '📞 لطفاً شماره تماس خود را وارد کنید (مثال: 09123456789):'}
2026-05-04 18:20:33,417 - httpx - INFO - HTTP Request: POST https://tapi.bale.ai/bot2029474166:MzkMDmPbKHhF6JT0Dn9AYuq84mnTq20L1wk/sendMessage "HTTP/1.1 200 OK"
2026-05-04 18:20:38,582 - httpx - INFO - HTTP Request: POST https://tapi.bale.ai/bot2029474166:MzkMDmPbKHhF6JT0Dn9AYuq84mnTq20L1wk/getUpdates "HTTP/1.1 200 OK"
2026-05-04 18:20:38,596 - balethon.network.connection - INFO - [getUpdates] JSON{'offset': 29}
2026-05-04 18:20:42,871 - httpx - INFO - HTTP Request: POST https://tapi.bale.ai/bot2029474166:MzkMDmPbKHhF6JT0Dn9AYuq84mnTq20L1wk/getUpdates "HTTP/1.1 200 OK"
2026-05-04 18:20:43,034 - balethon.network.connection - INFO - [getUpdates] JSON{'offset': 30}
2026-05-04 18:20:43,068 - bot - INFO - Message from user 2062332444: 09394573866
2026-05-04 18:20:43,113 - database.db - INFO - User added: لسیبلبیلر (ID: 1)
2026-05-04 18:20:43,129 - balethon.network.connection - INFO - [sendMessage] JSON{'chat_id': 2062332444, 'text': '✅ ثبت نام شما با موفقیت انجام شد!\n\nمنوی اصلی:', 'reply_markup': {'keyboard': [], 'remove_keyboard': True}}
2026-05-04 18:20:43,402 - httpx - INFO - HTTP Request: POST https://tapi.bale.ai/bot2029474166:MzkMDmPbKHhF6JT0Dn9AYuq84mnTq20L1wk/sendMessage "HTTP/1.1 200 OK"
2026-05-04 18:20:43,445 - balethon.network.connection - INFO - [sendMessage] JSON{'chat_id': 2062332444, 'text': '📋 منوی اصلی:', 'reply_markup': {'inline_keyboard': [[{'text': '📊 ثبت گزارش روزانه', 'callback_data': 'daily_report'}], [{'text': '📈 گزارش هفتگی', 'callback_data': 'weekly_report'}, {'text': '📅 گزارش ماهانه', 'callback_data': 'monthly_report'}], [{'text': '👤 پروفایل من', 'callback_data': 'profile'}], [{'text': '👥 آشنایی با دوستان', 'callback_data': 'friends'}]]}}
2026-05-04 18:20:43,509 - httpx - INFO - HTTP Request: POST https://tapi.bale.ai/bot2029474166:MzkMDmPbKHhF6JT0Dn9AYuq84mnTq20L1wk/sendMessage "HTTP/1.1 200 OK"
2026-05-04 18:20:43,558 - handlers.start - INFO - User registered: لسیبلبیلر (ID: 2062332444)
2026-05-04 18:20:47,991 - httpx - INFO - HTTP Request: POST https://tapi.bale.ai/bot2029474166:MzkMDmPbKHhF6JT0Dn9AYuq84mnTq20L1wk/getUpdates "HTTP/1.1 200 OK"
2026-05-04 18:20:48,130 - balethon.network.connection - INFO - [getUpdates] JSON{'offset': 31}
2026-05-04 18:20:53,175 - httpx - INFO - HTTP Request: POST https://tapi.bale.ai/bot2029474166:MzkMDmPbKHhF6JT0Dn9AYuq84mnTq20L1wk/getUpdates "HTTP/1.1 200 OK"
2026-05-04 18:20:53,219 - balethon.network.connection - INFO - [getUpdates] JSON{'offset': 31}
2026-05-04 18:20:56,549 - httpx - INFO - HTTP Request: POST https://tapi.bale.ai/bot2029474166:MzkMDmPbKHhF6JT0Dn9AYuq84mnTq20L1wk/getUpdates "HTTP/1.1 200 OK"
2026-05-04 18:20:56,668 - balethon.network.connection - INFO - [getUpdates] JSON{'offset': 32}
2026-05-04 18:21:01,710 - httpx - INFO - HTTP Request: POST https://tapi.bale.ai/bot2029474166:MzkMDmPbKHhF6JT0Dn9AYuq84mnTq20L1wk/getUpdates "HTTP/1.1 200 OK"
2026-05-04 18:21:01,713 - balethon.network.connection - INFO - [getUpdates] JSON{'offset': 32}
2026-05-04 18:21:06,763 - httpx - INFO - HTTP Request: POST https://tapi.bale.ai/bot2029474166:MzkMDmPbKHhF6JT0Dn9AYuq84mnTq20L1wk/getUpdates "HTTP/1.1 200 OK"
2026-05-04 18:21:06,812 - balethon.network.connection - INFO - [getUpdates] JSON{'offset': 32}
2026-05-04 18:21:11,894 - httpx - INFO - HTTP Request: POST https://tapi.bale.ai/bot2029474166:MzkMDmPbKHhF6JT0Dn9AYuq84mnTq20L1wk/getUpdates "HTTP/1.1 200 OK"
2026-05-04 18:21:11,911 - balethon.network.connection - INFO - [getUpdates] JSON{'offset': 32}
2026-05-04 18:21:16,968 - httpx - INFO - HTTP Request: POST https://tapi.bale.ai/bot2029474166:MzkMDmPbKHhF6JT0Dn9AYuq84mnTq20L1wk/getUpdates "HTTP/1.1 200 OK"
2026-05-04 18:21:17,000 - balethon.network.connection - INFO - [getUpdates] JSON{'offset': 32}
2026-05-04 18:21:22,047 - httpx - INFO - HTTP Request: POST https://tapi.bale.ai/bot2029474166:MzkMDmPbKHhF6JT0Dn9AYuq84mnTq20L1wk/getUpdates "HTTP/1.1 200 OK"
2026-05-04 18:21:22,070 - balethon.network.connection - INFO - [getUpdates] JSON{'offset': 32}
2026-05-04 18:21:27,139 - httpx - INFO - HTTP Request: POST https://tapi.bale.ai/bot2029474166:MzkMDmPbKHhF6JT0Dn9AYuq84mnTq20L1wk/getUpdates "HTTP/1.1 200 OK"
2026-05-04 18:21:27,159 - balethon.network.connection - INFO - [getUpdates] JSON{'offset': 32}
2026-05-04 18:21:32,199 - httpx - INFO - HTTP Request: POST https://tapi.bale.ai/bot2029474166:MzkMDmPbKHhF6JT0Dn9AYuq84mnTq20L1wk/getUpdates "HTTP/1.1 200 OK"
2026-05-04 18:21:32,229 - balethon.network.connection - INFO - [getUpdates] JSON{'offset': 32}
2026-05-04 18:21:37,190 - httpx - INFO - HTTP Request: POST https://tapi.bale.ai/bot2029474166:MzkMDmPbKHhF6JT0Dn9AYuq84mnTq20L1wk/getUpdates "HTTP/1.1 200 OK"
2026-05-04 18:21:37,276 - balethon.network.connection - INFO - [getUpdates] JSON{'offset': 33}
2026-05-04 18:21:38,951 - httpx - INFO - HTTP Request: POST https://tapi.bale.ai/bot2029474166:MzkMDmPbKHhF6JT0Dn9AYuq84mnTq20L1wk/getUpdates "HTTP/1.1 200 OK"
2026-05-04 18:21:39,005 - balethon.network.connection - INFO - [getUpdates] JSON{'offset': 34}
2026-05-04 18:21:40,024 - httpx - INFO - HTTP Request: POST https://tapi.bale.ai/bot2029474166:MzkMDmPbKHhF6JT0Dn9AYuq84mnTq20L1wk/getUpdates "HTTP/1.1 200 OK"
2026-05-04 18:21:40,114 - balethon.network.connection - INFO - [getUpdates] JSON{'offset': 35}
2026-05-04 18:21:40,925 - httpx - INFO - HTTP Request: POST https://tapi.bale.ai/bot2029474166:MzkMDmPbKHhF6JT0Dn9AYuq84mnTq20L1wk/getUpdates "HTTP/1.1 200 OK"
2026-05-04 18:21:41,022 - balethon.network.connection - INFO - [getUpdates] JSON{'offset': 36}
2026-05-04 18:21:41,965 - httpx - INFO - HTTP Request: POST https://tapi.bale.ai/bot2029474166:MzkMDmPbKHhF6JT0Dn9AYuq84mnTq20L1wk/getUpdates "HTTP/1.1 200 OK"
2026-05-04 18:21:42,035 - balethon.network.connection - INFO - [getUpdates] JSON{'offset': 37}
2026-05-04 18:21:47,088 - httpx - INFO - HTTP Request: POST https://tapi.bale.ai/bot2029474166:MzkMDmPbKHhF6JT0Dn9AYuq84mnTq20L1wk/getUpdates "HTTP/1.1 200 OK"
2026-05-04 18:21:47,117 - balethon.network.connection - INFO - [getUpdates] JSON{'offset': 37}
2026-05-04 18:21:52,190 - httpx - INFO - HTTP Request: POST https://tapi.bale.ai/bot2029474166:MzkMDmPbKHhF6JT0Dn9AYuq84mnTq20L1wk/getUpdates "HTTP/1.1 200 OK"
2026-05-04 18:21:52,198 - balethon.network.connection - INFO - [getUpdates] JSON{'offset': 37}
2026-05-04 18:21:57,228 - httpx - INFO - HTTP Request: POST https://tapi.bale.ai/bot2029474166:MzkMDmPbKHhF6JT0Dn9AYuq84mnTq20L1wk/getUpdates "HTTP/1.1 200 OK"
2026-05-04 18:21:57,233 - balethon.network.connection - INFO - [getUpdates] JSON{'offset': 37}
2026-05-04 18:22:02,268 - httpx - INFO - HTTP Request: POST https://tapi.bale.ai/bot2029474166:MzkMDmPbKHhF6JT0Dn9AYuq84mnTq20L1wk/getUpdates "HTTP/1.1 200 OK"
2026-05-04 18:22:02,278 - balethon.network.connection - INFO - [getUpdates] JSON{'offset': 37}
2026-05-04 18:22:07,322 - httpx - INFO - HTTP Request: POST https://tapi.bale.ai/bot2029474166:MzkMDmPbKHhF6JT0Dn9AYuq84mnTq20L1wk/getUpdates "HTTP/1.1 200 OK"
2026-05-04 18:22:07,332 - balethon.network.connection - INFO - [getUpdates] JSON{'offset': 37}
2026-05-04 18:22:12,369 - httpx - INFO - HTTP Request: POST https://tapi.bale.ai/bot2029474166:MzkMDmPbKHhF6JT0Dn9AYuq84mnTq20L1wk/getUpdates "HTTP/1.1 200 OK"
2026-05-04 18:22:12,376 - balethon.network.connection - INFO - [getUpdates] JSON{'offset': 37}
2026-05-04 18:22:17,408 - httpx - INFO - HTTP Request: POST https://tapi.bale.ai/bot2029474166:MzkMDmPbKHhF6JT0Dn9AYuq84mnTq20L1wk/getUpdates "HTTP/1.1 200 OK"
2026-05-04 18:22:17,417 - balethon.network.connection - INFO - [getUpdates] JSON{'offset': 37}
2026-05-04 18:22:22,457 - httpx - INFO - HTTP Request: POST https://tapi.bale.ai/bot2029474166:MzkMDmPbKHhF6JT0Dn9AYuq84mnTq20L1wk/getUpdates "HTTP/1.1 200 OK"
2026-05-04 18:22:22,462 - balethon.network.connection - INFO - [getUpdates] JSON{'offset': 37}
2026-05-04 18:22:27,488 - httpx - INFO - HTTP Request: POST https://tapi.bale.ai/bot2029474166:MzkMDmPbKHhF6JT0Dn9AYuq84mnTq20L1wk/getUpdates "HTTP/1.1 200 OK"
2026-05-04 18:22:27,495 - balethon.network.connection - INFO - [getUpdates] JSON{'offset': 37}
2026-05-04 18:22:32,547 - httpx - INFO - HTTP Request: POST https://tapi.bale.ai/bot2029474166:MzkMDmPbKHhF6JT0Dn9AYuq84mnTq20L1wk/getUpdates "HTTP/1.1 200 OK"
2026-05-04 18:22:32,556 - balethon.network.connection - INFO - [getUpdates] JSON{'offset': 37}
2026-05-04 18:22:37,799 - httpx - INFO - HTTP Request: POST https://tapi.bale.ai/bot2029474166:MzkMDmPbKHhF6JT0Dn9AYuq84mnTq20L1wk/getUpdates "HTTP/1.1 200 OK"
2026-05-04 18:22:37,817 - balethon.network.connection - INFO - [getUpdates] JSON{'offset': 37}
2026-05-04 18:22:43,045 - httpx - INFO - HTTP Request: POST https://tapi.bale.ai/bot2029474166:MzkMDmPbKHhF6JT0Dn9AYuq84mnTq20L1wk/getUpdates "HTTP/1.1 200 OK"
2026-05-04 18:22:43,055 - balethon.network.connection - INFO - [getUpdates] JSON{'offset': 37}
2026-05-04 18:22:48,104 - httpx - INFO - HTTP Request: POST https://tapi.bale.ai/bot2029474166:MzkMDmPbKHhF6JT0Dn9AYuq84mnTq20L1wk/getUpdates "HTTP/1.1 200 OK"
2026-05-04 18:22:48,115 - balethon.network.connection - INFO - [getUpdates] JSON{'offset': 37}
2026-05-04 18:22:53,364 - httpx - INFO - HTTP Request: POST https://tapi.bale.ai/bot2029474166:MzkMDmPbKHhF6JT0Dn9AYuq84mnTq20L1wk/getUpdates "HTTP/1.1 200 OK"
2026-05-04 18:22:53,369 - balethon.network.connection - INFO - [getUpdates] JSON{'offset': 37}
2026-05-04 18:22:58,534 - httpx - INFO - HTTP Request: POST https://tapi.bale.ai/bot2029474166:MzkMDmPbKHhF6JT0Dn9AYuq84mnTq20L1wk/getUpdates "HTTP/1.1 200 OK"
2026-05-04 18:22:58,543 - balethon.network.connection - INFO - [getUpdates] JSON{'offset': 37}
2026-05-04 18:23:03,587 - httpx - INFO - HTTP Request: POST https://tapi.bale.ai/bot2029474166:MzkMDmPbKHhF6JT0Dn9AYuq84mnTq20L1wk/getUpdates "HTTP/1.1 200 OK"
2026-05-04 18:23:03,593 - balethon.network.connection - INFO - [getUpdates] JSON{'offset': 37}
2026-05-04 18:23:08,629 - httpx - INFO - HTTP Request: POST https://tapi.bale.ai/bot2029474166:MzkMDmPbKHhF6JT0Dn9AYuq84mnTq20L1wk/getUpdates "HTTP/1.1 200 OK"
2026-05-04 18:23:08,641 - balethon.network.connection - INFO - [getUpdates] JSON{'offset': 37}
2026-05-04 18:23:13,680 - httpx - INFO - HTTP Request: POST https://tapi.bale.ai/bot2029474166:MzkMDmPbKHhF6JT0Dn9AYuq84mnTq20L1wk/getUpdates "HTTP/1.1 200 OK"
2026-05-04 18:23:13,686 - balethon.network.connection - INFO - [getUpdates] JSON{'offset': 37}
2026-05-04 18:23:18,722 - httpx - INFO - HTTP Request: POST https://tapi.bale.ai/bot2029474166:MzkMDmPbKHhF6JT0Dn9AYuq84mnTq20L1wk/getUpdates "HTTP/1.1 200 OK"
2026-05-04 18:23:18,729 - balethon.network.connection - INFO - [getUpdates] JSON{'offset': 37}
2026-05-04 18:23:23,769 - httpx - INFO - HTTP Request: POST https://tapi.bale.ai/bot2029474166:MzkMDmPbKHhF6JT0Dn9AYuq84mnTq20L1wk/getUpdates "HTTP/1.1 200 OK"
2026-05-04 18:23:23,773 - balethon.network.connection - INFO - [getUpdates] JSON{'offset': 37}
2026-05-04 18:23:28,811 - httpx - INFO - HTTP Request: POST https://tapi.bale.ai/bot2029474166:MzkMDmPbKHhF6JT0Dn9AYuq84mnTq20L1wk/getUpdates "HTTP/1.1 200 OK"
2026-05-04 18:23:28,820 - balethon.network.connection - INFO - [getUpdates] JSON{'offset': 37}
2026-05-04 18:23:33,854 - httpx - INFO - HTTP Request: POST https://tapi.bale.ai/bot2029474166:MzkMDmPbKHhF6JT0Dn9AYuq84mnTq20L1wk/getUpdates "HTTP/1.1 200 OK"
2026-05-04 18:23:33,863 - balethon.network.connection - INFO - [getUpdates] JSON{'offset': 37}
2026-05-04 18:23:38,970 - httpx - INFO - HTTP Request: POST https://tapi.bale.ai/bot2029474166:MzkMDmPbKHhF6JT0Dn9AYuq84mnTq20L1wk/getUpdates "HTTP/1.1 200 OK"
2026-05-04 18:23:38,979 - balethon.network.connection - INFO - [getUpdates] JSON{'offset': 37}
2026-05-04 18:23:44,086 - httpx - INFO - HTTP Request: POST https://tapi.bale.ai/bot2029474166:MzkMDmPbKHhF6JT0Dn9AYuq84mnTq20L1wk/getUpdates "HTTP/1.1 200 OK"
2026-05-04 18:23:44,096 - balethon.network.connection - INFO - [getUpdates] JSON{'offset': 37}
2026-05-04 18:23:49,228 - httpx - INFO - HTTP Request: POST https://tapi.bale.ai/bot2029474166:MzkMDmPbKHhF6JT0Dn9AYuq84mnTq20L1wk/getUpdates "HTTP/1.1 200 OK"
2026-05-04 18:23:49,235 - balethon.network.connection - INFO - [getUpdates] JSON{'offset': 37}
2026-05-04 18:23:54,315 - httpx - INFO - HTTP Request: POST https://tapi.bale.ai/bot2029474166:MzkMDmPbKHhF6JT0Dn9AYuq84mnTq20L1wk/getUpdates "HTTP/1.1 200 OK"
2026-05-04 18:23:54,324 - balethon.network.connection - INFO - [getUpdates] JSON{'offset': 37}
2026-05-04 18:23:59,460 - httpx - INFO - HTTP Request: POST https://tapi.bale.ai/bot2029474166:MzkMDmPbKHhF6JT0Dn9AYuq84mnTq20L1wk/getUpdates "HTTP/1.1 200 OK"
2026-05-04 18:23:59,470 - balethon.network.connection - INFO - [getUpdates] JSON{'offset': 37}
2026-05-04 18:24:04,587 - httpx - INFO - HTTP Request: POST https://tapi.bale.ai/bot2029474166:MzkMDmPbKHhF6JT0Dn9AYuq84mnTq20L1wk/getUpdates "HTTP/1.1 200 OK"
2026-05-04 18:24:04,595 - balethon.network.connection - INFO - [getUpdates] JSON{'offset': 37}
2026-05-04 18:24:09,653 - httpx - INFO - HTTP Request: POST https://tapi.bale.ai/bot2029474166:MzkMDmPbKHhF6JT0Dn9AYuq84mnTq20L1wk/getUpdates "HTTP/1.1 200 OK"
2026-05-04 18:24:09,661 - balethon.network.connection - INFO - [getUpdates] JSON{'offset': 37}
2026-05-04 18:24:14,702 - httpx - INFO - HTTP Request: POST https://tapi.bale.ai/bot2029474166:MzkMDmPbKHhF6JT0Dn9AYuq84mnTq20L1wk/getUpdates "HTTP/1.1 200 OK"
2026-05-04 18:24:14,712 - balethon.network.connection - INFO - [getUpdates] JSON{'offset': 37}
2026-05-04 18:24:19,803 - httpx - INFO - HTTP Request: POST https://tapi.bale.ai/bot2029474166:MzkMDmPbKHhF6JT0Dn9AYuq84mnTq20L1wk/getUpdates "HTTP/1.1 200 OK"
2026-05-04 18:24:19,812 - balethon.network.connection - INFO - [getUpdates] JSON{'offset': 37}
2026-05-04 18:24:25,016 - httpx - INFO - HTTP Request: POST https://tapi.bale.ai/bot2029474166:MzkMDmPbKHhF6JT0Dn9AYuq84mnTq20L1wk/getUpdates "HTTP/1.1 200 OK"
2026-05-04 18:24:25,021 - balethon.network.connection - INFO - [getUpdates] JSON{'offset': 37}
2026-05-04 18:24:30,251 - httpx - INFO - HTTP Request: POST https://tapi.bale.ai/bot2029474166:MzkMDmPbKHhF6JT0Dn9AYuq84mnTq20L1wk/getUpdates "HTTP/1.1 200 OK"
2026-05-04 18:24:30,258 - balethon.network.connection - INFO - [getUpdates] JSON{'offset': 37}
2026-05-04 18:24:35,310 - httpx - INFO - HTTP Request: POST https://tapi.bale.ai/bot2029474166:MzkMDmPbKHhF6JT0Dn9AYuq84mnTq20L1wk/getUpdates "HTTP/1.1 200 OK"
2026-05-04 18:24:35,316 - balethon.network.connection - INFO - [getUpdates] JSON{'offset': 37}
2026-05-04 18:24:40,403 - httpx - INFO - HTTP Request: POST https://tapi.bale.ai/bot2029474166:MzkMDmPbKHhF6JT0Dn9AYuq84mnTq20L1wk/getUpdates "HTTP/1.1 200 OK"
2026-05-04 18:24:40,407 - balethon.network.connection - INFO - [getUpdates] JSON{'offset': 37}
2026-05-04 18:24:45,523 - httpx - INFO - HTTP Request: POST https://tapi.bale.ai/bot2029474166:MzkMDmPbKHhF6JT0Dn9AYuq84mnTq20L1wk/getUpdates "HTTP/1.1 200 OK"
2026-05-04 18:24:45,532 - balethon.network.connection - INFO - [getUpdates] JSON{'offset': 37}
2026-05-04 18:24:50,607 - httpx - INFO - HTTP Request: POST https://tapi.bale.ai/bot2029474166:MzkMDmPbKHhF6JT0Dn9AYuq84mnTq20L1wk/getUpdates "HTTP/1.1 200 OK"
2026-05-04 18:24:50,613 - balethon.network.connection - INFO - [getUpdates] JSON{'offset': 37}
2026-05-04 18:24:55,647 - httpx - INFO - HTTP Request: POST https://tapi.bale.ai/bot2029474166:MzkMDmPbKHhF6JT0Dn9AYuq84mnTq20L1wk/getUpdates "HTTP/1.1 200 OK"
2026-05-04 18:24:55,655 - balethon.network.connection - INFO - [getUpdates] JSON{'offset': 37}
2026-05-04 18:25:00,689 - httpx - INFO - HTTP Request: POST https://tapi.bale.ai/bot2029474166:MzkMDmPbKHhF6JT0Dn9AYuq84mnTq20L1wk/getUpdates "HTTP/1.1 200 OK"
2026-05-04 18:25:00,693 - balethon.network.connection - INFO - [getUpdates] JSON{'offset': 37}
2026-05-04 18:25:05,744 - httpx - INFO - HTTP Request: POST https://tapi.bale.ai/bot2029474166:MzkMDmPbKHhF6JT0Dn9AYuq84mnTq20L1wk/getUpdates "HTTP/1.1 200 OK"
2026-05-04 18:25:05,753 - balethon.network.connection - INFO - [getUpdates] JSON{'offset': 37}
2026-05-04 18:25:10,797 - httpx - INFO - HTTP Request: POST https://tapi.bale.ai/bot2029474166:MzkMDmPbKHhF6JT0Dn9AYuq84mnTq20L1wk/getUpdates "HTTP/1.1 200 OK"
2026-05-04 18:25:10,802 - balethon.network.connection - INFO - [getUpdates] JSON{'offset': 37}
2026-05-04 18:25:15,965 - httpx - INFO - HTTP Request: POST https://tapi.bale.ai/bot2029474166:MzkMDmPbKHhF6JT0Dn9AYuq84mnTq20L1wk/getUpdates "HTTP/1.1 200 OK"
2026-05-04 18:25:15,970 - balethon.network.connection - INFO - [getUpdates] JSON{'offset': 37}
2026-05-04 18:25:21,055 - httpx - INFO - HTTP Request: POST https://tapi.bale.ai/bot2029474166:MzkMDmPbKHhF6JT0Dn9AYuq84mnTq20L1wk/getUpdates "HTTP/1.1 200 OK"
2026-05-04 18:25:21,063 - balethon.network.connection - INFO - [getUpdates] JSON{'offset': 37}
2026-05-04 18:25:26,120 - httpx - INFO - HTTP Request: POST https://tapi.bale.ai/bot2029474166:MzkMDmPbKHhF6JT0Dn9AYuq84mnTq20L1wk/getUpdates "HTTP/1.1 200 OK"
2026-05-04 18:25:26,131 - balethon.network.connection - INFO - [getUpdates] JSON{'offset': 37}
2026-05-04 18:25:31,251 - httpx - INFO - HTTP Request: POST https://tapi.bale.ai/bot2029474166:MzkMDmPbKHhF6JT0Dn9AYuq84mnTq20L1wk/getUpdates "HTTP/1.1 200 OK"
2026-05-04 18:25:31,259 - balethon.network.connection - INFO - [getUpdates] JSON{'offset': 37}
2026-05-04 18:25:34,623 - bot - INFO - Bot started successfully
2026-05-04 18:25:35,464 - __main__ - INFO - ==================================================
2026-05-04 18:25:35,464 - __main__ - INFO - EliteUniteTime Bot Starting...
2026-05-04 18:25:35,464 - __main__ - INFO - ==================================================
2026-05-04 18:25:36,266 - database.db - INFO - Table 'users' initialized successfully
2026-05-04 18:25:36,266 - database.db - INFO - Table 'reports' initialized successfully
2026-05-04 18:25:36,267 - database.db - INFO - Table 'penalties' initialized successfully
2026-05-04 18:25:36,267 - bot - INFO - Database initialized
2026-05-04 18:25:36,267 - bot - INFO - Scheduler service initialized
2026-05-04 18:25:36,267 - bot - INFO - All handlers initialized
2026-05-04 18:25:36,267 - bot - INFO - Bale client initialized
2026-05-04 18:25:36,268 - bot - INFO - Message and callback handlers registered
2026-05-04 18:25:36,268 - bot - INFO - Starting EliteUniteTime bot...
2026-05-04 18:25:36,268 - apscheduler.scheduler - INFO - Adding job tentatively -- it will be properly scheduled when the scheduler starts
2026-05-04 18:25:36,268 - services.scheduler - INFO - Missing report check job added: daily at 10:00 Asia/Tehran
2026-05-04 18:25:36,269 - apscheduler.scheduler - INFO - Added job "Check missing daily reports" to job store "default"
2026-05-04 18:25:36,269 - apscheduler.scheduler - INFO - Scheduler started
2026-05-04 18:25:36,270 - services.scheduler - INFO - Scheduler started successfully
2026-05-04 18:25:36,270 - bot - INFO - Scheduler started successfully
2026-05-04 18:25:36,762 - httpx - INFO - HTTP Request: GET https://tapi.bale.ai/bot2029474166:MzkMDmPbKHhF6JT0Dn9AYuq84mnTq20L1wk/getMe "HTTP/1.1 200 OK"
2026-05-04 18:25:36,804 - httpx - INFO - HTTP Request: GET https://tapi.bale.ai/bot2029474166:MzkMDmPbKHhF6JT0Dn9AYuq84mnTq20L1wk/deleteWebhook "HTTP/1.1 200 OK"
2026-05-04 18:25:40,675 - httpx - INFO - HTTP Request: POST https://tapi.bale.ai/bot2029474166:MzkMDmPbKHhF6JT0Dn9AYuq84mnTq20L1wk/getUpdates "HTTP/1.1 200 OK"
2026-05-04 18:25:40,712 - balethon.network.connection - INFO - [getUpdates] JSON{'offset': 38}
2026-05-04 18:25:40,718 - bot - INFO - Message from user 2062332444: /start
2026-05-04 18:25:40,723 - bot - ERROR - Error handling message: 'sqlite3.Row' object has no attribute 'get'
Traceback (most recent call last):
  File "C:\Users\afraa\Desktop\EliteUniteTime\bot.py", line 92, in _handle_message
    await self.start_handler.handle_start(client, message)
  File "C:\Users\afraa\Desktop\EliteUniteTime\handlers\start.py", line 44, in handle_start
    existing_user = self.db.get_user_by_bale_id(user_bale_id)
                    ^^^^^^^^^^^^^^^^^^^^^^^^^^^^^^^^^^^^^^^^^
  File "C:\Users\afraa\Desktop\EliteUniteTime\database\db.py", line 141, in get_user_by_bale_id
    interests=row.get("interests", ""),
              ^^^^^^^
AttributeError: 'sqlite3.Row' object has no attribute 'get'
2026-05-04 18:25:40,770 - balethon.network.connection - INFO - [sendMessage] JSON{'chat_id': 2062332444, 'text': '❌ خطایی رخ داد. لطفاً دوباره تلاش کنید.'}
2026-05-04 18:25:40,988 - httpx - INFO - HTTP Request: POST https://tapi.bale.ai/bot2029474166:MzkMDmPbKHhF6JT0Dn9AYuq84mnTq20L1wk/sendMessage "HTTP/1.1 200 OK"
2026-05-04 18:25:43,185 - httpx - INFO - HTTP Request: POST https://tapi.bale.ai/bot2029474166:MzkMDmPbKHhF6JT0Dn9AYuq84mnTq20L1wk/getUpdates "HTTP/1.1 200 OK"
2026-05-04 18:25:43,257 - balethon.network.connection - INFO - [getUpdates] JSON{'offset': 39}
2026-05-04 18:25:43,264 - bot - INFO - Callback query from user 2062332444: daily_report
2026-05-04 18:25:43,269 - bot - ERROR - Error handling callback query: 'sqlite3.Row' object has no attribute 'get'
Traceback (most recent call last):
  File "C:\Users\afraa\Desktop\EliteUniteTime\bot.py", line 181, in _handle_callback_query
    await self.task_handler.handle_daily_report_start(client, callback_query.message)
  File "C:\Users\afraa\Desktop\EliteUniteTime\handlers\tasks.py", line 41, in handle_daily_report_start
    user = self.db.get_user_by_bale_id(user_id)
           ^^^^^^^^^^^^^^^^^^^^^^^^^^^^^^^^^^^^
  File "C:\Users\afraa\Desktop\EliteUniteTime\database\db.py", line 141, in get_user_by_bale_id
    interests=row.get("interests", ""),
              ^^^^^^^
AttributeError: 'sqlite3.Row' object has no attribute 'get'
2026-05-04 18:25:45,949 - httpx - INFO - HTTP Request: POST https://tapi.bale.ai/bot2029474166:MzkMDmPbKHhF6JT0Dn9AYuq84mnTq20L1wk/getUpdates "HTTP/1.1 200 OK"
2026-05-04 18:25:46,015 - balethon.network.connection - INFO - [getUpdates] JSON{'offset': 40}
2026-05-04 18:25:46,047 - bot - INFO - Message from user 2062332444: /start
2026-05-04 18:25:46,064 - bot - ERROR - Error handling message: 'sqlite3.Row' object has no attribute 'get'
Traceback (most recent call last):
  File "C:\Users\afraa\Desktop\EliteUniteTime\bot.py", line 92, in _handle_message
    await self.start_handler.handle_start(client, message)
  File "C:\Users\afraa\Desktop\EliteUniteTime\handlers\start.py", line 44, in handle_start
    existing_user = self.db.get_user_by_bale_id(user_bale_id)
                    ^^^^^^^^^^^^^^^^^^^^^^^^^^^^^^^^^^^^^^^^^
  File "C:\Users\afraa\Desktop\EliteUniteTime\database\db.py", line 141, in get_user_by_bale_id
    interests=row.get("interests", ""),
              ^^^^^^^
AttributeError: 'sqlite3.Row' object has no attribute 'get'
2026-05-04 18:25:46,195 - balethon.network.connection - INFO - [sendMessage] JSON{'chat_id': 2062332444, 'text': '❌ خطایی رخ داد. لطفاً دوباره تلاش کنید.'}
2026-05-04 18:25:46,296 - httpx - INFO - HTTP Request: POST https://tapi.bale.ai/bot2029474166:MzkMDmPbKHhF6JT0Dn9AYuq84mnTq20L1wk/sendMessage "HTTP/1.1 200 OK"
2026-05-04 18:25:51,434 - httpx - INFO - HTTP Request: POST https://tapi.bale.ai/bot2029474166:MzkMDmPbKHhF6JT0Dn9AYuq84mnTq20L1wk/getUpdates "HTTP/1.1 200 OK"
2026-05-04 18:25:51,447 - balethon.network.connection - INFO - [getUpdates] JSON{'offset': 40}
2026-05-04 18:25:56,541 - httpx - INFO - HTTP Request: POST https://tapi.bale.ai/bot2029474166:MzkMDmPbKHhF6JT0Dn9AYuq84mnTq20L1wk/getUpdates "HTTP/1.1 200 OK"
2026-05-04 18:25:56,550 - balethon.network.connection - INFO - [getUpdates] JSON{'offset': 40}
2026-05-04 18:26:01,637 - httpx - INFO - HTTP Request: POST https://tapi.bale.ai/bot2029474166:MzkMDmPbKHhF6JT0Dn9AYuq84mnTq20L1wk/getUpdates "HTTP/1.1 200 OK"
2026-05-04 18:26:01,641 - balethon.network.connection - INFO - [getUpdates] JSON{'offset': 40}
2026-05-04 18:26:06,686 - httpx - INFO - HTTP Request: POST https://tapi.bale.ai/bot2029474166:MzkMDmPbKHhF6JT0Dn9AYuq84mnTq20L1wk/getUpdates "HTTP/1.1 200 OK"
2026-05-04 18:26:06,699 - balethon.network.connection - INFO - [getUpdates] JSON{'offset': 40}
2026-05-04 18:26:11,739 - httpx - INFO - HTTP Request: POST https://tapi.bale.ai/bot2029474166:MzkMDmPbKHhF6JT0Dn9AYuq84mnTq20L1wk/getUpdates "HTTP/1.1 200 OK"
2026-05-04 18:26:11,750 - balethon.network.connection - INFO - [getUpdates] JSON{'offset': 40}
2026-05-04 18:26:16,788 - httpx - INFO - HTTP Request: POST https://tapi.bale.ai/bot2029474166:MzkMDmPbKHhF6JT0Dn9AYuq84mnTq20L1wk/getUpdates "HTTP/1.1 200 OK"
2026-05-04 18:26:16,794 - balethon.network.connection - INFO - [getUpdates] JSON{'offset': 40}
2026-05-04 18:26:21,825 - httpx - INFO - HTTP Request: POST https://tapi.bale.ai/bot2029474166:MzkMDmPbKHhF6JT0Dn9AYuq84mnTq20L1wk/getUpdates "HTTP/1.1 200 OK"
2026-05-04 18:26:21,834 - balethon.network.connection - INFO - [getUpdates] JSON{'offset': 40}
2026-05-04 18:26:26,875 - httpx - INFO - HTTP Request: POST https://tapi.bale.ai/bot2029474166:MzkMDmPbKHhF6JT0Dn9AYuq84mnTq20L1wk/getUpdates "HTTP/1.1 200 OK"
2026-05-04 18:26:26,885 - balethon.network.connection - INFO - [getUpdates] JSON{'offset': 40}
2026-05-04 18:26:31,928 - httpx - INFO - HTTP Request: POST https://tapi.bale.ai/bot2029474166:MzkMDmPbKHhF6JT0Dn9AYuq84mnTq20L1wk/getUpdates "HTTP/1.1 200 OK"
2026-05-04 18:26:31,937 - balethon.network.connection - INFO - [getUpdates] JSON{'offset': 40}
2026-05-04 18:26:36,999 - httpx - INFO - HTTP Request: POST https://tapi.bale.ai/bot2029474166:MzkMDmPbKHhF6JT0Dn9AYuq84mnTq20L1wk/getUpdates "HTTP/1.1 200 OK"
2026-05-04 18:26:37,008 - balethon.network.connection - INFO - [getUpdates] JSON{'offset': 40}
2026-05-04 18:26:42,054 - httpx - INFO - HTTP Request: POST https://tapi.bale.ai/bot2029474166:MzkMDmPbKHhF6JT0Dn9AYuq84mnTq20L1wk/getUpdates "HTTP/1.1 200 OK"
2026-05-04 18:26:42,064 - balethon.network.connection - INFO - [getUpdates] JSON{'offset': 40}
2026-05-04 18:26:47,099 - httpx - INFO - HTTP Request: POST https://tapi.bale.ai/bot2029474166:MzkMDmPbKHhF6JT0Dn9AYuq84mnTq20L1wk/getUpdates "HTTP/1.1 200 OK"
2026-05-04 18:26:47,107 - balethon.network.connection - INFO - [getUpdates] JSON{'offset': 40}
2026-05-04 18:26:52,149 - httpx - INFO - HTTP Request: POST https://tapi.bale.ai/bot2029474166:MzkMDmPbKHhF6JT0Dn9AYuq84mnTq20L1wk/getUpdates "HTTP/1.1 200 OK"
2026-05-04 18:26:52,158 - balethon.network.connection - INFO - [getUpdates] JSON{'offset': 40}
2026-05-04 18:26:55,242 - bot - INFO - Bot started successfully
2026-05-04 18:26:59,305 - __main__ - INFO - ==================================================
2026-05-04 18:26:59,305 - __main__ - INFO - EliteUniteTime Bot Starting...
2026-05-04 18:26:59,306 - __main__ - INFO - ==================================================
2026-05-04 18:26:59,995 - database.db - INFO - Table 'users' initialized successfully
2026-05-04 18:26:59,995 - database.db - INFO - Table 'reports' initialized successfully
2026-05-04 18:26:59,996 - database.db - INFO - Table 'penalties' initialized successfully
2026-05-04 18:26:59,996 - bot - INFO - Database initialized
2026-05-04 18:26:59,996 - bot - INFO - Scheduler service initialized
2026-05-04 18:26:59,996 - bot - INFO - All handlers initialized
2026-05-04 18:26:59,996 - bot - INFO - Bale client initialized
2026-05-04 18:26:59,997 - bot - INFO - Message and callback handlers registered
2026-05-04 18:26:59,997 - bot - INFO - Starting EliteUniteTime bot...
2026-05-04 18:26:59,997 - apscheduler.scheduler - INFO - Adding job tentatively -- it will be properly scheduled when the scheduler starts
2026-05-04 18:26:59,997 - services.scheduler - INFO - Missing report check job added: daily at 10:00 Asia/Tehran
2026-05-04 18:26:59,998 - apscheduler.scheduler - INFO - Added job "Check missing daily reports" to job store "default"
2026-05-04 18:26:59,998 - apscheduler.scheduler - INFO - Scheduler started
2026-05-04 18:26:59,999 - services.scheduler - INFO - Scheduler started successfully
2026-05-04 18:26:59,999 - bot - INFO - Scheduler started successfully
2026-05-04 18:27:00,408 - httpx - INFO - HTTP Request: GET https://tapi.bale.ai/bot2029474166:MzkMDmPbKHhF6JT0Dn9AYuq84mnTq20L1wk/getMe "HTTP/1.1 200 OK"
2026-05-04 18:27:00,460 - httpx - INFO - HTTP Request: GET https://tapi.bale.ai/bot2029474166:MzkMDmPbKHhF6JT0Dn9AYuq84mnTq20L1wk/deleteWebhook "HTTP/1.1 200 OK"
2026-05-04 18:27:05,497 - httpx - INFO - HTTP Request: POST https://tapi.bale.ai/bot2029474166:MzkMDmPbKHhF6JT0Dn9AYuq84mnTq20L1wk/getUpdates "HTTP/1.1 200 OK"
2026-05-04 18:27:06,188 - httpx - INFO - HTTP Request: POST https://tapi.bale.ai/bot2029474166:MzkMDmPbKHhF6JT0Dn9AYuq84mnTq20L1wk/getUpdates "HTTP/1.1 200 OK"
2026-05-04 18:27:06,211 - balethon.network.connection - INFO - [getUpdates] JSON{'offset': 41}
2026-05-04 18:27:06,228 - bot - INFO - Message from user 2062332444: /start
2026-05-04 18:27:06,231 - bot - ERROR - Error handling message: 'sqlite3.Row' object has no attribute 'get'
Traceback (most recent call last):
  File "C:\Users\afraa\Desktop\EliteUniteTime\bot.py", line 92, in _handle_message
    await self.start_handler.handle_start(client, message)
  File "C:\Users\afraa\Desktop\EliteUniteTime\handlers\start.py", line 44, in handle_start
    existing_user = self.db.get_user_by_bale_id(user_bale_id)
                    ^^^^^^^^^^^^^^^^^^^^^^^^^^^^^^^^^^^^^^^^^
  File "C:\Users\afraa\Desktop\EliteUniteTime\database\db.py", line 141, in get_user_by_bale_id
    interests=row.get("interests", ""),
              ^^^^^^^
AttributeError: 'sqlite3.Row' object has no attribute 'get'
2026-05-04 18:27:06,267 - balethon.network.connection - INFO - [sendMessage] JSON{'chat_id': 2062332444, 'text': '❌ خطایی رخ داد. لطفاً دوباره تلاش کنید.'}
2026-05-04 18:27:06,462 - httpx - INFO - HTTP Request: POST https://tapi.bale.ai/bot2029474166:MzkMDmPbKHhF6JT0Dn9AYuq84mnTq20L1wk/sendMessage "HTTP/1.1 200 OK"
2026-05-04 18:27:11,305 - httpx - INFO - HTTP Request: POST https://tapi.bale.ai/bot2029474166:MzkMDmPbKHhF6JT0Dn9AYuq84mnTq20L1wk/getUpdates "HTTP/1.1 200 OK"
2026-05-04 18:27:11,314 - balethon.network.connection - INFO - [getUpdates] JSON{'offset': 41}
2026-05-04 18:27:16,346 - httpx - INFO - HTTP Request: POST https://tapi.bale.ai/bot2029474166:MzkMDmPbKHhF6JT0Dn9AYuq84mnTq20L1wk/getUpdates "HTTP/1.1 200 OK"
2026-05-04 18:27:16,356 - balethon.network.connection - INFO - [getUpdates] JSON{'offset': 41}
2026-05-04 18:27:21,406 - httpx - INFO - HTTP Request: POST https://tapi.bale.ai/bot2029474166:MzkMDmPbKHhF6JT0Dn9AYuq84mnTq20L1wk/getUpdates "HTTP/1.1 200 OK"
2026-05-04 18:27:21,416 - balethon.network.connection - INFO - [getUpdates] JSON{'offset': 41}
2026-05-04 18:27:26,446 - httpx - INFO - HTTP Request: POST https://tapi.bale.ai/bot2029474166:MzkMDmPbKHhF6JT0Dn9AYuq84mnTq20L1wk/getUpdates "HTTP/1.1 200 OK"
2026-05-04 18:27:26,452 - balethon.network.connection - INFO - [getUpdates] JSON{'offset': 41}
2026-05-04 18:27:31,499 - httpx - INFO - HTTP Request: POST https://tapi.bale.ai/bot2029474166:MzkMDmPbKHhF6JT0Dn9AYuq84mnTq20L1wk/getUpdates "HTTP/1.1 200 OK"
2026-05-04 18:27:31,508 - balethon.network.connection - INFO - [getUpdates] JSON{'offset': 41}
2026-05-04 18:27:36,546 - httpx - INFO - HTTP Request: POST https://tapi.bale.ai/bot2029474166:MzkMDmPbKHhF6JT0Dn9AYuq84mnTq20L1wk/getUpdates "HTTP/1.1 200 OK"
2026-05-04 18:27:36,555 - balethon.network.connection - INFO - [getUpdates] JSON{'offset': 41}
2026-05-04 18:27:41,597 - httpx - INFO - HTTP Request: POST https://tapi.bale.ai/bot2029474166:MzkMDmPbKHhF6JT0Dn9AYuq84mnTq20L1wk/getUpdates "HTTP/1.1 200 OK"
2026-05-04 18:27:41,602 - balethon.network.connection - INFO - [getUpdates] JSON{'offset': 41}
2026-05-04 18:27:46,643 - httpx - INFO - HTTP Request: POST https://tapi.bale.ai/bot2029474166:MzkMDmPbKHhF6JT0Dn9AYuq84mnTq20L1wk/getUpdates "HTTP/1.1 200 OK"
2026-05-04 18:27:46,655 - balethon.network.connection - INFO - [getUpdates] JSON{'offset': 41}
2026-05-04 18:27:50,964 - bot - INFO - Bot started successfully
2026-05-04 18:30:22,461 - __main__ - INFO - ==================================================
2026-05-04 18:30:22,461 - __main__ - INFO - EliteUniteTime Bot Starting...
2026-05-04 18:30:22,461 - __main__ - INFO - ==================================================
2026-05-04 18:30:23,593 - database.db - INFO - Table 'users' initialized successfully
2026-05-04 18:30:23,594 - database.db - INFO - Table 'reports' initialized successfully
2026-05-04 18:30:23,594 - database.db - INFO - Table 'penalties' initialized successfully
2026-05-04 18:30:23,595 - bot - INFO - Database initialized
2026-05-04 18:30:23,595 - bot - INFO - Scheduler service initialized
2026-05-04 18:30:23,595 - bot - INFO - All handlers initialized
2026-05-04 18:30:23,595 - bot - INFO - Bale client initialized
2026-05-04 18:30:23,595 - bot - INFO - Message and callback handlers registered
2026-05-04 18:30:23,596 - bot - INFO - Starting EliteUniteTime bot...
2026-05-04 18:30:23,597 - apscheduler.scheduler - INFO - Adding job tentatively -- it will be properly scheduled when the scheduler starts
2026-05-04 18:30:23,597 - services.scheduler - INFO - Missing report check job added: daily at 10:00 Asia/Tehran
2026-05-04 18:30:23,597 - apscheduler.scheduler - INFO - Added job "Check missing daily reports" to job store "default"
2026-05-04 18:30:23,597 - apscheduler.scheduler - INFO - Scheduler started
2026-05-04 18:30:23,598 - services.scheduler - INFO - Scheduler started successfully
2026-05-04 18:30:23,598 - bot - INFO - Scheduler started successfully
2026-05-04 18:30:24,153 - httpx - INFO - HTTP Request: GET https://tapi.bale.ai/bot2029474166:MzkMDmPbKHhF6JT0Dn9AYuq84mnTq20L1wk/getMe "HTTP/1.1 200 OK"
2026-05-04 18:30:24,199 - httpx - INFO - HTTP Request: GET https://tapi.bale.ai/bot2029474166:MzkMDmPbKHhF6JT0Dn9AYuq84mnTq20L1wk/deleteWebhook "HTTP/1.1 200 OK"
2026-05-04 18:30:24,509 - bot - INFO - Bot started successfully
2026-05-04 18:30:28,947 - __main__ - INFO - ==================================================
2026-05-04 18:30:28,948 - __main__ - INFO - EliteUniteTime Bot Starting...
2026-05-04 18:30:28,948 - __main__ - INFO - ==================================================
2026-05-04 18:30:29,644 - database.db - INFO - Table 'users' initialized successfully
2026-05-04 18:30:29,645 - database.db - INFO - Table 'reports' initialized successfully
2026-05-04 18:30:29,645 - database.db - INFO - Table 'penalties' initialized successfully
2026-05-04 18:30:29,645 - bot - INFO - Database initialized
2026-05-04 18:30:29,645 - bot - INFO - Scheduler service initialized
2026-05-04 18:30:29,646 - bot - INFO - All handlers initialized
2026-05-04 18:30:29,646 - bot - INFO - Bale client initialized
2026-05-04 18:30:29,646 - bot - INFO - Message and callback handlers registered
2026-05-04 18:30:29,646 - bot - INFO - Starting EliteUniteTime bot...
2026-05-04 18:30:29,646 - apscheduler.scheduler - INFO - Adding job tentatively -- it will be properly scheduled when the scheduler starts
2026-05-04 18:30:29,646 - services.scheduler - INFO - Missing report check job added: daily at 10:00 Asia/Tehran
2026-05-04 18:30:29,646 - apscheduler.scheduler - INFO - Added job "Check missing daily reports" to job store "default"
2026-05-04 18:30:29,647 - apscheduler.scheduler - INFO - Scheduler started
2026-05-04 18:30:29,647 - services.scheduler - INFO - Scheduler started successfully
2026-05-04 18:30:29,647 - bot - INFO - Scheduler started successfully
2026-05-04 18:30:30,155 - httpx - INFO - HTTP Request: GET https://tapi.bale.ai/bot2029474166:MzkMDmPbKHhF6JT0Dn9AYuq84mnTq20L1wk/getMe "HTTP/1.1 200 OK"
2026-05-04 18:30:30,240 - httpx - INFO - HTTP Request: GET https://tapi.bale.ai/bot2029474166:MzkMDmPbKHhF6JT0Dn9AYuq84mnTq20L1wk/deleteWebhook "HTTP/1.1 200 OK"
2026-05-04 18:30:32,805 - httpx - INFO - HTTP Request: POST https://tapi.bale.ai/bot2029474166:MzkMDmPbKHhF6JT0Dn9AYuq84mnTq20L1wk/getUpdates "HTTP/1.1 200 OK"
2026-05-04 18:30:33,055 - balethon.network.connection - INFO - [getUpdates] JSON{'offset': 42}
2026-05-04 18:30:33,062 - bot - INFO - Message from user 2062332444: /start
2026-05-04 18:30:33,123 - balethon.network.connection - INFO - [sendMessage] JSON{'chat_id': 2062332444, 'text': '📋 منوی اصلی:', 'reply_markup': {'inline_keyboard': [[{'text': '📊 ثبت گزارش روزانه', 'callback_data': 'daily_report'}], [{'text': '📈 گزارش هفتگی', 'callback_data': 'weekly_report'}, {'text': '📅 گزارش ماهانه', 'callback_data': 'monthly_report'}], [{'text': '👤 پروفایل من', 'callback_data': 'profile'}], [{'text': '👥 آشنایی با دوستان', 'callback_data': 'friends'}]]}}
2026-05-04 18:30:33,459 - httpx - INFO - HTTP Request: POST https://tapi.bale.ai/bot2029474166:MzkMDmPbKHhF6JT0Dn9AYuq84mnTq20L1wk/sendMessage "HTTP/1.1 200 OK"
2026-05-04 18:30:36,039 - httpx - INFO - HTTP Request: POST https://tapi.bale.ai/bot2029474166:MzkMDmPbKHhF6JT0Dn9AYuq84mnTq20L1wk/getUpdates "HTTP/1.1 200 OK"
2026-05-04 18:30:36,141 - balethon.network.connection - INFO - [getUpdates] JSON{'offset': 43}
2026-05-04 18:30:36,145 - bot - INFO - Callback query from user 2062332444: daily_report
2026-05-04 18:30:36,200 - balethon.network.connection - INFO - [sendMessage] JSON{'chat_id': 2062332444, 'text': '📊 ثبت گزارش روزانه\n\n📅 امروز: شنبه 64510/05/07\n\n⬛️ لطفاً ساعت کاری اصلی را وارد کنید:\n(مثال: 6 یا 6.5)'}
2026-05-04 18:30:36,302 - httpx - INFO - HTTP Request: POST https://tapi.bale.ai/bot2029474166:MzkMDmPbKHhF6JT0Dn9AYuq84mnTq20L1wk/sendMessage "HTTP/1.1 200 OK"
2026-05-04 18:30:36,378 - balethon.network.connection - INFO - [answerCallbackQuery] JSON{'callback_query_id': '4414543543180031321', 'text': '', 'show_alert': False}
2026-05-04 18:30:36,418 - httpx - INFO - HTTP Request: POST https://tapi.bale.ai/bot2029474166:MzkMDmPbKHhF6JT0Dn9AYuq84mnTq20L1wk/answerCallbackQuery "HTTP/1.1 200 OK"
2026-05-04 18:30:41,044 - httpx - INFO - HTTP Request: POST https://tapi.bale.ai/bot2029474166:MzkMDmPbKHhF6JT0Dn9AYuq84mnTq20L1wk/getUpdates "HTTP/1.1 200 OK"
2026-05-04 18:30:41,162 - balethon.network.connection - INFO - [getUpdates] JSON{'offset': 44}
2026-05-04 18:30:41,171 - bot - INFO - Message from user 2062332444: 5
2026-05-04 18:30:41,205 - balethon.network.connection - INFO - [sendMessage] JSON{'chat_id': 2062332444, 'text': '🔵 لطفاً ساعت کاری فرعی را وارد کنید:\n(ورزش، پادکست، یادگیری، ...)\n\n(مثال: 2 یا 2.5)'}
2026-05-04 18:30:41,360 - httpx - INFO - HTTP Request: POST https://tapi.bale.ai/bot2029474166:MzkMDmPbKHhF6JT0Dn9AYuq84mnTq20L1wk/sendMessage "HTTP/1.1 200 OK"
2026-05-04 18:30:44,915 - httpx - INFO - HTTP Request: POST https://tapi.bale.ai/bot2029474166:MzkMDmPbKHhF6JT0Dn9AYuq84mnTq20L1wk/getUpdates "HTTP/1.1 200 OK"
2026-05-04 18:30:45,054 - balethon.network.connection - INFO - [getUpdates] JSON{'offset': 45}
2026-05-04 18:30:45,058 - bot - INFO - Message from user 2062332444: 6
2026-05-04 18:30:45,070 - database.db - INFO - Report added: user_id=1, date=64510/05/07
2026-05-04 18:30:45,071 - services.reports - INFO - Report submitted: user_id=1, date=64510/05/07
2026-05-04 18:30:45,102 - balethon.network.connection - INFO - [sendMessage] JSON{'chat_id': 2062332444, 'text': '✅ گزارش شما ثبت شد!\n\n👤 لسیبلبیلر\n⬛️ اصلی: 5.0\n🔵 فرعی: 6.0\n➕ مجموع: 11.0'}
2026-05-04 18:30:45,363 - httpx - INFO - HTTP Request: POST https://tapi.bale.ai/bot2029474166:MzkMDmPbKHhF6JT0Dn9AYuq84mnTq20L1wk/sendMessage "HTTP/1.1 200 OK"
2026-05-04 18:30:45,385 - handlers.tasks - INFO - Group notification would be sent:
👤 لسیبلبیلر
📌 اصلی: 5.0
📌 فرعی: 6.0
➕ مجموع: 11.0
📅 شنبه 64510/05/07
2026-05-04 18:30:45,385 - handlers.tasks - INFO - Report submitted: user=لسیبلبیلر, main=5.0, side=6.0
2026-05-04 18:30:50,203 - httpx - INFO - HTTP Request: POST https://tapi.bale.ai/bot2029474166:MzkMDmPbKHhF6JT0Dn9AYuq84mnTq20L1wk/getUpdates "HTTP/1.1 200 OK"
2026-05-04 18:30:50,233 - balethon.network.connection - INFO - [getUpdates] JSON{'offset': 45}
2026-05-04 18:30:55,338 - httpx - INFO - HTTP Request: POST https://tapi.bale.ai/bot2029474166:MzkMDmPbKHhF6JT0Dn9AYuq84mnTq20L1wk/getUpdates "HTTP/1.1 200 OK"
2026-05-04 18:30:55,376 - balethon.network.connection - INFO - [getUpdates] JSON{'offset': 45}
2026-05-04 18:31:00,444 - httpx - INFO - HTTP Request: POST https://tapi.bale.ai/bot2029474166:MzkMDmPbKHhF6JT0Dn9AYuq84mnTq20L1wk/getUpdates "HTTP/1.1 200 OK"
2026-05-04 18:31:00,500 - balethon.network.connection - INFO - [getUpdates] JSON{'offset': 45}
2026-05-04 18:31:05,600 - httpx - INFO - HTTP Request: POST https://tapi.bale.ai/bot2029474166:MzkMDmPbKHhF6JT0Dn9AYuq84mnTq20L1wk/getUpdates "HTTP/1.1 200 OK"
2026-05-04 18:31:05,620 - balethon.network.connection - INFO - [getUpdates] JSON{'offset': 45}
2026-05-04 18:31:10,702 - httpx - INFO - HTTP Request: POST https://tapi.bale.ai/bot2029474166:MzkMDmPbKHhF6JT0Dn9AYuq84mnTq20L1wk/getUpdates "HTTP/1.1 200 OK"
2026-05-04 18:31:10,723 - balethon.network.connection - INFO - [getUpdates] JSON{'offset': 45}
2026-05-04 18:31:15,797 - httpx - INFO - HTTP Request: POST https://tapi.bale.ai/bot2029474166:MzkMDmPbKHhF6JT0Dn9AYuq84mnTq20L1wk/getUpdates "HTTP/1.1 200 OK"
2026-05-04 18:31:15,849 - balethon.network.connection - INFO - [getUpdates] JSON{'offset': 45}
2026-05-04 18:31:20,949 - httpx - INFO - HTTP Request: POST https://tapi.bale.ai/bot2029474166:MzkMDmPbKHhF6JT0Dn9AYuq84mnTq20L1wk/getUpdates "HTTP/1.1 200 OK"
2026-05-04 18:31:20,998 - balethon.network.connection - INFO - [getUpdates] JSON{'offset': 45}
2026-05-04 18:31:26,033 - httpx - INFO - HTTP Request: POST https://tapi.bale.ai/bot2029474166:MzkMDmPbKHhF6JT0Dn9AYuq84mnTq20L1wk/getUpdates "HTTP/1.1 200 OK"
2026-05-04 18:31:26,043 - balethon.network.connection - INFO - [getUpdates] JSON{'offset': 45}
2026-05-04 18:31:31,078 - httpx - INFO - HTTP Request: POST https://tapi.bale.ai/bot2029474166:MzkMDmPbKHhF6JT0Dn9AYuq84mnTq20L1wk/getUpdates "HTTP/1.1 200 OK"
2026-05-04 18:31:31,105 - balethon.network.connection - INFO - [getUpdates] JSON{'offset': 45}
2026-05-04 18:31:36,155 - httpx - INFO - HTTP Request: POST https://tapi.bale.ai/bot2029474166:MzkMDmPbKHhF6JT0Dn9AYuq84mnTq20L1wk/getUpdates "HTTP/1.1 200 OK"
2026-05-04 18:31:36,204 - balethon.network.connection - INFO - [getUpdates] JSON{'offset': 45}
2026-05-04 18:31:41,290 - httpx - INFO - HTTP Request: POST https://tapi.bale.ai/bot2029474166:MzkMDmPbKHhF6JT0Dn9AYuq84mnTq20L1wk/getUpdates "HTTP/1.1 200 OK"
2026-05-04 18:31:41,340 - balethon.network.connection - INFO - [getUpdates] JSON{'offset': 45}
2026-05-04 18:31:46,393 - httpx - INFO - HTTP Request: POST https://tapi.bale.ai/bot2029474166:MzkMDmPbKHhF6JT0Dn9AYuq84mnTq20L1wk/getUpdates "HTTP/1.1 200 OK"
2026-05-04 18:31:46,516 - balethon.network.connection - INFO - [getUpdates] JSON{'offset': 45}
2026-05-04 18:31:51,562 - httpx - INFO - HTTP Request: POST https://tapi.bale.ai/bot2029474166:MzkMDmPbKHhF6JT0Dn9AYuq84mnTq20L1wk/getUpdates "HTTP/1.1 200 OK"
2026-05-04 18:31:51,603 - balethon.network.connection - INFO - [getUpdates] JSON{'offset': 45}
2026-05-04 18:31:55,672 - httpx - INFO - HTTP Request: POST https://tapi.bale.ai/bot2029474166:MzkMDmPbKHhF6JT0Dn9AYuq84mnTq20L1wk/getUpdates "HTTP/1.1 200 OK"
2026-05-04 18:31:55,810 - balethon.network.connection - INFO - [getUpdates] JSON{'offset': 46}
2026-05-04 18:31:55,823 - bot - INFO - Message from user 2062332444: 
2026-05-04 18:31:55,899 - balethon.network.connection - INFO - [sendMessage] JSON{'chat_id': 2062332444, 'text': '👋 درود!\n\nدستورات موجود:\n/start - شروع/ثبت نام\n/admin - پنل ادمین (فقط برای ادمین\u200cها)'}
2026-05-04 18:31:56,189 - httpx - INFO - HTTP Request: POST https://tapi.bale.ai/bot2029474166:MzkMDmPbKHhF6JT0Dn9AYuq84mnTq20L1wk/sendMessage "HTTP/1.1 200 OK"
2026-05-04 18:32:00,956 - httpx - INFO - HTTP Request: POST https://tapi.bale.ai/bot2029474166:MzkMDmPbKHhF6JT0Dn9AYuq84mnTq20L1wk/getUpdates "HTTP/1.1 200 OK"
2026-05-04 18:32:01,039 - balethon.network.connection - INFO - [getUpdates] JSON{'offset': 46}
2026-05-04 18:32:06,091 - httpx - INFO - HTTP Request: POST https://tapi.bale.ai/bot2029474166:MzkMDmPbKHhF6JT0Dn9AYuq84mnTq20L1wk/getUpdates "HTTP/1.1 200 OK"
2026-05-04 18:32:06,106 - balethon.network.connection - INFO - [getUpdates] JSON{'offset': 46}
2026-05-04 18:32:10,446 - httpx - INFO - HTTP Request: POST https://tapi.bale.ai/bot2029474166:MzkMDmPbKHhF6JT0Dn9AYuq84mnTq20L1wk/getUpdates "HTTP/1.1 200 OK"
2026-05-04 18:32:10,486 - balethon.network.connection - INFO - [getUpdates] JSON{'offset': 47}
2026-05-04 18:32:10,491 - bot - INFO - Message from user 2062332444: /start
2026-05-04 18:32:10,507 - balethon.network.connection - INFO - [sendMessage] JSON{'chat_id': 2062332444, 'text': '📋 منوی اصلی:', 'reply_markup': {'inline_keyboard': [[{'text': '📊 ثبت گزارش روزانه', 'callback_data': 'daily_report'}], [{'text': '📈 گزارش هفتگی', 'callback_data': 'weekly_report'}, {'text': '📅 گزارش ماهانه', 'callback_data': 'monthly_report'}], [{'text': '👤 پروفایل من', 'callback_data': 'profile'}], [{'text': '👥 آشنایی با دوستان', 'callback_data': 'friends'}]]}}
2026-05-04 18:32:10,682 - httpx - INFO - HTTP Request: POST https://tapi.bale.ai/bot2029474166:MzkMDmPbKHhF6JT0Dn9AYuq84mnTq20L1wk/sendMessage "HTTP/1.1 200 OK"
2026-05-04 18:32:12,664 - httpx - INFO - HTTP Request: POST https://tapi.bale.ai/bot2029474166:MzkMDmPbKHhF6JT0Dn9AYuq84mnTq20L1wk/getUpdates "HTTP/1.1 200 OK"
2026-05-04 18:32:13,151 - balethon.network.connection - INFO - [getUpdates] JSON{'offset': 48}
2026-05-04 18:32:13,165 - bot - INFO - Callback query from user 2062332444: daily_report
2026-05-04 18:32:13,232 - balethon.network.connection - INFO - [sendMessage] JSON{'chat_id': 2062332444, 'text': '✅ شما امروز گزارش خود را ثبت کرده\u200cاید.'}
2026-05-04 18:32:13,353 - httpx - INFO - HTTP Request: POST https://tapi.bale.ai/bot2029474166:MzkMDmPbKHhF6JT0Dn9AYuq84mnTq20L1wk/sendMessage "HTTP/1.1 200 OK"
2026-05-04 18:32:13,574 - balethon.network.connection - INFO - [answerCallbackQuery] JSON{'callback_query_id': '8543373942562945903', 'text': '', 'show_alert': False}
2026-05-04 18:32:13,624 - httpx - INFO - HTTP Request: POST https://tapi.bale.ai/bot2029474166:MzkMDmPbKHhF6JT0Dn9AYuq84mnTq20L1wk/answerCallbackQuery "HTTP/1.1 200 OK"
2026-05-04 18:32:18,284 - httpx - INFO - HTTP Request: POST https://tapi.bale.ai/bot2029474166:MzkMDmPbKHhF6JT0Dn9AYuq84mnTq20L1wk/getUpdates "HTTP/1.1 200 OK"
2026-05-04 18:32:18,420 - balethon.network.connection - INFO - [getUpdates] JSON{'offset': 48}
2026-05-04 18:32:23,501 - httpx - INFO - HTTP Request: POST https://tapi.bale.ai/bot2029474166:MzkMDmPbKHhF6JT0Dn9AYuq84mnTq20L1wk/getUpdates "HTTP/1.1 200 OK"
2026-05-04 18:32:23,625 - balethon.network.connection - INFO - [getUpdates] JSON{'offset': 48}
2026-05-04 18:32:28,678 - httpx - INFO - HTTP Request: POST https://tapi.bale.ai/bot2029474166:MzkMDmPbKHhF6JT0Dn9AYuq84mnTq20L1wk/getUpdates "HTTP/1.1 200 OK"
2026-05-04 18:32:28,711 - balethon.network.connection - INFO - [getUpdates] JSON{'offset': 48}
2026-05-04 18:32:29,388 - httpx - INFO - HTTP Request: POST https://tapi.bale.ai/bot2029474166:MzkMDmPbKHhF6JT0Dn9AYuq84mnTq20L1wk/getUpdates "HTTP/1.1 200 OK"
2026-05-04 18:32:29,620 - balethon.network.connection - INFO - [getUpdates] JSON{'offset': 49}
2026-05-04 18:32:29,627 - bot - INFO - Callback query from user 2062332444: profile
2026-05-04 18:32:29,663 - balethon.network.connection - INFO - [sendMessage] JSON{'chat_id': 2062332444, 'text': '👤 لسیبلبیلر\n📞 +989394573866\n', 'reply_markup': {'inline_keyboard': [[{'text': '✏️ ویرایش پروفایل', 'callback_data': 'edit_profile'}]]}}
2026-05-04 18:32:30,001 - httpx - INFO - HTTP Request: POST https://tapi.bale.ai/bot2029474166:MzkMDmPbKHhF6JT0Dn9AYuq84mnTq20L1wk/sendMessage "HTTP/1.1 200 OK"
2026-05-04 18:32:30,093 - balethon.network.connection - INFO - [answerCallbackQuery] JSON{'callback_query_id': '6547782906662503097', 'text': '', 'show_alert': False}
2026-05-04 18:32:30,169 - httpx - INFO - HTTP Request: POST https://tapi.bale.ai/bot2029474166:MzkMDmPbKHhF6JT0Dn9AYuq84mnTq20L1wk/answerCallbackQuery "HTTP/1.1 200 OK"
2026-05-04 18:32:32,053 - httpx - INFO - HTTP Request: POST https://tapi.bale.ai/bot2029474166:MzkMDmPbKHhF6JT0Dn9AYuq84mnTq20L1wk/getUpdates "HTTP/1.1 200 OK"
2026-05-04 18:32:32,166 - balethon.network.connection - INFO - [getUpdates] JSON{'offset': 50}
2026-05-04 18:32:32,174 - bot - INFO - Callback query from user 2062332444: edit_profile
2026-05-04 18:32:32,205 - balethon.network.connection - INFO - [sendMessage] JSON{'chat_id': 2062332444, 'text': '📝 چه چیزی را ویرایش کنید؟', 'reply_markup': {'inline_keyboard': [[{'text': '📝 ویرایش بیوگرافی', 'callback_data': 'edit_bio'}], [{'text': '⭐ ویرایش علاقه\u200cمندی\u200cها', 'callback_data': 'edit_interests'}], [{'text': '🔙 بازگشت', 'callback_data': 'back_profile'}]]}}
2026-05-04 18:32:32,361 - httpx - INFO - HTTP Request: POST https://tapi.bale.ai/bot2029474166:MzkMDmPbKHhF6JT0Dn9AYuq84mnTq20L1wk/sendMessage "HTTP/1.1 200 OK"
2026-05-04 18:32:32,411 - balethon.network.connection - INFO - [answerCallbackQuery] JSON{'callback_query_id': '8172115499853588998', 'text': '', 'show_alert': False}
2026-05-04 18:32:32,471 - httpx - INFO - HTTP Request: POST https://tapi.bale.ai/bot2029474166:MzkMDmPbKHhF6JT0Dn9AYuq84mnTq20L1wk/answerCallbackQuery "HTTP/1.1 200 OK"
2026-05-04 18:32:35,883 - httpx - INFO - HTTP Request: POST https://tapi.bale.ai/bot2029474166:MzkMDmPbKHhF6JT0Dn9AYuq84mnTq20L1wk/getUpdates "HTTP/1.1 200 OK"
2026-05-04 18:32:35,930 - balethon.network.connection - INFO - [getUpdates] JSON{'offset': 51}
2026-05-04 18:32:35,936 - bot - INFO - Callback query from user 2062332444: friends
2026-05-04 18:32:35,958 - balethon.network.connection - INFO - [sendMessage] JSON{'chat_id': 2062332444, 'text': '👥 هیچ کاربری با پروفایل کامل وجود ندارد.'}
2026-05-04 18:32:36,046 - httpx - INFO - HTTP Request: POST https://tapi.bale.ai/bot2029474166:MzkMDmPbKHhF6JT0Dn9AYuq84mnTq20L1wk/sendMessage "HTTP/1.1 200 OK"
2026-05-04 18:32:36,081 - balethon.network.connection - INFO - [answerCallbackQuery] JSON{'callback_query_id': '7441032700124883363', 'text': '', 'show_alert': False}
2026-05-04 18:32:36,125 - httpx - INFO - HTTP Request: POST https://tapi.bale.ai/bot2029474166:MzkMDmPbKHhF6JT0Dn9AYuq84mnTq20L1wk/answerCallbackQuery "HTTP/1.1 200 OK"
2026-05-04 18:32:41,004 - httpx - INFO - HTTP Request: POST https://tapi.bale.ai/bot2029474166:MzkMDmPbKHhF6JT0Dn9AYuq84mnTq20L1wk/getUpdates "HTTP/1.1 200 OK"
2026-05-04 18:32:41,028 - balethon.network.connection - INFO - [getUpdates] JSON{'offset': 51}
2026-05-04 18:32:41,655 - httpx - INFO - HTTP Request: POST https://tapi.bale.ai/bot2029474166:MzkMDmPbKHhF6JT0Dn9AYuq84mnTq20L1wk/getUpdates "HTTP/1.1 200 OK"
2026-05-04 18:32:41,763 - balethon.network.connection - INFO - [getUpdates] JSON{'offset': 52}
2026-05-04 18:32:41,769 - bot - INFO - Callback query from user 2062332444: monthly_report
2026-05-04 18:32:41,781 - services.reports - INFO - Monthly stats calculated: MonthlyStats(user_id=1, month=64510/05, total_hours=11.0h)
2026-05-04 18:32:41,797 - balethon.network.connection - INFO - [sendMessage] JSON{'chat_id': 2062332444, 'text': '📅 گزارش ماهانه\n👤 لسیبلبیلر\n🗓️  64510/05\n\n⬛️ ساعت اصلی: 5.0\n🔵 ساعت فرعی: 6.0\n➕ مجموع: 11.0\n\n📊 روزهای ثبت شده: 1/31'}
2026-05-04 18:32:42,012 - httpx - INFO - HTTP Request: POST https://tapi.bale.ai/bot2029474166:MzkMDmPbKHhF6JT0Dn9AYuq84mnTq20L1wk/sendMessage "HTTP/1.1 200 OK"
2026-05-04 18:32:42,075 - balethon.network.connection - INFO - [answerCallbackQuery] JSON{'callback_query_id': '8639327389207733788', 'text': '', 'show_alert': False}
2026-05-04 18:32:42,123 - httpx - INFO - HTTP Request: POST https://tapi.bale.ai/bot2029474166:MzkMDmPbKHhF6JT0Dn9AYuq84mnTq20L1wk/answerCallbackQuery "HTTP/1.1 200 OK"
2026-05-04 18:32:46,873 - httpx - INFO - HTTP Request: POST https://tapi.bale.ai/bot2029474166:MzkMDmPbKHhF6JT0Dn9AYuq84mnTq20L1wk/getUpdates "HTTP/1.1 200 OK"
2026-05-04 18:32:46,926 - balethon.network.connection - INFO - [getUpdates] JSON{'offset': 52}
2026-05-04 18:32:51,371 - httpx - INFO - HTTP Request: POST https://tapi.bale.ai/bot2029474166:MzkMDmPbKHhF6JT0Dn9AYuq84mnTq20L1wk/getUpdates "HTTP/1.1 200 OK"
2026-05-04 18:32:51,453 - balethon.network.connection - INFO - [getUpdates] JSON{'offset': 53}
2026-05-04 18:32:51,461 - bot - INFO - Callback query from user 2062332444: back_profile
2026-05-04 18:32:51,483 - balethon.network.connection - INFO - [answerCallbackQuery] JSON{'callback_query_id': '4969276627570174703', 'text': '', 'show_alert': False}
2026-05-04 18:32:51,690 - httpx - INFO - HTTP Request: POST https://tapi.bale.ai/bot2029474166:MzkMDmPbKHhF6JT0Dn9AYuq84mnTq20L1wk/answerCallbackQuery "HTTP/1.1 200 OK"
2026-05-04 18:32:56,551 - httpx - INFO - HTTP Request: POST https://tapi.bale.ai/bot2029474166:MzkMDmPbKHhF6JT0Dn9AYuq84mnTq20L1wk/getUpdates "HTTP/1.1 200 OK"
2026-05-04 18:32:56,570 - balethon.network.connection - INFO - [getUpdates] JSON{'offset': 53}
2026-05-04 18:33:01,617 - httpx - INFO - HTTP Request: POST https://tapi.bale.ai/bot2029474166:MzkMDmPbKHhF6JT0Dn9AYuq84mnTq20L1wk/getUpdates "HTTP/1.1 200 OK"
2026-05-04 18:33:01,679 - balethon.network.connection - INFO - [getUpdates] JSON{'offset': 53}
2026-05-04 18:33:06,774 - httpx - INFO - HTTP Request: POST https://tapi.bale.ai/bot2029474166:MzkMDmPbKHhF6JT0Dn9AYuq84mnTq20L1wk/getUpdates "HTTP/1.1 200 OK"
2026-05-04 18:33:06,798 - balethon.network.connection - INFO - [getUpdates] JSON{'offset': 53}
2026-05-04 18:33:11,853 - httpx - INFO - HTTP Request: POST https://tapi.bale.ai/bot2029474166:MzkMDmPbKHhF6JT0Dn9AYuq84mnTq20L1wk/getUpdates "HTTP/1.1 200 OK"
2026-05-04 18:33:11,896 - balethon.network.connection - INFO - [getUpdates] JSON{'offset': 53}
2026-05-04 18:33:16,934 - httpx - INFO - HTTP Request: POST https://tapi.bale.ai/bot2029474166:MzkMDmPbKHhF6JT0Dn9AYuq84mnTq20L1wk/getUpdates "HTTP/1.1 200 OK"
2026-05-04 18:33:16,966 - balethon.network.connection - INFO - [getUpdates] JSON{'offset': 53}
2026-05-04 18:33:22,024 - httpx - INFO - HTTP Request: POST https://tapi.bale.ai/bot2029474166:MzkMDmPbKHhF6JT0Dn9AYuq84mnTq20L1wk/getUpdates "HTTP/1.1 200 OK"
2026-05-04 18:33:22,067 - balethon.network.connection - INFO - [getUpdates] JSON{'offset': 53}
2026-05-04 18:33:27,120 - httpx - INFO - HTTP Request: POST https://tapi.bale.ai/bot2029474166:MzkMDmPbKHhF6JT0Dn9AYuq84mnTq20L1wk/getUpdates "HTTP/1.1 200 OK"
2026-05-04 18:33:27,136 - balethon.network.connection - INFO - [getUpdates] JSON{'offset': 53}
2026-05-04 18:33:32,207 - httpx - INFO - HTTP Request: POST https://tapi.bale.ai/bot2029474166:MzkMDmPbKHhF6JT0Dn9AYuq84mnTq20L1wk/getUpdates "HTTP/1.1 200 OK"
2026-05-04 18:33:32,254 - balethon.network.connection - INFO - [getUpdates] JSON{'offset': 53}
2026-05-04 18:33:37,311 - httpx - INFO - HTTP Request: POST https://tapi.bale.ai/bot2029474166:MzkMDmPbKHhF6JT0Dn9AYuq84mnTq20L1wk/getUpdates "HTTP/1.1 200 OK"
2026-05-04 18:33:37,355 - balethon.network.connection - INFO - [getUpdates] JSON{'offset': 53}
2026-05-04 18:33:42,410 - httpx - INFO - HTTP Request: POST https://tapi.bale.ai/bot2029474166:MzkMDmPbKHhF6JT0Dn9AYuq84mnTq20L1wk/getUpdates "HTTP/1.1 200 OK"
2026-05-04 18:33:42,457 - balethon.network.connection - INFO - [getUpdates] JSON{'offset': 53}
2026-05-04 18:33:47,514 - httpx - INFO - HTTP Request: POST https://tapi.bale.ai/bot2029474166:MzkMDmPbKHhF6JT0Dn9AYuq84mnTq20L1wk/getUpdates "HTTP/1.1 200 OK"
2026-05-04 18:33:47,601 - balethon.network.connection - INFO - [getUpdates] JSON{'offset': 53}
2026-05-04 18:33:52,642 - httpx - INFO - HTTP Request: POST https://tapi.bale.ai/bot2029474166:MzkMDmPbKHhF6JT0Dn9AYuq84mnTq20L1wk/getUpdates "HTTP/1.1 200 OK"
2026-05-04 18:33:52,687 - balethon.network.connection - INFO - [getUpdates] JSON{'offset': 53}
2026-05-04 18:33:57,734 - httpx - INFO - HTTP Request: POST https://tapi.bale.ai/bot2029474166:MzkMDmPbKHhF6JT0Dn9AYuq84mnTq20L1wk/getUpdates "HTTP/1.1 200 OK"
2026-05-04 18:33:57,934 - balethon.network.connection - INFO - [getUpdates] JSON{'offset': 53}
2026-05-04 18:34:03,010 - httpx - INFO - HTTP Request: POST https://tapi.bale.ai/bot2029474166:MzkMDmPbKHhF6JT0Dn9AYuq84mnTq20L1wk/getUpdates "HTTP/1.1 200 OK"
2026-05-04 18:34:03,160 - balethon.network.connection - INFO - [getUpdates] JSON{'offset': 53}
2026-05-04 18:34:08,224 - httpx - INFO - HTTP Request: POST https://tapi.bale.ai/bot2029474166:MzkMDmPbKHhF6JT0Dn9AYuq84mnTq20L1wk/getUpdates "HTTP/1.1 200 OK"
2026-05-04 18:34:08,327 - balethon.network.connection - INFO - [getUpdates] JSON{'offset': 53}
2026-05-04 18:34:13,386 - httpx - INFO - HTTP Request: POST https://tapi.bale.ai/bot2029474166:MzkMDmPbKHhF6JT0Dn9AYuq84mnTq20L1wk/getUpdates "HTTP/1.1 200 OK"
2026-05-04 18:34:13,407 - balethon.network.connection - INFO - [getUpdates] JSON{'offset': 53}
2026-05-04 18:34:18,451 - httpx - INFO - HTTP Request: POST https://tapi.bale.ai/bot2029474166:MzkMDmPbKHhF6JT0Dn9AYuq84mnTq20L1wk/getUpdates "HTTP/1.1 200 OK"
2026-05-04 18:34:18,461 - balethon.network.connection - INFO - [getUpdates] JSON{'offset': 53}
2026-05-04 18:34:23,574 - bot - INFO - Bot started successfully
2026-05-04 18:35:10,227 - __main__ - INFO - ==================================================
2026-05-04 18:35:10,227 - __main__ - INFO - EliteUniteTime Bot Starting...
2026-05-04 18:35:10,227 - __main__ - INFO - ==================================================
2026-05-04 18:35:10,902 - database.db - INFO - Table 'users' initialized successfully
2026-05-04 18:35:10,902 - database.db - INFO - Table 'reports' initialized successfully
2026-05-04 18:35:10,903 - database.db - INFO - Table 'penalties' initialized successfully
2026-05-04 18:35:10,903 - bot - INFO - Database initialized
2026-05-04 18:35:10,903 - bot - INFO - Scheduler service initialized
2026-05-04 18:35:10,903 - bot - INFO - All handlers initialized
2026-05-04 18:35:10,903 - bot - INFO - Bale client initialized
2026-05-04 18:35:10,904 - bot - INFO - Message and callback handlers registered
2026-05-04 18:35:10,904 - bot - INFO - Starting EliteUniteTime bot...
2026-05-04 18:35:10,904 - apscheduler.scheduler - INFO - Adding job tentatively -- it will be properly scheduled when the scheduler starts
2026-05-04 18:35:10,904 - services.scheduler - INFO - Missing report check job added: daily at 10:00 Asia/Tehran
2026-05-04 18:35:10,905 - apscheduler.scheduler - INFO - Added job "Check missing daily reports" to job store "default"
2026-05-04 18:35:10,905 - apscheduler.scheduler - INFO - Scheduler started
2026-05-04 18:35:10,905 - services.scheduler - INFO - Scheduler started successfully
2026-05-04 18:35:10,906 - bot - INFO - Scheduler started successfully
2026-05-04 18:35:11,342 - httpx - INFO - HTTP Request: GET https://tapi.bale.ai/bot2029474166:MzkMDmPbKHhF6JT0Dn9AYuq84mnTq20L1wk/getMe "HTTP/1.1 200 OK"
2026-05-04 18:35:11,448 - httpx - INFO - HTTP Request: GET https://tapi.bale.ai/bot2029474166:MzkMDmPbKHhF6JT0Dn9AYuq84mnTq20L1wk/deleteWebhook "HTTP/1.1 200 OK"
2026-05-04 18:35:11,499 - httpx - INFO - HTTP Request: POST https://tapi.bale.ai/bot2029474166:MzkMDmPbKHhF6JT0Dn9AYuq84mnTq20L1wk/getUpdates "HTTP/1.1 200 OK"
2026-05-04 18:35:11,521 - balethon.network.connection - INFO - [getUpdates] JSON{'offset': 54}
2026-05-04 18:35:11,524 - bot - INFO - Message from user 2062332444: /admin
2026-05-04 18:35:11,530 - balethon.network.connection - INFO - [sendMessage] JSON{'chat_id': 2062332444, 'text': '⚙️ پنل ادمین:', 'reply_markup': {'inline_keyboard': [[{'text': '👥 مشاهده تمام کاربران', 'callback_data': 'admin_view_users'}], [{'text': '📊 گزارش هفتگی', 'callback_data': 'admin_weekly_report'}], [{'text': '📈 دانلود Excel', 'callback_data': 'admin_export_excel'}], [{'text': '⚠️ مدیریت تنبیهات', 'callback_data': 'admin_penalties'}], [{'text': '🔄 بررسی دستی', 'callback_data': 'admin_manual_check'}]]}}
2026-05-04 18:35:11,704 - httpx - INFO - HTTP Request: POST https://tapi.bale.ai/bot2029474166:MzkMDmPbKHhF6JT0Dn9AYuq84mnTq20L1wk/sendMessage "HTTP/1.1 200 OK"
2026-05-04 18:35:13,909 - httpx - INFO - HTTP Request: POST https://tapi.bale.ai/bot2029474166:MzkMDmPbKHhF6JT0Dn9AYuq84mnTq20L1wk/getUpdates "HTTP/1.1 200 OK"
2026-05-04 18:35:13,960 - balethon.network.connection - INFO - [getUpdates] JSON{'offset': 55}
2026-05-04 18:35:13,967 - bot - INFO - Callback query from user 2062332444: admin_view_users
2026-05-04 18:35:13,995 - balethon.network.connection - INFO - [sendMessage] JSON{'chat_id': 2062332444, 'text': '👥 لیست کاربران:\n\n1. لسیبلبیلر - +989394573866\n\n📊 کل کاربران: 1'}
2026-05-04 18:35:14,172 - httpx - INFO - HTTP Request: POST https://tapi.bale.ai/bot2029474166:MzkMDmPbKHhF6JT0Dn9AYuq84mnTq20L1wk/sendMessage "HTTP/1.1 200 OK"
2026-05-04 18:35:14,212 - balethon.network.connection - INFO - [answerCallbackQuery] JSON{'callback_query_id': '3661069708049479334', 'text': '', 'show_alert': False}
2026-05-04 18:35:14,251 - httpx - INFO - HTTP Request: POST https://tapi.bale.ai/bot2029474166:MzkMDmPbKHhF6JT0Dn9AYuq84mnTq20L1wk/answerCallbackQuery "HTTP/1.1 200 OK"
2026-05-04 18:35:17,259 - httpx - INFO - HTTP Request: POST https://tapi.bale.ai/bot2029474166:MzkMDmPbKHhF6JT0Dn9AYuq84mnTq20L1wk/getUpdates "HTTP/1.1 200 OK"
2026-05-04 18:35:17,308 - balethon.network.connection - INFO - [getUpdates] JSON{'offset': 56}
2026-05-04 18:35:17,316 - bot - INFO - Callback query from user 2062332444: admin_export_excel
2026-05-04 18:35:17,324 - services.reports - INFO - Weekly stats calculated: WeeklyStats(user_id=1, total_hours=11.0h, days=1)
2026-05-04 18:35:17,332 - database.db - INFO - Table 'users' initialized successfully
2026-05-04 18:35:17,334 - database.db - INFO - Table 'reports' initialized successfully
2026-05-04 18:35:17,337 - database.db - INFO - Table 'penalties' initialized successfully
2026-05-04 18:35:18,868 - balethon.network.connection - INFO - [sendDocument] DATA{'chat_id': 2062332444, 'caption': '📊 گزارش هفتگی - Excel'} - FILES{'document': <_io.BytesIO object at 0x000001CF718EAED0>}
2026-05-04 18:35:19,160 - httpx - INFO - HTTP Request: POST https://tapi.bale.ai/bot2029474166:MzkMDmPbKHhF6JT0Dn9AYuq84mnTq20L1wk/sendDocument "HTTP/1.1 200 OK"
2026-05-04 18:35:19,178 - handlers.admin - INFO - Excel export sent to admin
2026-05-04 18:35:19,199 - balethon.network.connection - INFO - [answerCallbackQuery] JSON{'callback_query_id': '4711411890154286853', 'text': '', 'show_alert': False}
2026-05-04 18:35:19,257 - httpx - INFO - HTTP Request: POST https://tapi.bale.ai/bot2029474166:MzkMDmPbKHhF6JT0Dn9AYuq84mnTq20L1wk/answerCallbackQuery "HTTP/1.1 200 OK"
2026-05-04 18:35:23,911 - httpx - INFO - HTTP Request: POST https://tapi.bale.ai/bot2029474166:MzkMDmPbKHhF6JT0Dn9AYuq84mnTq20L1wk/getUpdates "HTTP/1.1 200 OK"
2026-05-04 18:35:23,924 - balethon.network.connection - INFO - [getUpdates] JSON{'offset': 56}
2026-05-04 18:35:28,980 - httpx - INFO - HTTP Request: POST https://tapi.bale.ai/bot2029474166:MzkMDmPbKHhF6JT0Dn9AYuq84mnTq20L1wk/getUpdates "HTTP/1.1 200 OK"
2026-05-04 18:35:28,997 - balethon.network.connection - INFO - [getUpdates] JSON{'offset': 56}
2026-05-04 18:35:34,078 - httpx - INFO - HTTP Request: POST https://tapi.bale.ai/bot2029474166:MzkMDmPbKHhF6JT0Dn9AYuq84mnTq20L1wk/getUpdates "HTTP/1.1 200 OK"
2026-05-04 18:35:34,107 - balethon.network.connection - INFO - [getUpdates] JSON{'offset': 56}
2026-05-04 18:35:39,160 - httpx - INFO - HTTP Request: POST https://tapi.bale.ai/bot2029474166:MzkMDmPbKHhF6JT0Dn9AYuq84mnTq20L1wk/getUpdates "HTTP/1.1 200 OK"
2026-05-04 18:35:39,195 - balethon.network.connection - INFO - [getUpdates] JSON{'offset': 56}
2026-05-04 18:35:44,261 - httpx - INFO - HTTP Request: POST https://tapi.bale.ai/bot2029474166:MzkMDmPbKHhF6JT0Dn9AYuq84mnTq20L1wk/getUpdates "HTTP/1.1 200 OK"
2026-05-04 18:35:44,267 - balethon.network.connection - INFO - [getUpdates] JSON{'offset': 56}
2026-05-04 18:35:44,714 - httpx - INFO - HTTP Request: POST https://tapi.bale.ai/bot2029474166:MzkMDmPbKHhF6JT0Dn9AYuq84mnTq20L1wk/getUpdates "HTTP/1.1 200 OK"
2026-05-04 18:35:44,761 - balethon.network.connection - INFO - [getUpdates] JSON{'offset': 57}
2026-05-04 18:35:44,770 - bot - INFO - Callback query from user 2062332444: admin_penalties
2026-05-04 18:35:44,814 - balethon.network.connection - INFO - [sendMessage] JSON{'chat_id': 2062332444, 'text': '✅ تمام تنبیهات پرداخت شده\u200cاند.'}
2026-05-04 18:35:45,140 - httpx - INFO - HTTP Request: POST https://tapi.bale.ai/bot2029474166:MzkMDmPbKHhF6JT0Dn9AYuq84mnTq20L1wk/sendMessage "HTTP/1.1 200 OK"
2026-05-04 18:35:45,177 - balethon.network.connection - INFO - [answerCallbackQuery] JSON{'callback_query_id': '3467963598168620923', 'text': '', 'show_alert': False}
2026-05-04 18:35:45,228 - httpx - INFO - HTTP Request: POST https://tapi.bale.ai/bot2029474166:MzkMDmPbKHhF6JT0Dn9AYuq84mnTq20L1wk/answerCallbackQuery "HTTP/1.1 200 OK"
2026-05-04 18:35:47,672 - httpx - INFO - HTTP Request: POST https://tapi.bale.ai/bot2029474166:MzkMDmPbKHhF6JT0Dn9AYuq84mnTq20L1wk/getUpdates "HTTP/1.1 200 OK"
2026-05-04 18:35:47,729 - balethon.network.connection - INFO - [getUpdates] JSON{'offset': 58}
2026-05-04 18:35:47,736 - bot - INFO - Callback query from user 2062332444: admin_manual_check
2026-05-04 18:35:47,797 - database.db - INFO - Penalty added: user_id=1, reason=عدم ثبت گزارش روز 64510/05/06
2026-05-04 18:35:47,799 - services.penalty - INFO - Penalty created for user لسیبلبیلر: عدم ثبت گزارش روز 64510/05/06
2026-05-04 18:35:47,881 - balethon.network.connection - INFO - [sendMessage] JSON{'chat_id': 2062332444, 'text': '✅ 1 تنبیه جدید ایجاد شد:\n\n❌ لسیبلبیلر - 64510/05/06\n'}
2026-05-04 18:35:48,033 - httpx - INFO - HTTP Request: POST https://tapi.bale.ai/bot2029474166:MzkMDmPbKHhF6JT0Dn9AYuq84mnTq20L1wk/sendMessage "HTTP/1.1 200 OK"
2026-05-04 18:35:48,085 - handlers.admin - INFO - Manual penalty check: 1 penalties created
2026-05-04 18:35:48,132 - balethon.network.connection - INFO - [answerCallbackQuery] JSON{'callback_query_id': '5841785419232736053', 'text': '', 'show_alert': False}
2026-05-04 18:35:48,240 - httpx - INFO - HTTP Request: POST https://tapi.bale.ai/bot2029474166:MzkMDmPbKHhF6JT0Dn9AYuq84mnTq20L1wk/answerCallbackQuery "HTTP/1.1 200 OK"
2026-05-04 18:35:52,968 - httpx - INFO - HTTP Request: POST https://tapi.bale.ai/bot2029474166:MzkMDmPbKHhF6JT0Dn9AYuq84mnTq20L1wk/getUpdates "HTTP/1.1 200 OK"
2026-05-04 18:35:53,038 - balethon.network.connection - INFO - [getUpdates] JSON{'offset': 58}
2026-05-04 18:35:57,633 - httpx - INFO - HTTP Request: POST https://tapi.bale.ai/bot2029474166:MzkMDmPbKHhF6JT0Dn9AYuq84mnTq20L1wk/getUpdates "HTTP/1.1 200 OK"
2026-05-04 18:35:57,685 - balethon.network.connection - INFO - [getUpdates] JSON{'offset': 59}
2026-05-04 18:35:57,691 - bot - INFO - Callback query from user 2062332444: admin_penalties
2026-05-04 18:35:57,721 - balethon.network.connection - INFO - [sendMessage] JSON{'chat_id': 2062332444, 'text': '⚠️ خلاصه تنبیهات:\n\n👤 لسیبلبیلر: 1 تنبیه\n'}
2026-05-04 18:35:57,924 - httpx - INFO - HTTP Request: POST https://tapi.bale.ai/bot2029474166:MzkMDmPbKHhF6JT0Dn9AYuq84mnTq20L1wk/sendMessage "HTTP/1.1 200 OK"
2026-05-04 18:35:57,981 - balethon.network.connection - INFO - [answerCallbackQuery] JSON{'callback_query_id': '3382978332582667507', 'text': '', 'show_alert': False}
2026-05-04 18:35:58,031 - httpx - INFO - HTTP Request: POST https://tapi.bale.ai/bot2029474166:MzkMDmPbKHhF6JT0Dn9AYuq84mnTq20L1wk/answerCallbackQuery "HTTP/1.1 200 OK"
2026-05-04 18:36:02,796 - httpx - INFO - HTTP Request: POST https://tapi.bale.ai/bot2029474166:MzkMDmPbKHhF6JT0Dn9AYuq84mnTq20L1wk/getUpdates "HTTP/1.1 200 OK"
2026-05-04 18:36:02,947 - balethon.network.connection - INFO - [getUpdates] JSON{'offset': 59}
2026-05-04 18:36:05,851 - httpx - INFO - HTTP Request: POST https://tapi.bale.ai/bot2029474166:MzkMDmPbKHhF6JT0Dn9AYuq84mnTq20L1wk/getUpdates "HTTP/1.1 200 OK"
2026-05-04 18:36:05,898 - balethon.network.connection - INFO - [getUpdates] JSON{'offset': 60}
2026-05-04 18:36:05,904 - bot - INFO - Callback query from user 2062332444: admin_manual_check
2026-05-04 18:36:05,930 - balethon.network.connection - INFO - [sendMessage] JSON{'chat_id': 2062332444, 'text': '✅ هیچ تنبیه جدیدی ایجاد نشد.'}
2026-05-04 18:36:06,162 - httpx - INFO - HTTP Request: POST https://tapi.bale.ai/bot2029474166:MzkMDmPbKHhF6JT0Dn9AYuq84mnTq20L1wk/sendMessage "HTTP/1.1 200 OK"
2026-05-04 18:36:06,186 - handlers.admin - INFO - Manual penalty check: 0 penalties created
2026-05-04 18:36:06,198 - balethon.network.connection - INFO - [answerCallbackQuery] JSON{'callback_query_id': '3739701476241136594', 'text': '', 'show_alert': False}
2026-05-04 18:36:06,262 - httpx - INFO - HTTP Request: POST https://tapi.bale.ai/bot2029474166:MzkMDmPbKHhF6JT0Dn9AYuq84mnTq20L1wk/answerCallbackQuery "HTTP/1.1 200 OK"
2026-05-04 18:36:10,976 - httpx - INFO - HTTP Request: POST https://tapi.bale.ai/bot2029474166:MzkMDmPbKHhF6JT0Dn9AYuq84mnTq20L1wk/getUpdates "HTTP/1.1 200 OK"
2026-05-04 18:36:10,990 - balethon.network.connection - INFO - [getUpdates] JSON{'offset': 60}
2026-05-04 18:36:16,037 - httpx - INFO - HTTP Request: POST https://tapi.bale.ai/bot2029474166:MzkMDmPbKHhF6JT0Dn9AYuq84mnTq20L1wk/getUpdates "HTTP/1.1 200 OK"
2026-05-04 18:36:16,047 - balethon.network.connection - INFO - [getUpdates] JSON{'offset': 60}
2026-05-04 18:36:21,116 - httpx - INFO - HTTP Request: POST https://tapi.bale.ai/bot2029474166:MzkMDmPbKHhF6JT0Dn9AYuq84mnTq20L1wk/getUpdates "HTTP/1.1 200 OK"
2026-05-04 18:36:21,130 - balethon.network.connection - INFO - [getUpdates] JSON{'offset': 60}
2026-05-04 18:36:26,177 - httpx - INFO - HTTP Request: POST https://tapi.bale.ai/bot2029474166:MzkMDmPbKHhF6JT0Dn9AYuq84mnTq20L1wk/getUpdates "HTTP/1.1 200 OK"
2026-05-04 18:36:26,188 - balethon.network.connection - INFO - [getUpdates] JSON{'offset': 60}
2026-05-04 18:36:31,240 - httpx - INFO - HTTP Request: POST https://tapi.bale.ai/bot2029474166:MzkMDmPbKHhF6JT0Dn9AYuq84mnTq20L1wk/getUpdates "HTTP/1.1 200 OK"
2026-05-04 18:36:31,249 - balethon.network.connection - INFO - [getUpdates] JSON{'offset': 60}
2026-05-04 18:36:36,322 - httpx - INFO - HTTP Request: POST https://tapi.bale.ai/bot2029474166:MzkMDmPbKHhF6JT0Dn9AYuq84mnTq20L1wk/getUpdates "HTTP/1.1 200 OK"
2026-05-04 18:36:36,335 - balethon.network.connection - INFO - [getUpdates] JSON{'offset': 60}
2026-05-04 18:36:41,377 - httpx - INFO - HTTP Request: POST https://tapi.bale.ai/bot2029474166:MzkMDmPbKHhF6JT0Dn9AYuq84mnTq20L1wk/getUpdates "HTTP/1.1 200 OK"
2026-05-04 18:36:41,398 - balethon.network.connection - INFO - [getUpdates] JSON{'offset': 60}
2026-05-04 18:36:46,452 - httpx - INFO - HTTP Request: POST https://tapi.bale.ai/bot2029474166:MzkMDmPbKHhF6JT0Dn9AYuq84mnTq20L1wk/getUpdates "HTTP/1.1 200 OK"
2026-05-04 18:36:46,473 - balethon.network.connection - INFO - [getUpdates] JSON{'offset': 60}
2026-05-04 18:36:51,542 - httpx - INFO - HTTP Request: POST https://tapi.bale.ai/bot2029474166:MzkMDmPbKHhF6JT0Dn9AYuq84mnTq20L1wk/getUpdates "HTTP/1.1 200 OK"
2026-05-04 18:36:51,558 - balethon.network.connection - INFO - [getUpdates] JSON{'offset': 60}
2026-05-04 18:36:56,616 - httpx - INFO - HTTP Request: POST https://tapi.bale.ai/bot2029474166:MzkMDmPbKHhF6JT0Dn9AYuq84mnTq20L1wk/getUpdates "HTTP/1.1 200 OK"
2026-05-04 18:36:56,633 - balethon.network.connection - INFO - [getUpdates] JSON{'offset': 60}
2026-05-04 18:37:01,678 - httpx - INFO - HTTP Request: POST https://tapi.bale.ai/bot2029474166:MzkMDmPbKHhF6JT0Dn9AYuq84mnTq20L1wk/getUpdates "HTTP/1.1 200 OK"
2026-05-04 18:37:01,743 - balethon.network.connection - INFO - [getUpdates] JSON{'offset': 60}
2026-05-04 18:37:06,790 - httpx - INFO - HTTP Request: POST https://tapi.bale.ai/bot2029474166:MzkMDmPbKHhF6JT0Dn9AYuq84mnTq20L1wk/getUpdates "HTTP/1.1 200 OK"
2026-05-04 18:37:06,833 - balethon.network.connection - INFO - [getUpdates] JSON{'offset': 60}
2026-05-04 18:37:11,892 - httpx - INFO - HTTP Request: POST https://tapi.bale.ai/bot2029474166:MzkMDmPbKHhF6JT0Dn9AYuq84mnTq20L1wk/getUpdates "HTTP/1.1 200 OK"
2026-05-04 18:37:11,905 - balethon.network.connection - INFO - [getUpdates] JSON{'offset': 60}
2026-05-04 18:37:16,949 - httpx - INFO - HTTP Request: POST https://tapi.bale.ai/bot2029474166:MzkMDmPbKHhF6JT0Dn9AYuq84mnTq20L1wk/getUpdates "HTTP/1.1 200 OK"
2026-05-04 18:37:16,965 - balethon.network.connection - INFO - [getUpdates] JSON{'offset': 60}
2026-05-04 18:37:22,030 - httpx - INFO - HTTP Request: POST https://tapi.bale.ai/bot2029474166:MzkMDmPbKHhF6JT0Dn9AYuq84mnTq20L1wk/getUpdates "HTTP/1.1 200 OK"
2026-05-04 18:37:22,041 - balethon.network.connection - INFO - [getUpdates] JSON{'offset': 60}
2026-05-04 18:37:27,146 - httpx - INFO - HTTP Request: POST https://tapi.bale.ai/bot2029474166:MzkMDmPbKHhF6JT0Dn9AYuq84mnTq20L1wk/getUpdates "HTTP/1.1 200 OK"
2026-05-04 18:37:27,177 - balethon.network.connection - INFO - [getUpdates] JSON{'offset': 60}
2026-05-04 18:37:32,297 - httpx - INFO - HTTP Request: POST https://tapi.bale.ai/bot2029474166:MzkMDmPbKHhF6JT0Dn9AYuq84mnTq20L1wk/getUpdates "HTTP/1.1 200 OK"
2026-05-04 18:37:32,313 - balethon.network.connection - INFO - [getUpdates] JSON{'offset': 60}
2026-05-04 18:37:37,483 - httpx - INFO - HTTP Request: POST https://tapi.bale.ai/bot2029474166:MzkMDmPbKHhF6JT0Dn9AYuq84mnTq20L1wk/getUpdates "HTTP/1.1 200 OK"
2026-05-04 18:37:37,500 - balethon.network.connection - INFO - [getUpdates] JSON{'offset': 60}
2026-05-04 18:37:42,551 - httpx - INFO - HTTP Request: POST https://tapi.bale.ai/bot2029474166:MzkMDmPbKHhF6JT0Dn9AYuq84mnTq20L1wk/getUpdates "HTTP/1.1 200 OK"
2026-05-04 18:37:42,563 - balethon.network.connection - INFO - [getUpdates] JSON{'offset': 60}
2026-05-04 18:37:47,635 - httpx - INFO - HTTP Request: POST https://tapi.bale.ai/bot2029474166:MzkMDmPbKHhF6JT0Dn9AYuq84mnTq20L1wk/getUpdates "HTTP/1.1 200 OK"
2026-05-04 18:37:47,670 - balethon.network.connection - INFO - [getUpdates] JSON{'offset': 60}
2026-05-04 18:37:52,725 - httpx - INFO - HTTP Request: POST https://tapi.bale.ai/bot2029474166:MzkMDmPbKHhF6JT0Dn9AYuq84mnTq20L1wk/getUpdates "HTTP/1.1 200 OK"
2026-05-04 18:37:52,736 - balethon.network.connection - INFO - [getUpdates] JSON{'offset': 60}
2026-05-04 18:37:58,133 - httpx - INFO - HTTP Request: POST https://tapi.bale.ai/bot2029474166:MzkMDmPbKHhF6JT0Dn9AYuq84mnTq20L1wk/getUpdates "HTTP/1.1 200 OK"
2026-05-04 18:37:58,154 - balethon.network.connection - INFO - [getUpdates] JSON{'offset': 60}
2026-05-04 18:38:03,208 - httpx - INFO - HTTP Request: POST https://tapi.bale.ai/bot2029474166:MzkMDmPbKHhF6JT0Dn9AYuq84mnTq20L1wk/getUpdates "HTTP/1.1 200 OK"
2026-05-04 18:38:03,227 - balethon.network.connection - INFO - [getUpdates] JSON{'offset': 60}
2026-05-04 18:38:08,291 - httpx - INFO - HTTP Request: POST https://tapi.bale.ai/bot2029474166:MzkMDmPbKHhF6JT0Dn9AYuq84mnTq20L1wk/getUpdates "HTTP/1.1 200 OK"
2026-05-04 18:38:08,299 - balethon.network.connection - INFO - [getUpdates] JSON{'offset': 60}
2026-05-04 18:38:13,343 - httpx - INFO - HTTP Request: POST https://tapi.bale.ai/bot2029474166:MzkMDmPbKHhF6JT0Dn9AYuq84mnTq20L1wk/getUpdates "HTTP/1.1 200 OK"
2026-05-04 18:38:13,360 - balethon.network.connection - INFO - [getUpdates] JSON{'offset': 60}
2026-05-04 18:38:18,417 - httpx - INFO - HTTP Request: POST https://tapi.bale.ai/bot2029474166:MzkMDmPbKHhF6JT0Dn9AYuq84mnTq20L1wk/getUpdates "HTTP/1.1 200 OK"
2026-05-04 18:38:18,428 - balethon.network.connection - INFO - [getUpdates] JSON{'offset': 60}
2026-05-04 18:38:23,498 - httpx - INFO - HTTP Request: POST https://tapi.bale.ai/bot2029474166:MzkMDmPbKHhF6JT0Dn9AYuq84mnTq20L1wk/getUpdates "HTTP/1.1 200 OK"
2026-05-04 18:38:23,509 - balethon.network.connection - INFO - [getUpdates] JSON{'offset': 60}
2026-05-04 18:38:28,588 - httpx - INFO - HTTP Request: POST https://tapi.bale.ai/bot2029474166:MzkMDmPbKHhF6JT0Dn9AYuq84mnTq20L1wk/getUpdates "HTTP/1.1 200 OK"
2026-05-04 18:38:28,599 - balethon.network.connection - INFO - [getUpdates] JSON{'offset': 60}
2026-05-04 18:38:33,698 - httpx - INFO - HTTP Request: POST https://tapi.bale.ai/bot2029474166:MzkMDmPbKHhF6JT0Dn9AYuq84mnTq20L1wk/getUpdates "HTTP/1.1 200 OK"
2026-05-04 18:38:33,715 - balethon.network.connection - INFO - [getUpdates] JSON{'offset': 60}
2026-05-04 18:38:38,789 - httpx - INFO - HTTP Request: POST https://tapi.bale.ai/bot2029474166:MzkMDmPbKHhF6JT0Dn9AYuq84mnTq20L1wk/getUpdates "HTTP/1.1 200 OK"
2026-05-04 18:38:38,818 - balethon.network.connection - INFO - [getUpdates] JSON{'offset': 60}
2026-05-04 18:38:43,923 - httpx - INFO - HTTP Request: POST https://tapi.bale.ai/bot2029474166:MzkMDmPbKHhF6JT0Dn9AYuq84mnTq20L1wk/getUpdates "HTTP/1.1 200 OK"
2026-05-04 18:38:43,943 - balethon.network.connection - INFO - [getUpdates] JSON{'offset': 60}
2026-05-04 18:38:49,054 - httpx - INFO - HTTP Request: POST https://tapi.bale.ai/bot2029474166:MzkMDmPbKHhF6JT0Dn9AYuq84mnTq20L1wk/getUpdates "HTTP/1.1 200 OK"
2026-05-04 18:38:49,083 - balethon.network.connection - INFO - [getUpdates] JSON{'offset': 60}
2026-05-04 18:38:54,210 - httpx - INFO - HTTP Request: POST https://tapi.bale.ai/bot2029474166:MzkMDmPbKHhF6JT0Dn9AYuq84mnTq20L1wk/getUpdates "HTTP/1.1 200 OK"
2026-05-04 18:38:54,285 - balethon.network.connection - INFO - [getUpdates] JSON{'offset': 60}
2026-05-04 18:38:59,360 - httpx - INFO - HTTP Request: POST https://tapi.bale.ai/bot2029474166:MzkMDmPbKHhF6JT0Dn9AYuq84mnTq20L1wk/getUpdates "HTTP/1.1 200 OK"
2026-05-04 18:38:59,376 - balethon.network.connection - INFO - [getUpdates] JSON{'offset': 60}
2026-05-04 18:39:04,451 - httpx - INFO - HTTP Request: POST https://tapi.bale.ai/bot2029474166:MzkMDmPbKHhF6JT0Dn9AYuq84mnTq20L1wk/getUpdates "HTTP/1.1 200 OK"
2026-05-04 18:39:04,526 - balethon.network.connection - INFO - [getUpdates] JSON{'offset': 60}
2026-05-04 18:39:09,585 - httpx - INFO - HTTP Request: POST https://tapi.bale.ai/bot2029474166:MzkMDmPbKHhF6JT0Dn9AYuq84mnTq20L1wk/getUpdates "HTTP/1.1 200 OK"
2026-05-04 18:39:09,601 - balethon.network.connection - INFO - [getUpdates] JSON{'offset': 60}
2026-05-04 18:39:14,687 - httpx - INFO - HTTP Request: POST https://tapi.bale.ai/bot2029474166:MzkMDmPbKHhF6JT0Dn9AYuq84mnTq20L1wk/getUpdates "HTTP/1.1 200 OK"
2026-05-04 18:39:14,699 - balethon.network.connection - INFO - [getUpdates] JSON{'offset': 60}
2026-05-04 18:39:19,754 - httpx - INFO - HTTP Request: POST https://tapi.bale.ai/bot2029474166:MzkMDmPbKHhF6JT0Dn9AYuq84mnTq20L1wk/getUpdates "HTTP/1.1 200 OK"
2026-05-04 18:39:19,769 - balethon.network.connection - INFO - [getUpdates] JSON{'offset': 60}
2026-05-04 18:39:24,889 - httpx - INFO - HTTP Request: POST https://tapi.bale.ai/bot2029474166:MzkMDmPbKHhF6JT0Dn9AYuq84mnTq20L1wk/getUpdates "HTTP/1.1 200 OK"
2026-05-04 18:39:24,910 - balethon.network.connection - INFO - [getUpdates] JSON{'offset': 60}
2026-05-04 18:39:29,983 - httpx - INFO - HTTP Request: POST https://tapi.bale.ai/bot2029474166:MzkMDmPbKHhF6JT0Dn9AYuq84mnTq20L1wk/getUpdates "HTTP/1.1 200 OK"
2026-05-04 18:39:29,996 - balethon.network.connection - INFO - [getUpdates] JSON{'offset': 60}
2026-05-04 18:39:35,118 - httpx - INFO - HTTP Request: POST https://tapi.bale.ai/bot2029474166:MzkMDmPbKHhF6JT0Dn9AYuq84mnTq20L1wk/getUpdates "HTTP/1.1 200 OK"
2026-05-04 18:39:35,123 - balethon.network.connection - INFO - [getUpdates] JSON{'offset': 60}
2026-05-04 18:39:40,317 - httpx - INFO - HTTP Request: POST https://tapi.bale.ai/bot2029474166:MzkMDmPbKHhF6JT0Dn9AYuq84mnTq20L1wk/getUpdates "HTTP/1.1 200 OK"
2026-05-04 18:39:40,323 - balethon.network.connection - INFO - [getUpdates] JSON{'offset': 60}
2026-05-04 18:39:45,380 - httpx - INFO - HTTP Request: POST https://tapi.bale.ai/bot2029474166:MzkMDmPbKHhF6JT0Dn9AYuq84mnTq20L1wk/getUpdates "HTTP/1.1 200 OK"
2026-05-04 18:39:45,385 - balethon.network.connection - INFO - [getUpdates] JSON{'offset': 60}
2026-05-04 18:39:50,497 - httpx - INFO - HTTP Request: POST https://tapi.bale.ai/bot2029474166:MzkMDmPbKHhF6JT0Dn9AYuq84mnTq20L1wk/getUpdates "HTTP/1.1 200 OK"
2026-05-04 18:39:50,512 - balethon.network.connection - INFO - [getUpdates] JSON{'offset': 60}
2026-05-04 18:39:55,587 - httpx - INFO - HTTP Request: POST https://tapi.bale.ai/bot2029474166:MzkMDmPbKHhF6JT0Dn9AYuq84mnTq20L1wk/getUpdates "HTTP/1.1 200 OK"
2026-05-04 18:39:55,602 - balethon.network.connection - INFO - [getUpdates] JSON{'offset': 60}
2026-05-04 18:40:00,726 - httpx - INFO - HTTP Request: POST https://tapi.bale.ai/bot2029474166:MzkMDmPbKHhF6JT0Dn9AYuq84mnTq20L1wk/getUpdates "HTTP/1.1 200 OK"
2026-05-04 18:40:00,741 - balethon.network.connection - INFO - [getUpdates] JSON{'offset': 60}
2026-05-04 18:40:05,824 - httpx - INFO - HTTP Request: POST https://tapi.bale.ai/bot2029474166:MzkMDmPbKHhF6JT0Dn9AYuq84mnTq20L1wk/getUpdates "HTTP/1.1 200 OK"
2026-05-04 18:40:05,833 - balethon.network.connection - INFO - [getUpdates] JSON{'offset': 60}
2026-05-04 18:40:10,875 - httpx - INFO - HTTP Request: POST https://tapi.bale.ai/bot2029474166:MzkMDmPbKHhF6JT0Dn9AYuq84mnTq20L1wk/getUpdates "HTTP/1.1 200 OK"
2026-05-04 18:40:10,889 - balethon.network.connection - INFO - [getUpdates] JSON{'offset': 60}
2026-05-04 18:40:15,970 - httpx - INFO - HTTP Request: POST https://tapi.bale.ai/bot2029474166:MzkMDmPbKHhF6JT0Dn9AYuq84mnTq20L1wk/getUpdates "HTTP/1.1 200 OK"
2026-05-04 18:40:15,990 - balethon.network.connection - INFO - [getUpdates] JSON{'offset': 60}
2026-05-04 18:40:21,099 - httpx - INFO - HTTP Request: POST https://tapi.bale.ai/bot2029474166:MzkMDmPbKHhF6JT0Dn9AYuq84mnTq20L1wk/getUpdates "HTTP/1.1 200 OK"
2026-05-04 18:40:21,132 - balethon.network.connection - INFO - [getUpdates] JSON{'offset': 60}
2026-05-04 18:40:26,231 - httpx - INFO - HTTP Request: POST https://tapi.bale.ai/bot2029474166:MzkMDmPbKHhF6JT0Dn9AYuq84mnTq20L1wk/getUpdates "HTTP/1.1 200 OK"
2026-05-04 18:40:26,245 - balethon.network.connection - INFO - [getUpdates] JSON{'offset': 60}
2026-05-04 18:40:31,339 - httpx - INFO - HTTP Request: POST https://tapi.bale.ai/bot2029474166:MzkMDmPbKHhF6JT0Dn9AYuq84mnTq20L1wk/getUpdates "HTTP/1.1 200 OK"
2026-05-04 18:40:31,354 - balethon.network.connection - INFO - [getUpdates] JSON{'offset': 60}
2026-05-04 18:40:36,400 - httpx - INFO - HTTP Request: POST https://tapi.bale.ai/bot2029474166:MzkMDmPbKHhF6JT0Dn9AYuq84mnTq20L1wk/getUpdates "HTTP/1.1 200 OK"
2026-05-04 18:40:36,413 - balethon.network.connection - INFO - [getUpdates] JSON{'offset': 60}
2026-05-04 18:40:41,452 - httpx - INFO - HTTP Request: POST https://tapi.bale.ai/bot2029474166:MzkMDmPbKHhF6JT0Dn9AYuq84mnTq20L1wk/getUpdates "HTTP/1.1 200 OK"
2026-05-04 18:40:41,475 - balethon.network.connection - INFO - [getUpdates] JSON{'offset': 60}
2026-05-04 18:40:46,558 - httpx - INFO - HTTP Request: POST https://tapi.bale.ai/bot2029474166:MzkMDmPbKHhF6JT0Dn9AYuq84mnTq20L1wk/getUpdates "HTTP/1.1 200 OK"
2026-05-04 18:40:46,575 - balethon.network.connection - INFO - [getUpdates] JSON{'offset': 60}
2026-05-04 18:40:51,644 - httpx - INFO - HTTP Request: POST https://tapi.bale.ai/bot2029474166:MzkMDmPbKHhF6JT0Dn9AYuq84mnTq20L1wk/getUpdates "HTTP/1.1 200 OK"
2026-05-04 18:40:51,656 - balethon.network.connection - INFO - [getUpdates] JSON{'offset': 60}
2026-05-04 18:40:56,724 - httpx - INFO - HTTP Request: POST https://tapi.bale.ai/bot2029474166:MzkMDmPbKHhF6JT0Dn9AYuq84mnTq20L1wk/getUpdates "HTTP/1.1 200 OK"
2026-05-04 18:40:56,734 - balethon.network.connection - INFO - [getUpdates] JSON{'offset': 60}
2026-05-04 18:41:01,783 - httpx - INFO - HTTP Request: POST https://tapi.bale.ai/bot2029474166:MzkMDmPbKHhF6JT0Dn9AYuq84mnTq20L1wk/getUpdates "HTTP/1.1 200 OK"
2026-05-04 18:41:01,794 - balethon.network.connection - INFO - [getUpdates] JSON{'offset': 60}
2026-05-04 18:41:06,853 - httpx - INFO - HTTP Request: POST https://tapi.bale.ai/bot2029474166:MzkMDmPbKHhF6JT0Dn9AYuq84mnTq20L1wk/getUpdates "HTTP/1.1 200 OK"
2026-05-04 18:41:06,867 - balethon.network.connection - INFO - [getUpdates] JSON{'offset': 60}
2026-05-06 12:32:26,239 - __main__ - INFO - ==================================================
2026-05-06 12:32:26,239 - __main__ - INFO - EliteUniteTime Bot Starting...
2026-05-06 12:32:26,239 - __main__ - INFO - ==================================================
2026-05-06 12:32:26,930 - database.db - INFO - Table 'users' initialized successfully
2026-05-06 12:32:26,931 - database.db - INFO - Table 'reports' initialized successfully
2026-05-06 12:32:26,931 - database.db - INFO - Table 'penalties' initialized successfully
2026-05-06 12:32:26,931 - bot - INFO - Database initialized
2026-05-06 12:32:26,931 - bot - INFO - Scheduler service initialized
2026-05-06 12:32:26,933 - bot - INFO - All handlers initialized
2026-05-06 12:32:26,933 - bot - INFO - Bale client initialized
2026-05-06 12:32:26,933 - bot - INFO - Message and callback handlers registered
2026-05-06 12:32:26,934 - bot - INFO - Starting EliteUniteTime bot...
2026-05-06 12:32:26,934 - apscheduler.scheduler - INFO - Adding job tentatively -- it will be properly scheduled when the scheduler starts
2026-05-06 12:32:26,934 - services.scheduler - INFO - Missing report check job added: daily at 10:00 Asia/Tehran
2026-05-06 12:32:26,934 - apscheduler.scheduler - INFO - Added job "Check missing daily reports" to job store "default"
2026-05-06 12:32:26,935 - apscheduler.scheduler - INFO - Scheduler started
2026-05-06 12:32:26,935 - services.scheduler - INFO - Scheduler started successfully
2026-05-06 12:32:26,935 - bot - INFO - Scheduler started successfully
2026-05-06 12:32:27,885 - httpx - INFO - HTTP Request: GET https://tapi.bale.ai/bot2029474166:MzkMDmPbKHhF6JT0Dn9AYuq84mnTq20L1wk/getMe "HTTP/1.1 200 OK"
2026-05-06 12:32:27,945 - httpx - INFO - HTTP Request: GET https://tapi.bale.ai/bot2029474166:MzkMDmPbKHhF6JT0Dn9AYuq84mnTq20L1wk/deleteWebhook "HTTP/1.1 200 OK"
2026-05-06 12:32:28,011 - httpx - INFO - HTTP Request: POST https://tapi.bale.ai/bot2029474166:MzkMDmPbKHhF6JT0Dn9AYuq84mnTq20L1wk/getUpdates "HTTP/1.1 200 OK"
2026-05-06 12:32:28,025 - balethon.network.connection - INFO - [getUpdates] JSON{'offset': 62}
2026-05-06 12:32:28,027 - bot - INFO - Message from user 1336848033: /start
2026-05-06 12:32:28,039 - balethon.network.connection - INFO - [sendMessage] JSON{'chat_id': 1336848033, 'text': 'خوش آمدید به سیستم مدیریت زمان EliteUniteTime! 🎉\n\nلطفاً اطلاعات خود را کامل کنید.\n\n🔤 لطفاً نام کامل خود را وارد کنید:'}
2026-05-06 12:32:28,041 - bot - INFO - Message from user 2062332444: /start
2026-05-06 12:32:28,045 - balethon.network.connection - INFO - [sendMessage] JSON{'chat_id': 2062332444, 'text': '📋 منوی اصلی:', 'reply_markup': {'inline_keyboard': [[{'text': '📊 ثبت گزارش روزانه', 'callback_data': 'daily_report'}], [{'text': '📈 گزارش هفتگی', 'callback_data': 'weekly_report'}, {'text': '📅 گزارش ماهانه', 'callback_data': 'monthly_report'}], [{'text': '👤 پروفایل من', 'callback_data': 'profile'}], [{'text': '👥 آشنایی با دوستان', 'callback_data': 'friends'}]]}}
2026-05-06 12:32:28,239 - httpx - INFO - HTTP Request: POST https://tapi.bale.ai/bot2029474166:MzkMDmPbKHhF6JT0Dn9AYuq84mnTq20L1wk/sendMessage "HTTP/1.1 200 OK"
2026-05-06 12:32:28,250 - httpx - INFO - HTTP Request: POST https://tapi.bale.ai/bot2029474166:MzkMDmPbKHhF6JT0Dn9AYuq84mnTq20L1wk/sendMessage "HTTP/1.1 200 OK"
2026-05-06 12:32:33,097 - httpx - INFO - HTTP Request: POST https://tapi.bale.ai/bot2029474166:MzkMDmPbKHhF6JT0Dn9AYuq84mnTq20L1wk/getUpdates "HTTP/1.1 200 OK"
2026-05-06 12:32:33,111 - balethon.network.connection - INFO - [getUpdates] JSON{'offset': 62}
2026-05-06 12:32:37,797 - httpx - INFO - HTTP Request: POST https://tapi.bale.ai/bot2029474166:MzkMDmPbKHhF6JT0Dn9AYuq84mnTq20L1wk/getUpdates "HTTP/1.1 200 OK"
2026-05-06 12:32:37,818 - balethon.network.connection - INFO - [getUpdates] JSON{'offset': 63}
2026-05-06 12:32:37,821 - bot - INFO - Callback query from user 2062332444: daily_report
2026-05-06 12:32:37,825 - balethon.network.connection - INFO - [sendMessage] JSON{'chat_id': 2062332444, 'text': '📊 ثبت گزارش روزانه\n\n📅 امروز: دوشنبه 64510/05/09\n\n⬛️ لطفاً ساعت کاری اصلی را وارد کنید:\n(مثال: 6 یا 6.5)'}
2026-05-06 12:32:38,137 - httpx - INFO - HTTP Request: POST https://tapi.bale.ai/bot2029474166:MzkMDmPbKHhF6JT0Dn9AYuq84mnTq20L1wk/sendMessage "HTTP/1.1 200 OK"
2026-05-06 12:32:38,181 - balethon.network.connection - INFO - [answerCallbackQuery] JSON{'callback_query_id': '8772108887899451357', 'text': '', 'show_alert': False}
2026-05-06 12:32:38,237 - httpx - INFO - HTTP Request: POST https://tapi.bale.ai/bot2029474166:MzkMDmPbKHhF6JT0Dn9AYuq84mnTq20L1wk/answerCallbackQuery "HTTP/1.1 200 OK"
2026-05-06 12:32:42,943 - httpx - INFO - HTTP Request: POST https://tapi.bale.ai/bot2029474166:MzkMDmPbKHhF6JT0Dn9AYuq84mnTq20L1wk/getUpdates "HTTP/1.1 200 OK"
2026-05-06 12:32:42,951 - balethon.network.connection - INFO - [getUpdates] JSON{'offset': 63}
2026-05-06 12:32:48,076 - httpx - INFO - HTTP Request: POST https://tapi.bale.ai/bot2029474166:MzkMDmPbKHhF6JT0Dn9AYuq84mnTq20L1wk/getUpdates "HTTP/1.1 200 OK"
2026-05-06 12:32:48,085 - balethon.network.connection - INFO - [getUpdates] JSON{'offset': 63}
2026-05-06 12:32:53,169 - httpx - INFO - HTTP Request: POST https://tapi.bale.ai/bot2029474166:MzkMDmPbKHhF6JT0Dn9AYuq84mnTq20L1wk/getUpdates "HTTP/1.1 200 OK"
2026-05-06 12:32:53,178 - balethon.network.connection - INFO - [getUpdates] JSON{'offset': 63}
2026-05-06 12:32:58,280 - httpx - INFO - HTTP Request: POST https://tapi.bale.ai/bot2029474166:MzkMDmPbKHhF6JT0Dn9AYuq84mnTq20L1wk/getUpdates "HTTP/1.1 200 OK"
2026-05-06 12:32:58,288 - balethon.network.connection - INFO - [getUpdates] JSON{'offset': 63}
2026-05-06 12:33:03,374 - httpx - INFO - HTTP Request: POST https://tapi.bale.ai/bot2029474166:MzkMDmPbKHhF6JT0Dn9AYuq84mnTq20L1wk/getUpdates "HTTP/1.1 200 OK"
2026-05-06 12:33:03,392 - balethon.network.connection - INFO - [getUpdates] JSON{'offset': 63}
2026-05-06 12:33:08,445 - httpx - INFO - HTTP Request: POST https://tapi.bale.ai/bot2029474166:MzkMDmPbKHhF6JT0Dn9AYuq84mnTq20L1wk/getUpdates "HTTP/1.1 200 OK"
2026-05-06 12:33:08,453 - balethon.network.connection - INFO - [getUpdates] JSON{'offset': 63}
2026-05-06 12:33:13,506 - httpx - INFO - HTTP Request: POST https://tapi.bale.ai/bot2029474166:MzkMDmPbKHhF6JT0Dn9AYuq84mnTq20L1wk/getUpdates "HTTP/1.1 200 OK"
2026-05-06 12:33:13,514 - balethon.network.connection - INFO - [getUpdates] JSON{'offset': 63}
2026-05-06 12:33:18,561 - httpx - INFO - HTTP Request: POST https://tapi.bale.ai/bot2029474166:MzkMDmPbKHhF6JT0Dn9AYuq84mnTq20L1wk/getUpdates "HTTP/1.1 200 OK"
2026-05-06 12:33:18,569 - balethon.network.connection - INFO - [getUpdates] JSON{'offset': 63}
2026-05-06 12:33:23,661 - httpx - INFO - HTTP Request: POST https://tapi.bale.ai/bot2029474166:MzkMDmPbKHhF6JT0Dn9AYuq84mnTq20L1wk/getUpdates "HTTP/1.1 200 OK"
2026-05-06 12:33:23,667 - balethon.network.connection - INFO - [getUpdates] JSON{'offset': 63}
2026-05-06 12:33:28,726 - httpx - INFO - HTTP Request: POST https://tapi.bale.ai/bot2029474166:MzkMDmPbKHhF6JT0Dn9AYuq84mnTq20L1wk/getUpdates "HTTP/1.1 200 OK"
2026-05-06 12:33:28,730 - balethon.network.connection - INFO - [getUpdates] JSON{'offset': 63}
2026-05-06 12:33:33,808 - httpx - INFO - HTTP Request: POST https://tapi.bale.ai/bot2029474166:MzkMDmPbKHhF6JT0Dn9AYuq84mnTq20L1wk/getUpdates "HTTP/1.1 200 OK"
2026-05-06 12:33:33,813 - balethon.network.connection - INFO - [getUpdates] JSON{'offset': 63}
2026-05-06 12:33:38,857 - httpx - INFO - HTTP Request: POST https://tapi.bale.ai/bot2029474166:MzkMDmPbKHhF6JT0Dn9AYuq84mnTq20L1wk/getUpdates "HTTP/1.1 200 OK"
2026-05-06 12:33:38,869 - balethon.network.connection - INFO - [getUpdates] JSON{'offset': 63}
2026-05-06 12:33:40,750 - bot - INFO - Bot started successfully
2026-05-06 12:34:08,977 - __main__ - INFO - ==================================================
2026-05-06 12:34:08,978 - __main__ - INFO -   EliteUniteTime — Bot + Dashboard
2026-05-06 12:34:08,978 - __main__ - INFO - ==================================================
2026-05-06 12:34:08,979 - __main__ - INFO - Dashboard thread started
2026-05-06 12:34:09,369 - database.db - INFO - Table 'users' initialized successfully
2026-05-06 12:34:09,369 - database.db - INFO - Table 'reports' initialized successfully
2026-05-06 12:34:09,369 - database.db - INFO - Table 'penalties' initialized successfully
2026-05-06 12:34:09,378 - __main__ - INFO - Dashboard starting on http://0.0.0.0:5000
2026-05-06 12:34:09,396 - werkzeug - INFO - [31m[1mWARNING: This is a development server. Do not use it in a production deployment. Use a production WSGI server instead.[0m
 * Running on all addresses (0.0.0.0)
 * Running on http://127.0.0.1:5000
 * Running on http://10.180.140.240:5000
2026-05-06 12:34:09,396 - werkzeug - INFO - [33mPress CTRL+C to quit[0m
2026-05-06 12:34:09,886 - database.db - INFO - Table 'users' initialized successfully
2026-05-06 12:34:09,886 - database.db - INFO - Table 'reports' initialized successfully
2026-05-06 12:34:09,886 - database.db - INFO - Table 'penalties' initialized successfully
2026-05-06 12:34:09,886 - bot - INFO - Database initialized
2026-05-06 12:34:09,887 - bot - INFO - Scheduler service initialized
2026-05-06 12:34:09,887 - bot - INFO - All handlers initialized
2026-05-06 12:34:09,887 - bot - INFO - Bale client initialized
2026-05-06 12:34:09,887 - bot - INFO - Message and callback handlers registered
2026-05-06 12:34:09,887 - bot - INFO - Starting EliteUniteTime bot...
2026-05-06 12:34:09,887 - apscheduler.scheduler - INFO - Adding job tentatively -- it will be properly scheduled when the scheduler starts
2026-05-06 12:34:09,888 - services.scheduler - INFO - Missing report check job added: daily at 10:00 Asia/Tehran
2026-05-06 12:34:09,888 - apscheduler.scheduler - INFO - Added job "Check missing daily reports" to job store "default"
2026-05-06 12:34:09,888 - apscheduler.scheduler - INFO - Scheduler started
2026-05-06 12:34:09,888 - services.scheduler - INFO - Scheduler started successfully
2026-05-06 12:34:09,888 - bot - INFO - Scheduler started successfully
2026-05-06 12:34:10,332 - httpx - INFO - HTTP Request: GET https://tapi.bale.ai/bot2029474166:MzkMDmPbKHhF6JT0Dn9AYuq84mnTq20L1wk/getMe "HTTP/1.1 200 OK"
2026-05-06 12:34:10,382 - httpx - INFO - HTTP Request: GET https://tapi.bale.ai/bot2029474166:MzkMDmPbKHhF6JT0Dn9AYuq84mnTq20L1wk/deleteWebhook "HTTP/1.1 200 OK"
2026-05-06 12:34:15,502 - httpx - INFO - HTTP Request: POST https://tapi.bale.ai/bot2029474166:MzkMDmPbKHhF6JT0Dn9AYuq84mnTq20L1wk/getUpdates "HTTP/1.1 200 OK"
2026-05-06 12:34:15,918 - httpx - INFO - HTTP Request: POST https://tapi.bale.ai/bot2029474166:MzkMDmPbKHhF6JT0Dn9AYuq84mnTq20L1wk/getUpdates "HTTP/1.1 200 OK"
2026-05-06 12:34:15,932 - balethon.network.connection - INFO - [getUpdates] JSON{'offset': 64}
2026-05-06 12:34:15,934 - bot - INFO - Message from user 2062332444: /start
2026-05-06 12:34:15,940 - balethon.network.connection - INFO - [sendMessage] JSON{'chat_id': 2062332444, 'text': '📋 منوی اصلی:', 'reply_markup': {'inline_keyboard': [[{'text': '📊 ثبت گزارش روزانه', 'callback_data': 'daily_report'}], [{'text': '📈 گزارش هفتگی', 'callback_data': 'weekly_report'}, {'text': '📅 گزارش ماهانه', 'callback_data': 'monthly_report'}], [{'text': '👤 پروفایل من', 'callback_data': 'profile'}], [{'text': '👥 آشنایی با دوستان', 'callback_data': 'friends'}]]}}
2026-05-06 12:34:16,323 - httpx - INFO - HTTP Request: POST https://tapi.bale.ai/bot2029474166:MzkMDmPbKHhF6JT0Dn9AYuq84mnTq20L1wk/sendMessage "HTTP/1.1 200 OK"
2026-05-06 12:34:20,998 - httpx - INFO - HTTP Request: POST https://tapi.bale.ai/bot2029474166:MzkMDmPbKHhF6JT0Dn9AYuq84mnTq20L1wk/getUpdates "HTTP/1.1 200 OK"
2026-05-06 12:34:21,008 - balethon.network.connection - INFO - [getUpdates] JSON{'offset': 64}
2026-05-06 12:34:21,476 - werkzeug - INFO - 127.0.0.1 - - [06/May/2026 12:34:21] "[32mGET / HTTP/1.1[0m" 302 -
2026-05-06 12:34:21,522 - werkzeug - INFO - 127.0.0.1 - - [06/May/2026 12:34:21] "GET /login HTTP/1.1" 200 -
2026-05-06 12:34:22,698 - werkzeug - INFO - 127.0.0.1 - - [06/May/2026 12:34:22] "[33mGET /favicon.ico HTTP/1.1[0m" 404 -
2026-05-06 12:34:26,078 - httpx - INFO - HTTP Request: POST https://tapi.bale.ai/bot2029474166:MzkMDmPbKHhF6JT0Dn9AYuq84mnTq20L1wk/getUpdates "HTTP/1.1 200 OK"
2026-05-06 12:34:26,102 - balethon.network.connection - INFO - [getUpdates] JSON{'offset': 64}
2026-05-06 12:34:30,160 - werkzeug - INFO - 127.0.0.1 - - [06/May/2026 12:34:30] "[32mPOST /login HTTP/1.1[0m" 302 -
2026-05-06 12:34:30,255 - werkzeug - INFO - 127.0.0.1 - - [06/May/2026 12:34:30] "GET / HTTP/1.1" 200 -
2026-05-06 12:34:31,278 - httpx - INFO - HTTP Request: POST https://tapi.bale.ai/bot2029474166:MzkMDmPbKHhF6JT0Dn9AYuq84mnTq20L1wk/getUpdates "HTTP/1.1 200 OK"
2026-05-06 12:34:31,329 - balethon.network.connection - INFO - [getUpdates] JSON{'offset': 64}
2026-05-06 12:34:35,699 - httpx - INFO - HTTP Request: POST https://tapi.bale.ai/bot2029474166:MzkMDmPbKHhF6JT0Dn9AYuq84mnTq20L1wk/getUpdates "HTTP/1.1 200 OK"
2026-05-06 12:34:35,755 - balethon.network.connection - INFO - [getUpdates] JSON{'offset': 65}
2026-05-06 12:34:35,762 - bot - INFO - Callback query from user 2062332444: profile
2026-05-06 12:34:35,790 - balethon.network.connection - INFO - [sendMessage] JSON{'chat_id': 2062332444, 'text': '👤 لسیبلبیلر\n📞 +989394573866\n', 'reply_markup': {'inline_keyboard': [[{'text': '✏️ ویرایش پروفایل', 'callback_data': 'edit_profile'}]]}}
2026-05-06 12:34:36,045 - httpx - INFO - HTTP Request: POST https://tapi.bale.ai/bot2029474166:MzkMDmPbKHhF6JT0Dn9AYuq84mnTq20L1wk/sendMessage "HTTP/1.1 200 OK"
2026-05-06 12:34:36,111 - balethon.network.connection - INFO - [answerCallbackQuery] JSON{'callback_query_id': '8659746174445802738', 'text': '', 'show_alert': False}
2026-05-06 12:34:36,158 - httpx - INFO - HTTP Request: POST https://tapi.bale.ai/bot2029474166:MzkMDmPbKHhF6JT0Dn9AYuq84mnTq20L1wk/answerCallbackQuery "HTTP/1.1 200 OK"
2026-05-06 12:34:37,163 - httpx - INFO - HTTP Request: POST https://tapi.bale.ai/bot2029474166:MzkMDmPbKHhF6JT0Dn9AYuq84mnTq20L1wk/getUpdates "HTTP/1.1 200 OK"
2026-05-06 12:34:37,201 - balethon.network.connection - INFO - [getUpdates] JSON{'offset': 66}
2026-05-06 12:34:37,207 - bot - INFO - Callback query from user 2062332444: edit_profile
2026-05-06 12:34:37,228 - balethon.network.connection - INFO - [sendMessage] JSON{'chat_id': 2062332444, 'text': '📝 چه چیزی را ویرایش کنید؟', 'reply_markup': {'inline_keyboard': [[{'text': '📝 ویرایش بیوگرافی', 'callback_data': 'edit_bio'}], [{'text': '⭐ ویرایش علاقه\u200cمندی\u200cها', 'callback_data': 'edit_interests'}], [{'text': '🔙 بازگشت', 'callback_data': 'back_profile'}]]}}
2026-05-06 12:34:37,336 - httpx - INFO - HTTP Request: POST https://tapi.bale.ai/bot2029474166:MzkMDmPbKHhF6JT0Dn9AYuq84mnTq20L1wk/sendMessage "HTTP/1.1 200 OK"
2026-05-06 12:34:37,456 - balethon.network.connection - INFO - [answerCallbackQuery] JSON{'callback_query_id': '2403579499888829695', 'text': '', 'show_alert': False}
2026-05-06 12:34:37,506 - httpx - INFO - HTTP Request: POST https://tapi.bale.ai/bot2029474166:MzkMDmPbKHhF6JT0Dn9AYuq84mnTq20L1wk/answerCallbackQuery "HTTP/1.1 200 OK"
2026-05-06 12:34:42,297 - httpx - INFO - HTTP Request: POST https://tapi.bale.ai/bot2029474166:MzkMDmPbKHhF6JT0Dn9AYuq84mnTq20L1wk/getUpdates "HTTP/1.1 200 OK"
2026-05-06 12:34:42,320 - balethon.network.connection - INFO - [getUpdates] JSON{'offset': 66}
2026-05-06 12:34:42,756 - httpx - INFO - HTTP Request: POST https://tapi.bale.ai/bot2029474166:MzkMDmPbKHhF6JT0Dn9AYuq84mnTq20L1wk/getUpdates "HTTP/1.1 200 OK"
2026-05-06 12:34:42,806 - balethon.network.connection - INFO - [getUpdates] JSON{'offset': 67}
2026-05-06 12:34:42,812 - bot - INFO - Callback query from user 2062332444: edit_bio
2026-05-06 12:34:42,844 - balethon.network.connection - INFO - [sendMessage] JSON{'chat_id': 2062332444, 'text': '📝 بیوگرافی خود را وارد کنید:'}
2026-05-06 12:34:43,874 - httpx - INFO - HTTP Request: POST https://tapi.bale.ai/bot2029474166:MzkMDmPbKHhF6JT0Dn9AYuq84mnTq20L1wk/sendMessage "HTTP/1.1 200 OK"
2026-05-06 12:34:43,948 - balethon.network.connection - INFO - [answerCallbackQuery] JSON{'callback_query_id': '2618835825406374325', 'text': '', 'show_alert': False}
2026-05-06 12:34:44,014 - httpx - INFO - HTTP Request: POST https://tapi.bale.ai/bot2029474166:MzkMDmPbKHhF6JT0Dn9AYuq84mnTq20L1wk/answerCallbackQuery "HTTP/1.1 200 OK"
2026-05-06 12:34:48,085 - httpx - INFO - HTTP Request: POST https://tapi.bale.ai/bot2029474166:MzkMDmPbKHhF6JT0Dn9AYuq84mnTq20L1wk/getUpdates "HTTP/1.1 200 OK"
2026-05-06 12:34:48,162 - balethon.network.connection - INFO - [getUpdates] JSON{'offset': 67}
2026-05-06 12:34:48,223 - httpx - INFO - HTTP Request: POST https://tapi.bale.ai/bot2029474166:MzkMDmPbKHhF6JT0Dn9AYuq84mnTq20L1wk/getUpdates "HTTP/1.1 200 OK"
2026-05-06 12:34:48,333 - balethon.network.connection - INFO - [getUpdates] JSON{'offset': 68}
2026-05-06 12:34:48,342 - bot - INFO - Message from user 2062332444: سلام
2026-05-06 12:34:48,399 - balethon.network.connection - INFO - [sendMessage] JSON{'chat_id': 2062332444, 'text': '✅ بیوگرافی بروزرسانی شد!'}
2026-05-06 12:34:48,512 - httpx - INFO - HTTP Request: POST https://tapi.bale.ai/bot2029474166:MzkMDmPbKHhF6JT0Dn9AYuq84mnTq20L1wk/sendMessage "HTTP/1.1 200 OK"
2026-05-06 12:34:48,544 - handlers.profile - INFO - User bio updated: لسیبلبیلر
2026-05-06 12:34:53,606 - httpx - INFO - HTTP Request: POST https://tapi.bale.ai/bot2029474166:MzkMDmPbKHhF6JT0Dn9AYuq84mnTq20L1wk/getUpdates "HTTP/1.1 200 OK"
2026-05-06 12:34:53,633 - balethon.network.connection - INFO - [getUpdates] JSON{'offset': 68}
2026-05-06 12:34:58,684 - httpx - INFO - HTTP Request: POST https://tapi.bale.ai/bot2029474166:MzkMDmPbKHhF6JT0Dn9AYuq84mnTq20L1wk/getUpdates "HTTP/1.1 200 OK"
2026-05-06 12:34:58,714 - balethon.network.connection - INFO - [getUpdates] JSON{'offset': 68}
2026-05-06 12:35:00,909 - werkzeug - INFO - 127.0.0.1 - - [06/May/2026 12:35:00] "GET /api/stats HTTP/1.1" 200 -
2026-05-06 12:35:01,051 - werkzeug - INFO - 127.0.0.1 - - [06/May/2026 12:35:01] "GET /penalties HTTP/1.1" 200 -
2026-05-06 12:35:03,972 - httpx - INFO - HTTP Request: POST https://tapi.bale.ai/bot2029474166:MzkMDmPbKHhF6JT0Dn9AYuq84mnTq20L1wk/getUpdates "HTTP/1.1 200 OK"
2026-05-06 12:35:04,016 - balethon.network.connection - INFO - [getUpdates] JSON{'offset': 68}
2026-05-06 12:35:06,240 - werkzeug - INFO - 127.0.0.1 - - [06/May/2026 12:35:06] "[32mPOST /penalties/pay/1 HTTP/1.1[0m" 302 -
2026-05-06 12:35:06,282 - werkzeug - INFO - 127.0.0.1 - - [06/May/2026 12:35:06] "GET /penalties HTTP/1.1" 200 -
2026-05-06 12:35:09,063 - httpx - INFO - HTTP Request: POST https://tapi.bale.ai/bot2029474166:MzkMDmPbKHhF6JT0Dn9AYuq84mnTq20L1wk/getUpdates "HTTP/1.1 200 OK"
2026-05-06 12:35:09,093 - balethon.network.connection - INFO - [getUpdates] JSON{'offset': 68}
2026-05-06 12:35:14,141 - httpx - INFO - HTTP Request: POST https://tapi.bale.ai/bot2029474166:MzkMDmPbKHhF6JT0Dn9AYuq84mnTq20L1wk/getUpdates "HTTP/1.1 200 OK"
2026-05-06 12:35:14,165 - balethon.network.connection - INFO - [getUpdates] JSON{'offset': 68}
2026-05-06 12:35:19,232 - httpx - INFO - HTTP Request: POST https://tapi.bale.ai/bot2029474166:MzkMDmPbKHhF6JT0Dn9AYuq84mnTq20L1wk/getUpdates "HTTP/1.1 200 OK"
2026-05-06 12:35:19,255 - balethon.network.connection - INFO - [getUpdates] JSON{'offset': 68}
2026-05-06 12:35:24,525 - httpx - INFO - HTTP Request: POST https://tapi.bale.ai/bot2029474166:MzkMDmPbKHhF6JT0Dn9AYuq84mnTq20L1wk/getUpdates "HTTP/1.1 200 OK"
2026-05-06 12:35:24,556 - balethon.network.connection - INFO - [getUpdates] JSON{'offset': 68}
2026-05-06 12:35:29,510 - httpx - INFO - HTTP Request: POST https://tapi.bale.ai/bot2029474166:MzkMDmPbKHhF6JT0Dn9AYuq84mnTq20L1wk/getUpdates "HTTP/1.1 200 OK"
2026-05-06 12:35:29,573 - balethon.network.connection - INFO - [getUpdates] JSON{'offset': 69}
2026-05-06 12:35:29,580 - bot - INFO - Callback query from user 2062332444: daily_report
2026-05-06 12:35:29,608 - balethon.network.connection - INFO - [sendMessage] JSON{'chat_id': 2062332444, 'text': '📊 ثبت گزارش روزانه\n\n📅 امروز: دوشنبه 64510/05/09\n\n⬛️ لطفاً ساعت کاری اصلی را وارد کنید:\n(مثال: 6 یا 6.5)'}
2026-05-06 12:35:29,913 - httpx - INFO - HTTP Request: POST https://tapi.bale.ai/bot2029474166:MzkMDmPbKHhF6JT0Dn9AYuq84mnTq20L1wk/sendMessage "HTTP/1.1 200 OK"
2026-05-06 12:35:29,969 - balethon.network.connection - INFO - [answerCallbackQuery] JSON{'callback_query_id': '6009577810756705326', 'text': '', 'show_alert': False}
2026-05-06 12:35:30,014 - httpx - INFO - HTTP Request: POST https://tapi.bale.ai/bot2029474166:MzkMDmPbKHhF6JT0Dn9AYuq84mnTq20L1wk/answerCallbackQuery "HTTP/1.1 200 OK"
2026-05-06 12:35:34,687 - httpx - INFO - HTTP Request: POST https://tapi.bale.ai/bot2029474166:MzkMDmPbKHhF6JT0Dn9AYuq84mnTq20L1wk/getUpdates "HTTP/1.1 200 OK"
2026-05-06 12:35:34,714 - balethon.network.connection - INFO - [getUpdates] JSON{'offset': 69}
2026-05-06 12:35:38,103 - httpx - INFO - HTTP Request: POST https://tapi.bale.ai/bot2029474166:MzkMDmPbKHhF6JT0Dn9AYuq84mnTq20L1wk/getUpdates "HTTP/1.1 200 OK"
2026-05-06 12:35:38,211 - balethon.network.connection - INFO - [getUpdates] JSON{'offset': 70}
2026-05-06 12:35:38,252 - bot - INFO - Message from user 2062332444: 5
2026-05-06 12:35:38,306 - balethon.network.connection - INFO - [sendMessage] JSON{'chat_id': 2062332444, 'text': '🔵 لطفاً ساعت کاری فرعی را وارد کنید:\n(ورزش، پادکست، یادگیری، ...)\n\n(مثال: 2 یا 2.5)'}
2026-05-06 12:35:38,846 - httpx - INFO - HTTP Request: POST https://tapi.bale.ai/bot2029474166:MzkMDmPbKHhF6JT0Dn9AYuq84mnTq20L1wk/sendMessage "HTTP/1.1 200 OK"
2026-05-06 12:35:40,491 - httpx - INFO - HTTP Request: POST https://tapi.bale.ai/bot2029474166:MzkMDmPbKHhF6JT0Dn9AYuq84mnTq20L1wk/getUpdates "HTTP/1.1 200 OK"
2026-05-06 12:35:40,539 - balethon.network.connection - INFO - [getUpdates] JSON{'offset': 71}
2026-05-06 12:35:40,548 - bot - INFO - Message from user 2062332444: 1
2026-05-06 12:35:40,590 - database.db - INFO - Report added: user_id=1, date=64510/05/09
2026-05-06 12:35:40,590 - services.reports - INFO - Report submitted: user_id=1, date=64510/05/09
2026-05-06 12:35:40,612 - balethon.network.connection - INFO - [sendMessage] JSON{'chat_id': 2062332444, 'text': '✅ گزارش شما ثبت شد!\n\n👤 لسیبلبیلر\n⬛️ اصلی: 5.0\n🔵 فرعی: 1.0\n➕ مجموع: 6.0'}
2026-05-06 12:35:40,878 - httpx - INFO - HTTP Request: POST https://tapi.bale.ai/bot2029474166:MzkMDmPbKHhF6JT0Dn9AYuq84mnTq20L1wk/sendMessage "HTTP/1.1 200 OK"
2026-05-06 12:35:40,926 - balethon.network.connection - INFO - [sendMessage] JSON{'chat_id': 4365329116, 'text': '👤 لسیبلبیلر\n📌 اصلی: 5.0\n📌 فرعی: 1.0\n➕ مجموع: 6.0\n📅 دوشنبه 64510/05/09'}
2026-05-06 12:35:41,099 - httpx - INFO - HTTP Request: POST https://tapi.bale.ai/bot2029474166:MzkMDmPbKHhF6JT0Dn9AYuq84mnTq20L1wk/sendMessage "HTTP/1.1 200 OK"
2026-05-06 12:35:41,133 - handlers.tasks - INFO - Group notification sent for user لسیبلبیلر
2026-05-06 12:35:41,136 - handlers.tasks - INFO - Report submitted: user=لسیبلبیلر, main=5.0, side=1.0
2026-05-06 12:35:45,838 - httpx - INFO - HTTP Request: POST https://tapi.bale.ai/bot2029474166:MzkMDmPbKHhF6JT0Dn9AYuq84mnTq20L1wk/getUpdates "HTTP/1.1 200 OK"
2026-05-06 12:35:45,865 - balethon.network.connection - INFO - [getUpdates] JSON{'offset': 71}
2026-05-06 12:35:50,950 - httpx - INFO - HTTP Request: POST https://tapi.bale.ai/bot2029474166:MzkMDmPbKHhF6JT0Dn9AYuq84mnTq20L1wk/getUpdates "HTTP/1.1 200 OK"
2026-05-06 12:35:50,980 - balethon.network.connection - INFO - [getUpdates] JSON{'offset': 71}
2026-05-06 12:35:56,046 - httpx - INFO - HTTP Request: POST https://tapi.bale.ai/bot2029474166:MzkMDmPbKHhF6JT0Dn9AYuq84mnTq20L1wk/getUpdates "HTTP/1.1 200 OK"
2026-05-06 12:35:56,079 - balethon.network.connection - INFO - [getUpdates] JSON{'offset': 71}
2026-05-06 12:36:01,126 - httpx - INFO - HTTP Request: POST https://tapi.bale.ai/bot2029474166:MzkMDmPbKHhF6JT0Dn9AYuq84mnTq20L1wk/getUpdates "HTTP/1.1 200 OK"
2026-05-06 12:36:01,132 - balethon.network.connection - INFO - [getUpdates] JSON{'offset': 71}
2026-05-06 12:36:06,188 - httpx - INFO - HTTP Request: POST https://tapi.bale.ai/bot2029474166:MzkMDmPbKHhF6JT0Dn9AYuq84mnTq20L1wk/getUpdates "HTTP/1.1 200 OK"
2026-05-06 12:36:06,195 - balethon.network.connection - INFO - [getUpdates] JSON{'offset': 71}
2026-05-06 12:36:11,239 - httpx - INFO - HTTP Request: POST https://tapi.bale.ai/bot2029474166:MzkMDmPbKHhF6JT0Dn9AYuq84mnTq20L1wk/getUpdates "HTTP/1.1 200 OK"
2026-05-06 12:36:11,247 - balethon.network.connection - INFO - [getUpdates] JSON{'offset': 71}
2026-05-06 12:36:16,313 - httpx - INFO - HTTP Request: POST https://tapi.bale.ai/bot2029474166:MzkMDmPbKHhF6JT0Dn9AYuq84mnTq20L1wk/getUpdates "HTTP/1.1 200 OK"
2026-05-06 12:36:16,316 - balethon.network.connection - INFO - [getUpdates] JSON{'offset': 71}
2026-05-06 12:36:21,466 - httpx - INFO - HTTP Request: POST https://tapi.bale.ai/bot2029474166:MzkMDmPbKHhF6JT0Dn9AYuq84mnTq20L1wk/getUpdates "HTTP/1.1 200 OK"
2026-05-06 12:36:21,474 - balethon.network.connection - INFO - [getUpdates] JSON{'offset': 71}
2026-05-06 12:36:24,195 - werkzeug - INFO - 127.0.0.1 - - [06/May/2026 12:36:24] "GET /reports HTTP/1.1" 200 -
2026-05-06 12:36:26,508 - httpx - INFO - HTTP Request: POST https://tapi.bale.ai/bot2029474166:MzkMDmPbKHhF6JT0Dn9AYuq84mnTq20L1wk/getUpdates "HTTP/1.1 200 OK"
2026-05-06 12:36:26,537 - balethon.network.connection - INFO - [getUpdates] JSON{'offset': 71}
2026-05-06 12:36:31,605 - httpx - INFO - HTTP Request: POST https://tapi.bale.ai/bot2029474166:MzkMDmPbKHhF6JT0Dn9AYuq84mnTq20L1wk/getUpdates "HTTP/1.1 200 OK"
2026-05-06 12:36:31,653 - balethon.network.connection - INFO - [getUpdates] JSON{'offset': 71}
2026-05-06 12:36:36,728 - httpx - INFO - HTTP Request: POST https://tapi.bale.ai/bot2029474166:MzkMDmPbKHhF6JT0Dn9AYuq84mnTq20L1wk/getUpdates "HTTP/1.1 200 OK"
2026-05-06 12:36:36,762 - balethon.network.connection - INFO - [getUpdates] JSON{'offset': 71}
2026-05-06 12:36:41,814 - httpx - INFO - HTTP Request: POST https://tapi.bale.ai/bot2029474166:MzkMDmPbKHhF6JT0Dn9AYuq84mnTq20L1wk/getUpdates "HTTP/1.1 200 OK"
2026-05-06 12:36:41,842 - balethon.network.connection - INFO - [getUpdates] JSON{'offset': 71}
2026-05-06 12:36:46,904 - httpx - INFO - HTTP Request: POST https://tapi.bale.ai/bot2029474166:MzkMDmPbKHhF6JT0Dn9AYuq84mnTq20L1wk/getUpdates "HTTP/1.1 200 OK"
2026-05-06 12:36:46,932 - balethon.network.connection - INFO - [getUpdates] JSON{'offset': 71}
2026-05-06 12:36:52,027 - httpx - INFO - HTTP Request: POST https://tapi.bale.ai/bot2029474166:MzkMDmPbKHhF6JT0Dn9AYuq84mnTq20L1wk/getUpdates "HTTP/1.1 200 OK"
2026-05-06 12:36:52,076 - balethon.network.connection - INFO - [getUpdates] JSON{'offset': 71}
2026-05-06 12:36:57,170 - httpx - INFO - HTTP Request: POST https://tapi.bale.ai/bot2029474166:MzkMDmPbKHhF6JT0Dn9AYuq84mnTq20L1wk/getUpdates "HTTP/1.1 200 OK"
2026-05-06 12:36:57,186 - balethon.network.connection - INFO - [getUpdates] JSON{'offset': 71}
2026-05-06 12:37:02,602 - httpx - INFO - HTTP Request: POST https://tapi.bale.ai/bot2029474166:MzkMDmPbKHhF6JT0Dn9AYuq84mnTq20L1wk/getUpdates "HTTP/1.1 200 OK"
2026-05-06 12:37:02,608 - balethon.network.connection - INFO - [getUpdates] JSON{'offset': 71}
2026-05-06 12:37:07,682 - httpx - INFO - HTTP Request: POST https://tapi.bale.ai/bot2029474166:MzkMDmPbKHhF6JT0Dn9AYuq84mnTq20L1wk/getUpdates "HTTP/1.1 200 OK"
2026-05-06 12:37:07,687 - balethon.network.connection - INFO - [getUpdates] JSON{'offset': 71}
2026-05-06 12:37:12,755 - httpx - INFO - HTTP Request: POST https://tapi.bale.ai/bot2029474166:MzkMDmPbKHhF6JT0Dn9AYuq84mnTq20L1wk/getUpdates "HTTP/1.1 200 OK"
2026-05-06 12:37:12,766 - balethon.network.connection - INFO - [getUpdates] JSON{'offset': 71}
2026-05-06 12:37:18,094 - httpx - INFO - HTTP Request: POST https://tapi.bale.ai/bot2029474166:MzkMDmPbKHhF6JT0Dn9AYuq84mnTq20L1wk/getUpdates "HTTP/1.1 200 OK"
2026-05-06 12:37:18,117 - balethon.network.connection - INFO - [getUpdates] JSON{'offset': 71}
2026-05-06 12:37:23,168 - httpx - INFO - HTTP Request: POST https://tapi.bale.ai/bot2029474166:MzkMDmPbKHhF6JT0Dn9AYuq84mnTq20L1wk/getUpdates "HTTP/1.1 200 OK"
2026-05-06 12:37:23,181 - balethon.network.connection - INFO - [getUpdates] JSON{'offset': 71}
2026-05-06 12:37:28,240 - httpx - INFO - HTTP Request: POST https://tapi.bale.ai/bot2029474166:MzkMDmPbKHhF6JT0Dn9AYuq84mnTq20L1wk/getUpdates "HTTP/1.1 200 OK"
2026-05-06 12:37:28,253 - balethon.network.connection - INFO - [getUpdates] JSON{'offset': 71}
2026-05-06 12:37:33,329 - httpx - INFO - HTTP Request: POST https://tapi.bale.ai/bot2029474166:MzkMDmPbKHhF6JT0Dn9AYuq84mnTq20L1wk/getUpdates "HTTP/1.1 200 OK"
2026-05-06 12:37:33,335 - balethon.network.connection - INFO - [getUpdates] JSON{'offset': 71}
2026-05-06 12:37:38,436 - httpx - INFO - HTTP Request: POST https://tapi.bale.ai/bot2029474166:MzkMDmPbKHhF6JT0Dn9AYuq84mnTq20L1wk/getUpdates "HTTP/1.1 200 OK"
2026-05-06 12:37:38,444 - balethon.network.connection - INFO - [getUpdates] JSON{'offset': 71}
2026-05-06 12:37:43,688 - httpx - INFO - HTTP Request: POST https://tapi.bale.ai/bot2029474166:MzkMDmPbKHhF6JT0Dn9AYuq84mnTq20L1wk/getUpdates "HTTP/1.1 200 OK"
2026-05-06 12:37:43,692 - balethon.network.connection - INFO - [getUpdates] JSON{'offset': 71}
2026-05-06 12:37:48,737 - httpx - INFO - HTTP Request: POST https://tapi.bale.ai/bot2029474166:MzkMDmPbKHhF6JT0Dn9AYuq84mnTq20L1wk/getUpdates "HTTP/1.1 200 OK"
2026-05-06 12:37:48,743 - balethon.network.connection - INFO - [getUpdates] JSON{'offset': 71}
2026-05-06 12:37:53,789 - httpx - INFO - HTTP Request: POST https://tapi.bale.ai/bot2029474166:MzkMDmPbKHhF6JT0Dn9AYuq84mnTq20L1wk/getUpdates "HTTP/1.1 200 OK"
2026-05-06 12:37:53,795 - balethon.network.connection - INFO - [getUpdates] JSON{'offset': 71}
2026-05-06 12:37:58,870 - httpx - INFO - HTTP Request: POST https://tapi.bale.ai/bot2029474166:MzkMDmPbKHhF6JT0Dn9AYuq84mnTq20L1wk/getUpdates "HTTP/1.1 200 OK"
2026-05-06 12:37:58,878 - balethon.network.connection - INFO - [getUpdates] JSON{'offset': 71}
2026-05-06 12:38:03,963 - httpx - INFO - HTTP Request: POST https://tapi.bale.ai/bot2029474166:MzkMDmPbKHhF6JT0Dn9AYuq84mnTq20L1wk/getUpdates "HTTP/1.1 200 OK"
2026-05-06 12:38:03,966 - balethon.network.connection - INFO - [getUpdates] JSON{'offset': 71}
2026-05-06 12:38:05,847 - bot - INFO - Bot started successfully
2026-05-06 12:44:43,467 - __main__ - INFO - ==================================================
2026-05-06 12:44:43,467 - __main__ - INFO -   EliteUniteTime — Bot + Dashboard
2026-05-06 12:44:43,467 - __main__ - INFO - ==================================================
2026-05-06 12:44:43,468 - __main__ - INFO - Dashboard thread started
2026-05-06 12:44:44,058 - database.db - INFO - Table 'users' initialized successfully
2026-05-06 12:44:44,061 - database.db - INFO - Table 'reports' initialized successfully
2026-05-06 12:44:44,064 - database.db - INFO - Table 'penalties' initialized successfully
2026-05-06 12:44:44,080 - __main__ - INFO - Dashboard starting on http://0.0.0.0:5000
2026-05-06 12:44:44,111 - werkzeug - INFO - [31m[1mWARNING: This is a development server. Do not use it in a production deployment. Use a production WSGI server instead.[0m
 * Running on all addresses (0.0.0.0)
 * Running on http://127.0.0.1:5000
 * Running on http://10.180.140.240:5000
2026-05-06 12:44:44,112 - werkzeug - INFO - [33mPress CTRL+C to quit[0m
2026-05-06 12:44:44,286 - werkzeug - INFO - 127.0.0.1 - - [06/May/2026 12:44:44] "GET /users HTTP/1.1" 200 -
2026-05-06 12:44:44,840 - database.db - INFO - Table 'users' initialized successfully
2026-05-06 12:44:44,840 - database.db - INFO - Table 'reports' initialized successfully
2026-05-06 12:44:44,841 - database.db - INFO - Table 'penalties' initialized successfully
2026-05-06 12:44:44,842 - bot - INFO - Database initialized
2026-05-06 12:44:44,842 - bot - INFO - Scheduler service initialized
2026-05-06 12:44:44,843 - bot - INFO - All handlers initialized
2026-05-06 12:44:44,843 - bot - INFO - Bale client initialized
2026-05-06 12:44:44,844 - bot - INFO - Message and callback handlers registered
2026-05-06 12:44:44,844 - bot - INFO - Starting EliteUniteTime bot...
2026-05-06 12:44:44,844 - apscheduler.scheduler - INFO - Adding job tentatively -- it will be properly scheduled when the scheduler starts
2026-05-06 12:44:44,844 - services.scheduler - INFO - Missing report check job added: daily at 10:00 Asia/Tehran
2026-05-06 12:44:44,844 - apscheduler.scheduler - INFO - Added job "Check missing daily reports" to job store "default"
2026-05-06 12:44:44,845 - apscheduler.scheduler - INFO - Scheduler started
2026-05-06 12:44:44,845 - services.scheduler - INFO - Scheduler started successfully
2026-05-06 12:44:44,845 - bot - INFO - Scheduler started successfully
2026-05-06 12:44:45,405 - httpx - INFO - HTTP Request: GET https://tapi.bale.ai/bot2029474166:MzkMDmPbKHhF6JT0Dn9AYuq84mnTq20L1wk/getMe "HTTP/1.1 200 OK"
2026-05-06 12:44:45,457 - httpx - INFO - HTTP Request: GET https://tapi.bale.ai/bot2029474166:MzkMDmPbKHhF6JT0Dn9AYuq84mnTq20L1wk/deleteWebhook "HTTP/1.1 200 OK"
2026-05-06 12:44:45,715 - werkzeug - INFO - 127.0.0.1 - - [06/May/2026 12:44:45] "GET /users HTTP/1.1" 200 -
2026-05-06 12:44:50,539 - httpx - INFO - HTTP Request: POST https://tapi.bale.ai/bot2029474166:MzkMDmPbKHhF6JT0Dn9AYuq84mnTq20L1wk/getUpdates "HTTP/1.1 200 OK"
2026-05-06 12:44:55,611 - httpx - INFO - HTTP Request: POST https://tapi.bale.ai/bot2029474166:MzkMDmPbKHhF6JT0Dn9AYuq84mnTq20L1wk/getUpdates "HTTP/1.1 200 OK"
2026-05-06 12:45:00,667 - httpx - INFO - HTTP Request: POST https://tapi.bale.ai/bot2029474166:MzkMDmPbKHhF6JT0Dn9AYuq84mnTq20L1wk/getUpdates "HTTP/1.1 200 OK"
2026-05-06 12:45:05,490 - werkzeug - INFO - 127.0.0.1 - - [06/May/2026 12:45:05] "GET / HTTP/1.1" 200 -
2026-05-06 12:45:05,761 - httpx - INFO - HTTP Request: POST https://tapi.bale.ai/bot2029474166:MzkMDmPbKHhF6JT0Dn9AYuq84mnTq20L1wk/getUpdates "HTTP/1.1 200 OK"
2026-05-06 12:45:10,987 - httpx - INFO - HTTP Request: POST https://tapi.bale.ai/bot2029474166:MzkMDmPbKHhF6JT0Dn9AYuq84mnTq20L1wk/getUpdates "HTTP/1.1 200 OK"
2026-05-06 12:45:16,054 - httpx - INFO - HTTP Request: POST https://tapi.bale.ai/bot2029474166:MzkMDmPbKHhF6JT0Dn9AYuq84mnTq20L1wk/getUpdates "HTTP/1.1 200 OK"
2026-05-06 12:45:21,129 - httpx - INFO - HTTP Request: POST https://tapi.bale.ai/bot2029474166:MzkMDmPbKHhF6JT0Dn9AYuq84mnTq20L1wk/getUpdates "HTTP/1.1 200 OK"
2026-05-06 12:45:26,182 - httpx - INFO - HTTP Request: POST https://tapi.bale.ai/bot2029474166:MzkMDmPbKHhF6JT0Dn9AYuq84mnTq20L1wk/getUpdates "HTTP/1.1 200 OK"
2026-05-06 12:45:31,276 - httpx - INFO - HTTP Request: POST https://tapi.bale.ai/bot2029474166:MzkMDmPbKHhF6JT0Dn9AYuq84mnTq20L1wk/getUpdates "HTTP/1.1 200 OK"
2026-05-06 12:45:35,942 - werkzeug - INFO - 127.0.0.1 - - [06/May/2026 12:45:35] "GET /api/stats HTTP/1.1" 200 -
2026-05-06 12:45:36,338 - httpx - INFO - HTTP Request: POST https://tapi.bale.ai/bot2029474166:MzkMDmPbKHhF6JT0Dn9AYuq84mnTq20L1wk/getUpdates "HTTP/1.1 200 OK"
2026-05-06 12:45:41,436 - httpx - INFO - HTTP Request: POST https://tapi.bale.ai/bot2029474166:MzkMDmPbKHhF6JT0Dn9AYuq84mnTq20L1wk/getUpdates "HTTP/1.1 200 OK"
2026-05-06 12:45:46,497 - httpx - INFO - HTTP Request: POST https://tapi.bale.ai/bot2029474166:MzkMDmPbKHhF6JT0Dn9AYuq84mnTq20L1wk/getUpdates "HTTP/1.1 200 OK"
2026-05-06 12:45:51,561 - httpx - INFO - HTTP Request: POST https://tapi.bale.ai/bot2029474166:MzkMDmPbKHhF6JT0Dn9AYuq84mnTq20L1wk/getUpdates "HTTP/1.1 200 OK"
2026-05-06 12:45:56,647 - httpx - INFO - HTTP Request: POST https://tapi.bale.ai/bot2029474166:MzkMDmPbKHhF6JT0Dn9AYuq84mnTq20L1wk/getUpdates "HTTP/1.1 200 OK"
2026-05-06 12:46:01,764 - httpx - INFO - HTTP Request: POST https://tapi.bale.ai/bot2029474166:MzkMDmPbKHhF6JT0Dn9AYuq84mnTq20L1wk/getUpdates "HTTP/1.1 200 OK"
2026-05-06 12:46:05,948 - werkzeug - INFO - 127.0.0.1 - - [06/May/2026 12:46:05] "GET /api/stats HTTP/1.1" 200 -
2026-05-06 12:46:06,810 - httpx - INFO - HTTP Request: POST https://tapi.bale.ai/bot2029474166:MzkMDmPbKHhF6JT0Dn9AYuq84mnTq20L1wk/getUpdates "HTTP/1.1 200 OK"
2026-05-06 12:46:11,850 - httpx - INFO - HTTP Request: POST https://tapi.bale.ai/bot2029474166:MzkMDmPbKHhF6JT0Dn9AYuq84mnTq20L1wk/getUpdates "HTTP/1.1 200 OK"
2026-05-06 12:46:16,911 - httpx - INFO - HTTP Request: POST https://tapi.bale.ai/bot2029474166:MzkMDmPbKHhF6JT0Dn9AYuq84mnTq20L1wk/getUpdates "HTTP/1.1 200 OK"
2026-05-06 12:46:21,956 - httpx - INFO - HTTP Request: POST https://tapi.bale.ai/bot2029474166:MzkMDmPbKHhF6JT0Dn9AYuq84mnTq20L1wk/getUpdates "HTTP/1.1 200 OK"
2026-05-06 12:46:27,043 - httpx - INFO - HTTP Request: POST https://tapi.bale.ai/bot2029474166:MzkMDmPbKHhF6JT0Dn9AYuq84mnTq20L1wk/getUpdates "HTTP/1.1 200 OK"
2026-05-06 12:46:32,119 - httpx - INFO - HTTP Request: POST https://tapi.bale.ai/bot2029474166:MzkMDmPbKHhF6JT0Dn9AYuq84mnTq20L1wk/getUpdates "HTTP/1.1 200 OK"
2026-05-06 12:46:35,589 - werkzeug - INFO - 127.0.0.1 - - [06/May/2026 12:46:35] "GET /api/stats HTTP/1.1" 200 -
2026-05-06 12:46:37,214 - httpx - INFO - HTTP Request: POST https://tapi.bale.ai/bot2029474166:MzkMDmPbKHhF6JT0Dn9AYuq84mnTq20L1wk/getUpdates "HTTP/1.1 200 OK"
2026-05-06 12:46:42,313 - httpx - INFO - HTTP Request: POST https://tapi.bale.ai/bot2029474166:MzkMDmPbKHhF6JT0Dn9AYuq84mnTq20L1wk/getUpdates "HTTP/1.1 200 OK"
2026-05-06 12:46:47,410 - httpx - INFO - HTTP Request: POST https://tapi.bale.ai/bot2029474166:MzkMDmPbKHhF6JT0Dn9AYuq84mnTq20L1wk/getUpdates "HTTP/1.1 200 OK"
2026-05-06 12:46:52,468 - httpx - INFO - HTTP Request: POST https://tapi.bale.ai/bot2029474166:MzkMDmPbKHhF6JT0Dn9AYuq84mnTq20L1wk/getUpdates "HTTP/1.1 200 OK"
2026-05-06 12:46:57,517 - httpx - INFO - HTTP Request: POST https://tapi.bale.ai/bot2029474166:MzkMDmPbKHhF6JT0Dn9AYuq84mnTq20L1wk/getUpdates "HTTP/1.1 200 OK"
2026-05-06 12:47:02,639 - httpx - INFO - HTTP Request: POST https://tapi.bale.ai/bot2029474166:MzkMDmPbKHhF6JT0Dn9AYuq84mnTq20L1wk/getUpdates "HTTP/1.1 200 OK"
2026-05-06 12:47:05,942 - werkzeug - INFO - 127.0.0.1 - - [06/May/2026 12:47:05] "GET /api/stats HTTP/1.1" 200 -
2026-05-06 12:47:07,721 - httpx - INFO - HTTP Request: POST https://tapi.bale.ai/bot2029474166:MzkMDmPbKHhF6JT0Dn9AYuq84mnTq20L1wk/getUpdates "HTTP/1.1 200 OK"
2026-05-06 12:47:09,898 - bot - INFO - Bot started successfully
2026-05-06 12:47:10,796 - __main__ - INFO - ==================================================
2026-05-06 12:47:10,796 - __main__ - INFO -   EliteUniteTime — Bot + Dashboard
2026-05-06 12:47:10,796 - __main__ - INFO - ==================================================
2026-05-06 12:47:10,797 - __main__ - INFO - Dashboard thread started
2026-05-06 12:47:11,201 - database.db - INFO - Table 'users' initialized successfully
2026-05-06 12:47:11,202 - database.db - INFO - Table 'reports' initialized successfully
2026-05-06 12:47:11,202 - database.db - INFO - Table 'penalties' initialized successfully
2026-05-06 12:47:11,213 - __main__ - INFO - Dashboard starting on http://0.0.0.0:5000
2026-05-06 12:47:11,234 - werkzeug - INFO - [31m[1mWARNING: This is a development server. Do not use it in a production deployment. Use a production WSGI server instead.[0m
 * Running on all addresses (0.0.0.0)
 * Running on http://127.0.0.1:5000
 * Running on http://10.180.140.240:5000
2026-05-06 12:47:11,234 - werkzeug - INFO - [33mPress CTRL+C to quit[0m
2026-05-06 12:47:11,649 - database.db - INFO - Table 'users' initialized successfully
2026-05-06 12:47:11,649 - database.db - INFO - Table 'reports' initialized successfully
2026-05-06 12:47:11,650 - database.db - INFO - Table 'penalties' initialized successfully
2026-05-06 12:47:11,650 - bot - INFO - Database initialized
2026-05-06 12:47:11,650 - bot - INFO - Scheduler service initialized
2026-05-06 12:47:11,650 - bot - INFO - All handlers initialized
2026-05-06 12:47:11,650 - bot - INFO - Bale client initialized
2026-05-06 12:47:11,651 - bot - INFO - Message and callback handlers registered
2026-05-06 12:47:11,651 - bot - INFO - Starting EliteUniteTime bot...
2026-05-06 12:47:11,651 - apscheduler.scheduler - INFO - Adding job tentatively -- it will be properly scheduled when the scheduler starts
2026-05-06 12:47:11,651 - services.scheduler - INFO - Missing report check job added: daily at 10:00 Asia/Tehran
2026-05-06 12:47:11,651 - apscheduler.scheduler - INFO - Added job "Check missing daily reports" to job store "default"
2026-05-06 12:47:11,651 - apscheduler.scheduler - INFO - Scheduler started
2026-05-06 12:47:11,652 - services.scheduler - INFO - Scheduler started successfully
2026-05-06 12:47:11,652 - bot - INFO - Scheduler started successfully
2026-05-06 12:47:12,151 - httpx - INFO - HTTP Request: GET https://tapi.bale.ai/bot2029474166:MzkMDmPbKHhF6JT0Dn9AYuq84mnTq20L1wk/getMe "HTTP/1.1 200 OK"
2026-05-06 12:47:12,362 - httpx - INFO - HTTP Request: GET https://tapi.bale.ai/bot2029474166:MzkMDmPbKHhF6JT0Dn9AYuq84mnTq20L1wk/deleteWebhook "HTTP/1.1 200 OK"
2026-05-06 12:47:17,425 - httpx - INFO - HTTP Request: POST https://tapi.bale.ai/bot2029474166:MzkMDmPbKHhF6JT0Dn9AYuq84mnTq20L1wk/getUpdates "HTTP/1.1 200 OK"
2026-05-06 12:47:22,480 - httpx - INFO - HTTP Request: POST https://tapi.bale.ai/bot2029474166:MzkMDmPbKHhF6JT0Dn9AYuq84mnTq20L1wk/getUpdates "HTTP/1.1 200 OK"
2026-05-06 12:47:27,695 - httpx - INFO - HTTP Request: POST https://tapi.bale.ai/bot2029474166:MzkMDmPbKHhF6JT0Dn9AYuq84mnTq20L1wk/getUpdates "HTTP/1.1 200 OK"
2026-05-06 12:47:28,564 - httpx - INFO - HTTP Request: POST https://tapi.bale.ai/bot2029474166:MzkMDmPbKHhF6JT0Dn9AYuq84mnTq20L1wk/getUpdates "HTTP/1.1 200 OK"
2026-05-06 12:47:28,579 - balethon.network.connection - INFO - [getUpdates] JSON{'offset': 72}
2026-05-06 12:47:28,583 - bot - INFO - Message from user 2062332444: /start
2026-05-06 12:47:28,588 - balethon.network.connection - INFO - [sendMessage] JSON{'chat_id': 2062332444, 'text': '📋 منوی اصلی:', 'reply_markup': {'inline_keyboard': [[{'text': '📊 ثبت گزارش روزانه', 'callback_data': 'daily_report'}], [{'text': '📈 گزارش هفتگی', 'callback_data': 'weekly_report'}, {'text': '📅 گزارش ماهانه', 'callback_data': 'monthly_report'}], [{'text': '👤 پروفایل من', 'callback_data': 'profile'}], [{'text': '👥 آشنایی با دوستان', 'callback_data': 'friends'}]]}}
2026-05-06 12:47:28,924 - httpx - INFO - HTTP Request: POST https://tapi.bale.ai/bot2029474166:MzkMDmPbKHhF6JT0Dn9AYuq84mnTq20L1wk/sendMessage "HTTP/1.1 200 OK"
2026-05-06 12:47:33,637 - httpx - INFO - HTTP Request: POST https://tapi.bale.ai/bot2029474166:MzkMDmPbKHhF6JT0Dn9AYuq84mnTq20L1wk/getUpdates "HTTP/1.1 200 OK"
2026-05-06 12:47:33,641 - balethon.network.connection - INFO - [getUpdates] JSON{'offset': 72}
2026-05-06 12:47:33,741 - httpx - INFO - HTTP Request: POST https://tapi.bale.ai/bot2029474166:MzkMDmPbKHhF6JT0Dn9AYuq84mnTq20L1wk/getUpdates "HTTP/1.1 200 OK"
2026-05-06 12:47:33,758 - balethon.network.connection - INFO - [getUpdates] JSON{'offset': 73}
2026-05-06 12:47:33,760 - bot - INFO - Callback query from user 2062332444: weekly_report
2026-05-06 12:47:33,762 - services.reports - INFO - Weekly stats calculated: WeeklyStats(user_id=1, total_hours=17.0h, days=2)
2026-05-06 12:47:33,765 - balethon.network.connection - INFO - [sendMessage] JSON{'chat_id': 2062332444, 'text': '📈 گزارش هفتگی\n👤 لسیبلبیلر\n📅 64510/05/05 تا 64510/05/11\n\n⬛️ ساعت اصلی: 10.0\n🔵 ساعت فرعی: 7.0\n➕ مجموع: 17.0'}
2026-05-06 12:47:34,047 - httpx - INFO - HTTP Request: POST https://tapi.bale.ai/bot2029474166:MzkMDmPbKHhF6JT0Dn9AYuq84mnTq20L1wk/sendMessage "HTTP/1.1 200 OK"
2026-05-06 12:47:34,063 - balethon.network.connection - INFO - [answerCallbackQuery] JSON{'callback_query_id': '4923569096933403531', 'text': '', 'show_alert': False}
2026-05-06 12:47:34,093 - httpx - INFO - HTTP Request: POST https://tapi.bale.ai/bot2029474166:MzkMDmPbKHhF6JT0Dn9AYuq84mnTq20L1wk/answerCallbackQuery "HTTP/1.1 200 OK"
2026-05-06 12:47:35,683 - httpx - INFO - HTTP Request: POST https://tapi.bale.ai/bot2029474166:MzkMDmPbKHhF6JT0Dn9AYuq84mnTq20L1wk/getUpdates "HTTP/1.1 200 OK"
2026-05-06 12:47:35,699 - balethon.network.connection - INFO - [getUpdates] JSON{'offset': 74}
2026-05-06 12:47:35,700 - bot - INFO - Callback query from user 2062332444: monthly_report
2026-05-06 12:47:35,701 - services.reports - INFO - Monthly stats calculated: MonthlyStats(user_id=1, month=64510/05, total_hours=17.0h)
2026-05-06 12:47:35,704 - balethon.network.connection - INFO - [sendMessage] JSON{'chat_id': 2062332444, 'text': '📅 گزارش ماهانه\n👤 لسیبلبیلر\n🗓️  64510/05\n\n⬛️ ساعت اصلی: 10.0\n🔵 ساعت فرعی: 7.0\n➕ مجموع: 17.0\n\n📊 روزهای ثبت شده: 2/31'}
2026-05-06 12:47:35,809 - httpx - INFO - HTTP Request: POST https://tapi.bale.ai/bot2029474166:MzkMDmPbKHhF6JT0Dn9AYuq84mnTq20L1wk/sendMessage "HTTP/1.1 200 OK"
2026-05-06 12:47:35,828 - balethon.network.connection - INFO - [answerCallbackQuery] JSON{'callback_query_id': '4462177285793598098', 'text': '', 'show_alert': False}
2026-05-06 12:47:35,874 - httpx - INFO - HTTP Request: POST https://tapi.bale.ai/bot2029474166:MzkMDmPbKHhF6JT0Dn9AYuq84mnTq20L1wk/answerCallbackQuery "HTTP/1.1 200 OK"
2026-05-06 12:47:35,948 - werkzeug - INFO - 127.0.0.1 - - [06/May/2026 12:47:35] "GET /api/stats HTTP/1.1" 200 -
2026-05-06 12:47:40,751 - httpx - INFO - HTTP Request: POST https://tapi.bale.ai/bot2029474166:MzkMDmPbKHhF6JT0Dn9AYuq84mnTq20L1wk/getUpdates "HTTP/1.1 200 OK"
2026-05-06 12:47:40,755 - balethon.network.connection - INFO - [getUpdates] JSON{'offset': 74}
2026-05-06 12:47:45,802 - httpx - INFO - HTTP Request: POST https://tapi.bale.ai/bot2029474166:MzkMDmPbKHhF6JT0Dn9AYuq84mnTq20L1wk/getUpdates "HTTP/1.1 200 OK"
2026-05-06 12:47:45,810 - balethon.network.connection - INFO - [getUpdates] JSON{'offset': 74}
2026-05-06 12:47:50,858 - httpx - INFO - HTTP Request: POST https://tapi.bale.ai/bot2029474166:MzkMDmPbKHhF6JT0Dn9AYuq84mnTq20L1wk/getUpdates "HTTP/1.1 200 OK"
2026-05-06 12:47:50,862 - balethon.network.connection - INFO - [getUpdates] JSON{'offset': 74}
2026-05-06 12:47:55,920 - httpx - INFO - HTTP Request: POST https://tapi.bale.ai/bot2029474166:MzkMDmPbKHhF6JT0Dn9AYuq84mnTq20L1wk/getUpdates "HTTP/1.1 200 OK"
2026-05-06 12:47:55,930 - balethon.network.connection - INFO - [getUpdates] JSON{'offset': 74}
2026-05-06 12:48:00,976 - httpx - INFO - HTTP Request: POST https://tapi.bale.ai/bot2029474166:MzkMDmPbKHhF6JT0Dn9AYuq84mnTq20L1wk/getUpdates "HTTP/1.1 200 OK"
2026-05-06 12:48:00,986 - balethon.network.connection - INFO - [getUpdates] JSON{'offset': 74}
2026-05-06 12:48:05,942 - werkzeug - INFO - 127.0.0.1 - - [06/May/2026 12:48:05] "GET /api/stats HTTP/1.1" 200 -
2026-05-06 12:48:06,198 - httpx - INFO - HTTP Request: POST https://tapi.bale.ai/bot2029474166:MzkMDmPbKHhF6JT0Dn9AYuq84mnTq20L1wk/getUpdates "HTTP/1.1 200 OK"
2026-05-06 12:48:06,209 - balethon.network.connection - INFO - [getUpdates] JSON{'offset': 74}
2026-05-06 12:48:11,302 - httpx - INFO - HTTP Request: POST https://tapi.bale.ai/bot2029474166:MzkMDmPbKHhF6JT0Dn9AYuq84mnTq20L1wk/getUpdates "HTTP/1.1 200 OK"
2026-05-06 12:48:11,310 - balethon.network.connection - INFO - [getUpdates] JSON{'offset': 74}
2026-05-06 12:48:16,360 - httpx - INFO - HTTP Request: POST https://tapi.bale.ai/bot2029474166:MzkMDmPbKHhF6JT0Dn9AYuq84mnTq20L1wk/getUpdates "HTTP/1.1 200 OK"
2026-05-06 12:48:16,371 - balethon.network.connection - INFO - [getUpdates] JSON{'offset': 74}
2026-05-06 12:48:21,423 - httpx - INFO - HTTP Request: POST https://tapi.bale.ai/bot2029474166:MzkMDmPbKHhF6JT0Dn9AYuq84mnTq20L1wk/getUpdates "HTTP/1.1 200 OK"
2026-05-06 12:48:21,432 - balethon.network.connection - INFO - [getUpdates] JSON{'offset': 74}
2026-05-06 12:48:26,530 - httpx - INFO - HTTP Request: POST https://tapi.bale.ai/bot2029474166:MzkMDmPbKHhF6JT0Dn9AYuq84mnTq20L1wk/getUpdates "HTTP/1.1 200 OK"
2026-05-06 12:48:26,538 - balethon.network.connection - INFO - [getUpdates] JSON{'offset': 74}
2026-05-06 12:48:31,796 - httpx - INFO - HTTP Request: POST https://tapi.bale.ai/bot2029474166:MzkMDmPbKHhF6JT0Dn9AYuq84mnTq20L1wk/getUpdates "HTTP/1.1 200 OK"
2026-05-06 12:48:31,803 - balethon.network.connection - INFO - [getUpdates] JSON{'offset': 74}
2026-05-06 12:48:35,947 - werkzeug - INFO - 127.0.0.1 - - [06/May/2026 12:48:35] "GET /api/stats HTTP/1.1" 200 -
2026-05-06 12:48:36,961 - httpx - INFO - HTTP Request: POST https://tapi.bale.ai/bot2029474166:MzkMDmPbKHhF6JT0Dn9AYuq84mnTq20L1wk/getUpdates "HTTP/1.1 200 OK"
2026-05-06 12:48:36,970 - balethon.network.connection - INFO - [getUpdates] JSON{'offset': 74}
2026-05-06 12:48:42,032 - httpx - INFO - HTTP Request: POST https://tapi.bale.ai/bot2029474166:MzkMDmPbKHhF6JT0Dn9AYuq84mnTq20L1wk/getUpdates "HTTP/1.1 200 OK"
2026-05-06 12:48:42,042 - balethon.network.connection - INFO - [getUpdates] JSON{'offset': 74}
2026-05-06 12:48:47,254 - httpx - INFO - HTTP Request: POST https://tapi.bale.ai/bot2029474166:MzkMDmPbKHhF6JT0Dn9AYuq84mnTq20L1wk/getUpdates "HTTP/1.1 200 OK"
2026-05-06 12:48:47,263 - balethon.network.connection - INFO - [getUpdates] JSON{'offset': 74}
2026-05-06 12:48:52,305 - httpx - INFO - HTTP Request: POST https://tapi.bale.ai/bot2029474166:MzkMDmPbKHhF6JT0Dn9AYuq84mnTq20L1wk/getUpdates "HTTP/1.1 200 OK"
2026-05-06 12:48:52,312 - balethon.network.connection - INFO - [getUpdates] JSON{'offset': 74}
2026-05-06 12:48:57,400 - httpx - INFO - HTTP Request: POST https://tapi.bale.ai/bot2029474166:MzkMDmPbKHhF6JT0Dn9AYuq84mnTq20L1wk/getUpdates "HTTP/1.1 200 OK"
2026-05-06 12:48:57,408 - balethon.network.connection - INFO - [getUpdates] JSON{'offset': 74}
2026-05-06 12:49:02,463 - httpx - INFO - HTTP Request: POST https://tapi.bale.ai/bot2029474166:MzkMDmPbKHhF6JT0Dn9AYuq84mnTq20L1wk/getUpdates "HTTP/1.1 200 OK"
2026-05-06 12:49:02,473 - balethon.network.connection - INFO - [getUpdates] JSON{'offset': 74}
2026-05-06 12:49:07,511 - bot - INFO - Bot started successfully
2026-05-06 12:49:08,600 - __main__ - INFO - ==================================================
2026-05-06 12:49:08,600 - __main__ - INFO -   EliteUniteTime — Bot + Dashboard
2026-05-06 12:49:08,600 - __main__ - INFO - ==================================================
2026-05-06 12:49:08,602 - __main__ - INFO - Dashboard thread started
2026-05-06 12:49:09,056 - database.db - INFO - Table 'users' initialized successfully
2026-05-06 12:49:09,056 - database.db - INFO - Table 'reports' initialized successfully
2026-05-06 12:49:09,056 - database.db - INFO - Table 'penalties' initialized successfully
2026-05-06 12:49:09,068 - __main__ - INFO - Dashboard starting on http://0.0.0.0:5000
2026-05-06 12:49:09,085 - werkzeug - INFO - [31m[1mWARNING: This is a development server. Do not use it in a production deployment. Use a production WSGI server instead.[0m
 * Running on all addresses (0.0.0.0)
 * Running on http://127.0.0.1:5000
 * Running on http://10.180.140.240:5000
2026-05-06 12:49:09,086 - werkzeug - INFO - [33mPress CTRL+C to quit[0m
2026-05-06 12:49:09,520 - database.db - INFO - Table 'users' initialized successfully
2026-05-06 12:49:09,520 - database.db - INFO - Table 'reports' initialized successfully
2026-05-06 12:49:09,521 - database.db - INFO - Table 'penalties' initialized successfully
2026-05-06 12:49:09,521 - bot - INFO - Database initialized
2026-05-06 12:49:09,521 - bot - INFO - Scheduler service initialized
2026-05-06 12:49:09,521 - bot - INFO - All handlers initialized
2026-05-06 12:49:09,521 - bot - INFO - Bale client initialized
2026-05-06 12:49:09,521 - bot - INFO - Message and callback handlers registered
2026-05-06 12:49:09,522 - bot - INFO - Starting EliteUniteTime bot...
2026-05-06 12:49:09,522 - apscheduler.scheduler - INFO - Adding job tentatively -- it will be properly scheduled when the scheduler starts
2026-05-06 12:49:09,522 - services.scheduler - INFO - Missing report check job added: daily at 10:00 Asia/Tehran
2026-05-06 12:49:09,522 - apscheduler.scheduler - INFO - Added job "Check missing daily reports" to job store "default"
2026-05-06 12:49:09,522 - apscheduler.scheduler - INFO - Scheduler started
2026-05-06 12:49:09,523 - services.scheduler - INFO - Scheduler started successfully
2026-05-06 12:49:09,523 - bot - INFO - Scheduler started successfully
2026-05-06 12:49:10,251 - httpx - INFO - HTTP Request: GET https://tapi.bale.ai/bot2029474166:MzkMDmPbKHhF6JT0Dn9AYuq84mnTq20L1wk/getMe "HTTP/1.1 200 OK"
2026-05-06 12:49:10,312 - httpx - INFO - HTTP Request: GET https://tapi.bale.ai/bot2029474166:MzkMDmPbKHhF6JT0Dn9AYuq84mnTq20L1wk/deleteWebhook "HTTP/1.1 200 OK"
2026-05-06 12:49:10,606 - httpx - INFO - HTTP Request: POST https://tapi.bale.ai/bot2029474166:MzkMDmPbKHhF6JT0Dn9AYuq84mnTq20L1wk/getUpdates "HTTP/1.1 200 OK"
2026-05-06 12:49:10,621 - balethon.network.connection - INFO - [getUpdates] JSON{'offset': 75}
2026-05-06 12:49:10,623 - bot - INFO - Message from user 2062332444: /start
2026-05-06 12:49:10,630 - balethon.network.connection - INFO - [sendMessage] JSON{'chat_id': 2062332444, 'text': '📋 منوی اصلی:', 'reply_markup': {'inline_keyboard': [[{'text': '📊 ثبت گزارش روزانه', 'callback_data': 'daily_report'}], [{'text': '📈 گزارش هفتگی', 'callback_data': 'weekly_report'}, {'text': '📅 گزارش ماهانه', 'callback_data': 'monthly_report'}], [{'text': '👤 پروفایل من', 'callback_data': 'profile'}], [{'text': '👥 آشنایی با دوستان', 'callback_data': 'friends'}]]}}
2026-05-06 12:49:11,014 - httpx - INFO - HTTP Request: POST https://tapi.bale.ai/bot2029474166:MzkMDmPbKHhF6JT0Dn9AYuq84mnTq20L1wk/sendMessage "HTTP/1.1 200 OK"
2026-05-06 12:49:12,280 - httpx - INFO - HTTP Request: POST https://tapi.bale.ai/bot2029474166:MzkMDmPbKHhF6JT0Dn9AYuq84mnTq20L1wk/getUpdates "HTTP/1.1 200 OK"
2026-05-06 12:49:12,292 - balethon.network.connection - INFO - [getUpdates] JSON{'offset': 76}
2026-05-06 12:49:12,294 - bot - INFO - Callback query from user 2062332444: daily_report
2026-05-06 12:49:12,301 - balethon.network.connection - INFO - [sendMessage] JSON{'chat_id': 2062332444, 'text': '✅ شما امروز گزارش خود را ثبت کرده\u200cاید.'}
2026-05-06 12:49:12,387 - httpx - INFO - HTTP Request: POST https://tapi.bale.ai/bot2029474166:MzkMDmPbKHhF6JT0Dn9AYuq84mnTq20L1wk/sendMessage "HTTP/1.1 200 OK"
2026-05-06 12:49:12,409 - balethon.network.connection - INFO - [answerCallbackQuery] JSON{'callback_query_id': '5415631391310218437', 'text': '', 'show_alert': False}
2026-05-06 12:49:12,652 - httpx - INFO - HTTP Request: POST https://tapi.bale.ai/bot2029474166:MzkMDmPbKHhF6JT0Dn9AYuq84mnTq20L1wk/answerCallbackQuery "HTTP/1.1 200 OK"
2026-05-06 12:49:14,705 - httpx - INFO - HTTP Request: POST https://tapi.bale.ai/bot2029474166:MzkMDmPbKHhF6JT0Dn9AYuq84mnTq20L1wk/getUpdates "HTTP/1.1 200 OK"
2026-05-06 12:49:14,715 - balethon.network.connection - INFO - [getUpdates] JSON{'offset': 77}
2026-05-06 12:49:14,717 - bot - INFO - Callback query from user 2062332444: weekly_report
2026-05-06 12:49:14,719 - services.reports - INFO - Weekly stats calculated: WeeklyStats(user_id=1, total_hours=17.0h, days=2)
2026-05-06 12:49:14,721 - balethon.network.connection - INFO - [sendMessage] JSON{'chat_id': 2062332444, 'text': '📈 گزارش هفتگی\n👤 لسیبلبیلر\n📅 64510/05/05 تا 64510/05/11\n\n⬛️ ساعت اصلی: 10.0\n🔵 ساعت فرعی: 7.0\n➕ مجموع: 17.0', 'reply_markup': {'inline_keyboard': [[{'text': '🏠 بازگشت به منوی اصلی', 'callback_data': 'main_menu'}]]}}
2026-05-06 12:49:14,801 - httpx - INFO - HTTP Request: POST https://tapi.bale.ai/bot2029474166:MzkMDmPbKHhF6JT0Dn9AYuq84mnTq20L1wk/sendMessage "HTTP/1.1 200 OK"
2026-05-06 12:49:14,822 - balethon.network.connection - INFO - [answerCallbackQuery] JSON{'callback_query_id': '2975311526974226746', 'text': '', 'show_alert': False}
2026-05-06 12:49:14,869 - httpx - INFO - HTTP Request: POST https://tapi.bale.ai/bot2029474166:MzkMDmPbKHhF6JT0Dn9AYuq84mnTq20L1wk/answerCallbackQuery "HTTP/1.1 200 OK"
2026-05-06 12:49:15,934 - httpx - INFO - HTTP Request: POST https://tapi.bale.ai/bot2029474166:MzkMDmPbKHhF6JT0Dn9AYuq84mnTq20L1wk/getUpdates "HTTP/1.1 200 OK"
2026-05-06 12:49:15,956 - balethon.network.connection - INFO - [getUpdates] JSON{'offset': 78}
2026-05-06 12:49:15,958 - bot - INFO - Callback query from user 2062332444: main_menu
2026-05-06 12:49:15,963 - balethon.network.connection - INFO - [answerCallbackQuery] JSON{'callback_query_id': '2310345920130222530', 'text': '', 'show_alert': False}
2026-05-06 12:49:16,032 - httpx - INFO - HTTP Request: POST https://tapi.bale.ai/bot2029474166:MzkMDmPbKHhF6JT0Dn9AYuq84mnTq20L1wk/answerCallbackQuery "HTTP/1.1 200 OK"
2026-05-06 12:49:18,147 - httpx - INFO - HTTP Request: POST https://tapi.bale.ai/bot2029474166:MzkMDmPbKHhF6JT0Dn9AYuq84mnTq20L1wk/getUpdates "HTTP/1.1 200 OK"
2026-05-06 12:49:18,174 - balethon.network.connection - INFO - [getUpdates] JSON{'offset': 79}
2026-05-06 12:49:18,178 - bot - INFO - Callback query from user 2062332444: main_menu
2026-05-06 12:49:18,185 - balethon.network.connection - INFO - [answerCallbackQuery] JSON{'callback_query_id': '5231977514440750109', 'text': '', 'show_alert': False}
2026-05-06 12:49:18,332 - httpx - INFO - HTTP Request: POST https://tapi.bale.ai/bot2029474166:MzkMDmPbKHhF6JT0Dn9AYuq84mnTq20L1wk/answerCallbackQuery "HTTP/1.1 200 OK"
2026-05-06 12:49:19,001 - httpx - INFO - HTTP Request: POST https://tapi.bale.ai/bot2029474166:MzkMDmPbKHhF6JT0Dn9AYuq84mnTq20L1wk/getUpdates "HTTP/1.1 200 OK"
2026-05-06 12:49:19,018 - balethon.network.connection - INFO - [getUpdates] JSON{'offset': 80}
2026-05-06 12:49:19,020 - bot - INFO - Callback query from user 2062332444: main_menu
2026-05-06 12:49:19,032 - balethon.network.connection - INFO - [answerCallbackQuery] JSON{'callback_query_id': '6803419109320328228', 'text': '', 'show_alert': False}
2026-05-06 12:49:19,085 - httpx - INFO - HTTP Request: POST https://tapi.bale.ai/bot2029474166:MzkMDmPbKHhF6JT0Dn9AYuq84mnTq20L1wk/answerCallbackQuery "HTTP/1.1 200 OK"
2026-05-06 12:49:19,826 - httpx - INFO - HTTP Request: POST https://tapi.bale.ai/bot2029474166:MzkMDmPbKHhF6JT0Dn9AYuq84mnTq20L1wk/getUpdates "HTTP/1.1 200 OK"
2026-05-06 12:49:19,836 - balethon.network.connection - INFO - [getUpdates] JSON{'offset': 81}
2026-05-06 12:49:19,838 - bot - INFO - Callback query from user 2062332444: main_menu
2026-05-06 12:49:19,841 - balethon.network.connection - INFO - [answerCallbackQuery] JSON{'callback_query_id': '7265976333011677986', 'text': '', 'show_alert': False}
2026-05-06 12:49:19,891 - httpx - INFO - HTTP Request: POST https://tapi.bale.ai/bot2029474166:MzkMDmPbKHhF6JT0Dn9AYuq84mnTq20L1wk/answerCallbackQuery "HTTP/1.1 200 OK"
2026-05-06 12:49:21,218 - httpx - INFO - HTTP Request: POST https://tapi.bale.ai/bot2029474166:MzkMDmPbKHhF6JT0Dn9AYuq84mnTq20L1wk/getUpdates "HTTP/1.1 200 OK"
2026-05-06 12:49:21,234 - balethon.network.connection - INFO - [getUpdates] JSON{'offset': 82}
2026-05-06 12:49:21,237 - bot - INFO - Callback query from user 2062332444: monthly_report
2026-05-06 12:49:21,239 - services.reports - INFO - Monthly stats calculated: MonthlyStats(user_id=1, month=64510/05, total_hours=17.0h)
2026-05-06 12:49:21,241 - balethon.network.connection - INFO - [sendMessage] JSON{'chat_id': 2062332444, 'text': '📅 گزارش ماهانه\n👤 لسیبلبیلر\n🗓️  64510/05\n\n⬛️ ساعت اصلی: 10.0\n🔵 ساعت فرعی: 7.0\n➕ مجموع: 17.0\n\n📊 روزهای ثبت شده: 2/31', 'reply_markup': {'inline_keyboard': [[{'text': '🏠 بازگشت به منوی اصلی', 'callback_data': 'main_menu'}]]}}
2026-05-06 12:49:21,536 - httpx - INFO - HTTP Request: POST https://tapi.bale.ai/bot2029474166:MzkMDmPbKHhF6JT0Dn9AYuq84mnTq20L1wk/sendMessage "HTTP/1.1 200 OK"
2026-05-06 12:49:21,555 - balethon.network.connection - INFO - [answerCallbackQuery] JSON{'callback_query_id': '2271513695537640456', 'text': '', 'show_alert': False}
2026-05-06 12:49:21,612 - httpx - INFO - HTTP Request: POST https://tapi.bale.ai/bot2029474166:MzkMDmPbKHhF6JT0Dn9AYuq84mnTq20L1wk/answerCallbackQuery "HTTP/1.1 200 OK"
2026-05-06 12:49:22,283 - httpx - INFO - HTTP Request: POST https://tapi.bale.ai/bot2029474166:MzkMDmPbKHhF6JT0Dn9AYuq84mnTq20L1wk/getUpdates "HTTP/1.1 200 OK"
2026-05-06 12:49:22,304 - balethon.network.connection - INFO - [getUpdates] JSON{'offset': 83}
2026-05-06 12:49:22,306 - bot - INFO - Callback query from user 2062332444: main_menu
2026-05-06 12:49:22,310 - balethon.network.connection - INFO - [answerCallbackQuery] JSON{'callback_query_id': '2220901506738896781', 'text': '', 'show_alert': False}
2026-05-06 12:49:22,384 - httpx - INFO - HTTP Request: POST https://tapi.bale.ai/bot2029474166:MzkMDmPbKHhF6JT0Dn9AYuq84mnTq20L1wk/answerCallbackQuery "HTTP/1.1 200 OK"
2026-05-06 12:49:25,177 - httpx - INFO - HTTP Request: POST https://tapi.bale.ai/bot2029474166:MzkMDmPbKHhF6JT0Dn9AYuq84mnTq20L1wk/getUpdates "HTTP/1.1 200 OK"
2026-05-06 12:49:25,193 - balethon.network.connection - INFO - [getUpdates] JSON{'offset': 84}
2026-05-06 12:49:25,195 - bot - INFO - Callback query from user 2062332444: profile
2026-05-06 12:49:25,200 - balethon.network.connection - INFO - [sendMessage] JSON{'chat_id': 2062332444, 'text': '👤 لسیبلبیلر\n📞 +989394573866\n📝 سلام\n', 'reply_markup': {'inline_keyboard': [[{'text': '✏️ ویرایش پروفایل', 'callback_data': 'edit_profile'}], [{'text': '🏠 بازگشت به منوی اصلی', 'callback_data': 'main_menu'}]]}}
2026-05-06 12:49:25,329 - httpx - INFO - HTTP Request: POST https://tapi.bale.ai/bot2029474166:MzkMDmPbKHhF6JT0Dn9AYuq84mnTq20L1wk/sendMessage "HTTP/1.1 200 OK"
2026-05-06 12:49:25,352 - balethon.network.connection - INFO - [answerCallbackQuery] JSON{'callback_query_id': '3675088777559861102', 'text': '', 'show_alert': False}
2026-05-06 12:49:25,603 - httpx - INFO - HTTP Request: POST https://tapi.bale.ai/bot2029474166:MzkMDmPbKHhF6JT0Dn9AYuq84mnTq20L1wk/answerCallbackQuery "HTTP/1.1 200 OK"
2026-05-06 12:49:28,616 - httpx - INFO - HTTP Request: POST https://tapi.bale.ai/bot2029474166:MzkMDmPbKHhF6JT0Dn9AYuq84mnTq20L1wk/getUpdates "HTTP/1.1 200 OK"
2026-05-06 12:49:28,636 - balethon.network.connection - INFO - [getUpdates] JSON{'offset': 85}
2026-05-06 12:49:28,639 - bot - INFO - Callback query from user 2062332444: edit_profile
2026-05-06 12:49:28,645 - balethon.network.connection - INFO - [sendMessage] JSON{'chat_id': 2062332444, 'text': '📝 چه چیزی را ویرایش کنید؟', 'reply_markup': {'inline_keyboard': [[{'text': '📝 ویرایش بیوگرافی', 'callback_data': 'edit_bio'}], [{'text': '⭐ ویرایش علاقه\u200cمندی\u200cها', 'callback_data': 'edit_interests'}], [{'text': '🔙 بازگشت به پروفایل', 'callback_data': 'profile'}], [{'text': '🏠 بازگشت به منوی اصلی', 'callback_data': 'main_menu'}]]}}
2026-05-06 12:49:28,747 - httpx - INFO - HTTP Request: POST https://tapi.bale.ai/bot2029474166:MzkMDmPbKHhF6JT0Dn9AYuq84mnTq20L1wk/sendMessage "HTTP/1.1 200 OK"
2026-05-06 12:49:28,769 - balethon.network.connection - INFO - [answerCallbackQuery] JSON{'callback_query_id': '7720393398547699313', 'text': '', 'show_alert': False}
2026-05-06 12:49:28,827 - httpx - INFO - HTTP Request: POST https://tapi.bale.ai/bot2029474166:MzkMDmPbKHhF6JT0Dn9AYuq84mnTq20L1wk/answerCallbackQuery "HTTP/1.1 200 OK"
2026-05-06 12:49:31,011 - httpx - INFO - HTTP Request: POST https://tapi.bale.ai/bot2029474166:MzkMDmPbKHhF6JT0Dn9AYuq84mnTq20L1wk/getUpdates "HTTP/1.1 200 OK"
2026-05-06 12:49:31,028 - balethon.network.connection - INFO - [getUpdates] JSON{'offset': 86}
2026-05-06 12:49:31,030 - bot - INFO - Callback query from user 2062332444: edit_interests
2026-05-06 12:49:31,036 - balethon.network.connection - INFO - [sendMessage] JSON{'chat_id': 2062332444, 'text': '⭐ علاقه\u200cمندی\u200cهای خود را وارد کنید:\n(مثال: ورزش، برنامه\u200cنویسی، موسیقی)'}
2026-05-06 12:49:31,114 - httpx - INFO - HTTP Request: POST https://tapi.bale.ai/bot2029474166:MzkMDmPbKHhF6JT0Dn9AYuq84mnTq20L1wk/sendMessage "HTTP/1.1 200 OK"
2026-05-06 12:49:31,131 - balethon.network.connection - INFO - [answerCallbackQuery] JSON{'callback_query_id': '8208069291338272399', 'text': '', 'show_alert': False}
2026-05-06 12:49:31,174 - httpx - INFO - HTTP Request: POST https://tapi.bale.ai/bot2029474166:MzkMDmPbKHhF6JT0Dn9AYuq84mnTq20L1wk/answerCallbackQuery "HTTP/1.1 200 OK"
2026-05-06 12:49:36,108 - httpx - INFO - HTTP Request: POST https://tapi.bale.ai/bot2029474166:MzkMDmPbKHhF6JT0Dn9AYuq84mnTq20L1wk/getUpdates "HTTP/1.1 200 OK"
2026-05-06 12:49:36,117 - balethon.network.connection - INFO - [getUpdates] JSON{'offset': 86}
2026-05-06 12:49:36,952 - werkzeug - INFO - 127.0.0.1 - - [06/May/2026 12:49:36] "GET /api/stats HTTP/1.1" 200 -
2026-05-06 12:49:41,167 - httpx - INFO - HTTP Request: POST https://tapi.bale.ai/bot2029474166:MzkMDmPbKHhF6JT0Dn9AYuq84mnTq20L1wk/getUpdates "HTTP/1.1 200 OK"
2026-05-06 12:49:41,172 - balethon.network.connection - INFO - [getUpdates] JSON{'offset': 86}
2026-05-06 12:49:46,212 - httpx - INFO - HTTP Request: POST https://tapi.bale.ai/bot2029474166:MzkMDmPbKHhF6JT0Dn9AYuq84mnTq20L1wk/getUpdates "HTTP/1.1 200 OK"
2026-05-06 12:49:46,218 - balethon.network.connection - INFO - [getUpdates] JSON{'offset': 86}
2026-05-06 12:49:51,281 - httpx - INFO - HTTP Request: POST https://tapi.bale.ai/bot2029474166:MzkMDmPbKHhF6JT0Dn9AYuq84mnTq20L1wk/getUpdates "HTTP/1.1 200 OK"
2026-05-06 12:49:51,289 - balethon.network.connection - INFO - [getUpdates] JSON{'offset': 86}
2026-05-06 12:49:56,334 - httpx - INFO - HTTP Request: POST https://tapi.bale.ai/bot2029474166:MzkMDmPbKHhF6JT0Dn9AYuq84mnTq20L1wk/getUpdates "HTTP/1.1 200 OK"
2026-05-06 12:49:56,342 - balethon.network.connection - INFO - [getUpdates] JSON{'offset': 86}
2026-05-06 12:50:01,391 - httpx - INFO - HTTP Request: POST https://tapi.bale.ai/bot2029474166:MzkMDmPbKHhF6JT0Dn9AYuq84mnTq20L1wk/getUpdates "HTTP/1.1 200 OK"
2026-05-06 12:50:01,395 - balethon.network.connection - INFO - [getUpdates] JSON{'offset': 86}
2026-05-06 12:50:06,456 - httpx - INFO - HTTP Request: POST https://tapi.bale.ai/bot2029474166:MzkMDmPbKHhF6JT0Dn9AYuq84mnTq20L1wk/getUpdates "HTTP/1.1 200 OK"
2026-05-06 12:50:06,465 - balethon.network.connection - INFO - [getUpdates] JSON{'offset': 86}
2026-05-06 12:50:11,541 - httpx - INFO - HTTP Request: POST https://tapi.bale.ai/bot2029474166:MzkMDmPbKHhF6JT0Dn9AYuq84mnTq20L1wk/getUpdates "HTTP/1.1 200 OK"
2026-05-06 12:50:11,550 - balethon.network.connection - INFO - [getUpdates] JSON{'offset': 86}
2026-05-06 12:50:16,613 - httpx - INFO - HTTP Request: POST https://tapi.bale.ai/bot2029474166:MzkMDmPbKHhF6JT0Dn9AYuq84mnTq20L1wk/getUpdates "HTTP/1.1 200 OK"
2026-05-06 12:50:16,619 - balethon.network.connection - INFO - [getUpdates] JSON{'offset': 86}
2026-05-06 12:50:21,681 - httpx - INFO - HTTP Request: POST https://tapi.bale.ai/bot2029474166:MzkMDmPbKHhF6JT0Dn9AYuq84mnTq20L1wk/getUpdates "HTTP/1.1 200 OK"
2026-05-06 12:50:21,688 - balethon.network.connection - INFO - [getUpdates] JSON{'offset': 86}
2026-05-06 12:50:26,776 - httpx - INFO - HTTP Request: POST https://tapi.bale.ai/bot2029474166:MzkMDmPbKHhF6JT0Dn9AYuq84mnTq20L1wk/getUpdates "HTTP/1.1 200 OK"
2026-05-06 12:50:26,785 - balethon.network.connection - INFO - [getUpdates] JSON{'offset': 86}
2026-05-06 12:50:29,758 - httpx - INFO - HTTP Request: POST https://tapi.bale.ai/bot2029474166:MzkMDmPbKHhF6JT0Dn9AYuq84mnTq20L1wk/getUpdates "HTTP/1.1 200 OK"
2026-05-06 12:50:29,776 - balethon.network.connection - INFO - [getUpdates] JSON{'offset': 87}
2026-05-06 12:50:29,777 - bot - INFO - Message from user 1859314641: /start
2026-05-06 12:50:29,781 - balethon.network.connection - INFO - [sendMessage] JSON{'chat_id': 1859314641, 'text': 'خوش آمدید به سیستم مدیریت زمان EliteUniteTime! 🎉\n\nلطفاً اطلاعات خود را کامل کنید.\n\n🔤 لطفاً نام کامل خود را وارد کنید:'}
2026-05-06 12:50:30,283 - httpx - INFO - HTTP Request: POST https://tapi.bale.ai/bot2029474166:MzkMDmPbKHhF6JT0Dn9AYuq84mnTq20L1wk/sendMessage "HTTP/1.1 200 OK"
2026-05-06 12:50:33,958 - httpx - INFO - HTTP Request: POST https://tapi.bale.ai/bot2029474166:MzkMDmPbKHhF6JT0Dn9AYuq84mnTq20L1wk/getUpdates "HTTP/1.1 200 OK"
2026-05-06 12:50:33,973 - balethon.network.connection - INFO - [getUpdates] JSON{'offset': 88}
2026-05-06 12:50:33,988 - bot - INFO - Message from user 1859314641: رضا
2026-05-06 12:50:34,000 - balethon.network.connection - INFO - [sendMessage] JSON{'chat_id': 1859314641, 'text': '📞 لطفاً شماره تماس خود را اشتراک گذاری کنید\nیا شماره را به صورت دستی وارد کنید (مثال: 09123456789):', 'reply_markup': {'keyboard': [[{'text': '📞 اشتراک گذاری شماره', 'request_contact': True}]], 'resize_keyboard': True, 'one_time_keyboard': True}}
2026-05-06 12:50:34,095 - httpx - INFO - HTTP Request: POST https://tapi.bale.ai/bot2029474166:MzkMDmPbKHhF6JT0Dn9AYuq84mnTq20L1wk/sendMessage "HTTP/1.1 200 OK"
2026-05-06 12:50:36,468 - httpx - INFO - HTTP Request: POST https://tapi.bale.ai/bot2029474166:MzkMDmPbKHhF6JT0Dn9AYuq84mnTq20L1wk/getUpdates "HTTP/1.1 200 OK"
2026-05-06 12:50:36,481 - balethon.network.connection - INFO - [getUpdates] JSON{'offset': 89}
2026-05-06 12:50:36,482 - bot - INFO - Message from user 1859314641: 
2026-05-06 12:50:36,509 - database.db - INFO - User added: رضا (ID: 2)
2026-05-06 12:50:36,513 - balethon.network.connection - INFO - [sendMessage] JSON{'chat_id': 1859314641, 'text': '✅ ثبت نام شما با موفقیت انجام شد!\n\nمنوی اصلی:', 'reply_markup': {'keyboard': [], 'remove_keyboard': True}}
2026-05-06 12:50:36,634 - httpx - INFO - HTTP Request: POST https://tapi.bale.ai/bot2029474166:MzkMDmPbKHhF6JT0Dn9AYuq84mnTq20L1wk/sendMessage "HTTP/1.1 200 OK"
2026-05-06 12:50:36,655 - balethon.network.connection - INFO - [sendMessage] JSON{'chat_id': 1859314641, 'text': '📋 منوی اصلی:', 'reply_markup': {'inline_keyboard': [[{'text': '📊 ثبت گزارش روزانه', 'callback_data': 'daily_report'}], [{'text': '📈 گزارش هفتگی', 'callback_data': 'weekly_report'}, {'text': '📅 گزارش ماهانه', 'callback_data': 'monthly_report'}], [{'text': '👤 پروفایل من', 'callback_data': 'profile'}], [{'text': '👥 آشنایی با دوستان', 'callback_data': 'friends'}]]}}
2026-05-06 12:50:36,819 - httpx - INFO - HTTP Request: POST https://tapi.bale.ai/bot2029474166:MzkMDmPbKHhF6JT0Dn9AYuq84mnTq20L1wk/sendMessage "HTTP/1.1 200 OK"
2026-05-06 12:50:36,831 - handlers.start - INFO - User registered: رضا (ID: 1859314641)
2026-05-06 12:50:37,942 - werkzeug - INFO - 127.0.0.1 - - [06/May/2026 12:50:37] "GET /api/stats HTTP/1.1" 200 -
2026-05-06 12:50:41,557 - httpx - INFO - HTTP Request: POST https://tapi.bale.ai/bot2029474166:MzkMDmPbKHhF6JT0Dn9AYuq84mnTq20L1wk/getUpdates "HTTP/1.1 200 OK"
2026-05-06 12:50:41,566 - balethon.network.connection - INFO - [getUpdates] JSON{'offset': 89}
2026-05-06 12:50:43,572 - httpx - INFO - HTTP Request: POST https://tapi.bale.ai/bot2029474166:MzkMDmPbKHhF6JT0Dn9AYuq84mnTq20L1wk/getUpdates "HTTP/1.1 200 OK"
2026-05-06 12:50:43,583 - balethon.network.connection - INFO - [getUpdates] JSON{'offset': 90}
2026-05-06 12:50:43,584 - bot - INFO - Callback query from user 1859314641: friends
2026-05-06 12:50:43,588 - balethon.network.connection - INFO - [sendMessage] JSON{'chat_id': 1859314641, 'text': '👥 آشنایی با دوستان:\n\nکاربری را انتخاب کنید:', 'reply_markup': {'inline_keyboard': [[{'text': '👤 لسیبلبیلر', 'callback_data': 'view_user_1'}]]}}
2026-05-06 12:50:43,974 - httpx - INFO - HTTP Request: POST https://tapi.bale.ai/bot2029474166:MzkMDmPbKHhF6JT0Dn9AYuq84mnTq20L1wk/sendMessage "HTTP/1.1 200 OK"
2026-05-06 12:50:43,988 - balethon.network.connection - INFO - [answerCallbackQuery] JSON{'callback_query_id': '5941094389321354998', 'text': '', 'show_alert': False}
2026-05-06 12:50:44,027 - httpx - INFO - HTTP Request: POST https://tapi.bale.ai/bot2029474166:MzkMDmPbKHhF6JT0Dn9AYuq84mnTq20L1wk/answerCallbackQuery "HTTP/1.1 200 OK"
2026-05-06 12:50:44,993 - httpx - INFO - HTTP Request: POST https://tapi.bale.ai/bot2029474166:MzkMDmPbKHhF6JT0Dn9AYuq84mnTq20L1wk/getUpdates "HTTP/1.1 200 OK"
2026-05-06 12:50:45,014 - balethon.network.connection - INFO - [getUpdates] JSON{'offset': 91}
2026-05-06 12:50:45,015 - bot - INFO - Callback query from user 1859314641: view_user_1
2026-05-06 12:50:45,020 - balethon.network.connection - INFO - [sendMessage] JSON{'chat_id': 1859314641, 'text': '👤 لسیبلبیلر\n📝 سلام\n'}
2026-05-06 12:50:45,130 - httpx - INFO - HTTP Request: POST https://tapi.bale.ai/bot2029474166:MzkMDmPbKHhF6JT0Dn9AYuq84mnTq20L1wk/sendMessage "HTTP/1.1 200 OK"
2026-05-06 12:50:45,142 - balethon.network.connection - INFO - [answerCallbackQuery] JSON{'callback_query_id': '2419413643291556924', 'text': '', 'show_alert': False}
2026-05-06 12:50:45,240 - httpx - INFO - HTTP Request: POST https://tapi.bale.ai/bot2029474166:MzkMDmPbKHhF6JT0Dn9AYuq84mnTq20L1wk/answerCallbackQuery "HTTP/1.1 200 OK"
2026-05-06 12:50:50,061 - httpx - INFO - HTTP Request: POST https://tapi.bale.ai/bot2029474166:MzkMDmPbKHhF6JT0Dn9AYuq84mnTq20L1wk/getUpdates "HTTP/1.1 200 OK"
2026-05-06 12:50:50,069 - balethon.network.connection - INFO - [getUpdates] JSON{'offset': 91}
2026-05-06 12:50:55,133 - httpx - INFO - HTTP Request: POST https://tapi.bale.ai/bot2029474166:MzkMDmPbKHhF6JT0Dn9AYuq84mnTq20L1wk/getUpdates "HTTP/1.1 200 OK"
2026-05-06 12:50:55,141 - balethon.network.connection - INFO - [getUpdates] JSON{'offset': 91}
2026-05-06 12:51:00,185 - httpx - INFO - HTTP Request: POST https://tapi.bale.ai/bot2029474166:MzkMDmPbKHhF6JT0Dn9AYuq84mnTq20L1wk/getUpdates "HTTP/1.1 200 OK"
2026-05-06 12:51:00,190 - balethon.network.connection - INFO - [getUpdates] JSON{'offset': 91}
2026-05-06 12:51:05,244 - httpx - INFO - HTTP Request: POST https://tapi.bale.ai/bot2029474166:MzkMDmPbKHhF6JT0Dn9AYuq84mnTq20L1wk/getUpdates "HTTP/1.1 200 OK"
2026-05-06 12:51:05,248 - balethon.network.connection - INFO - [getUpdates] JSON{'offset': 91}
2026-05-06 12:51:10,295 - httpx - INFO - HTTP Request: POST https://tapi.bale.ai/bot2029474166:MzkMDmPbKHhF6JT0Dn9AYuq84mnTq20L1wk/getUpdates "HTTP/1.1 200 OK"
2026-05-06 12:51:10,303 - balethon.network.connection - INFO - [getUpdates] JSON{'offset': 91}
2026-05-06 12:51:15,354 - httpx - INFO - HTTP Request: POST https://tapi.bale.ai/bot2029474166:MzkMDmPbKHhF6JT0Dn9AYuq84mnTq20L1wk/getUpdates "HTTP/1.1 200 OK"
2026-05-06 12:51:15,362 - balethon.network.connection - INFO - [getUpdates] JSON{'offset': 91}
2026-05-06 12:51:20,410 - httpx - INFO - HTTP Request: POST https://tapi.bale.ai/bot2029474166:MzkMDmPbKHhF6JT0Dn9AYuq84mnTq20L1wk/getUpdates "HTTP/1.1 200 OK"
2026-05-06 12:51:20,419 - balethon.network.connection - INFO - [getUpdates] JSON{'offset': 91}
2026-05-06 12:51:25,508 - httpx - INFO - HTTP Request: POST https://tapi.bale.ai/bot2029474166:MzkMDmPbKHhF6JT0Dn9AYuq84mnTq20L1wk/getUpdates "HTTP/1.1 200 OK"
2026-05-06 12:51:25,513 - balethon.network.connection - INFO - [getUpdates] JSON{'offset': 91}
2026-05-06 12:51:30,548 - httpx - INFO - HTTP Request: POST https://tapi.bale.ai/bot2029474166:MzkMDmPbKHhF6JT0Dn9AYuq84mnTq20L1wk/getUpdates "HTTP/1.1 200 OK"
2026-05-06 12:51:30,555 - balethon.network.connection - INFO - [getUpdates] JSON{'offset': 91}
2026-05-06 12:51:35,601 - httpx - INFO - HTTP Request: POST https://tapi.bale.ai/bot2029474166:MzkMDmPbKHhF6JT0Dn9AYuq84mnTq20L1wk/getUpdates "HTTP/1.1 200 OK"
2026-05-06 12:51:35,609 - balethon.network.connection - INFO - [getUpdates] JSON{'offset': 91}
2026-05-06 12:51:38,941 - werkzeug - INFO - 127.0.0.1 - - [06/May/2026 12:51:38] "GET /api/stats HTTP/1.1" 200 -
2026-05-06 12:51:40,656 - httpx - INFO - HTTP Request: POST https://tapi.bale.ai/bot2029474166:MzkMDmPbKHhF6JT0Dn9AYuq84mnTq20L1wk/getUpdates "HTTP/1.1 200 OK"
2026-05-06 12:51:40,666 - balethon.network.connection - INFO - [getUpdates] JSON{'offset': 91}
2026-05-06 12:51:45,709 - httpx - INFO - HTTP Request: POST https://tapi.bale.ai/bot2029474166:MzkMDmPbKHhF6JT0Dn9AYuq84mnTq20L1wk/getUpdates "HTTP/1.1 200 OK"
2026-05-06 12:51:45,717 - balethon.network.connection - INFO - [getUpdates] JSON{'offset': 91}
2026-05-06 12:51:48,411 - werkzeug - INFO - 127.0.0.1 - - [06/May/2026 12:51:48] "GET / HTTP/1.1" 200 -
2026-05-06 12:51:50,756 - httpx - INFO - HTTP Request: POST https://tapi.bale.ai/bot2029474166:MzkMDmPbKHhF6JT0Dn9AYuq84mnTq20L1wk/getUpdates "HTTP/1.1 200 OK"
2026-05-06 12:51:50,782 - balethon.network.connection - INFO - [getUpdates] JSON{'offset': 91}
2026-05-06 12:51:53,980 - werkzeug - INFO - 127.0.0.1 - - [06/May/2026 12:51:53] "GET /users HTTP/1.1" 200 -
2026-05-06 12:51:56,090 - httpx - INFO - HTTP Request: POST https://tapi.bale.ai/bot2029474166:MzkMDmPbKHhF6JT0Dn9AYuq84mnTq20L1wk/getUpdates "HTTP/1.1 200 OK"
2026-05-06 12:51:56,115 - balethon.network.connection - INFO - [getUpdates] JSON{'offset': 91}
2026-05-06 12:51:56,230 - werkzeug - INFO - 127.0.0.1 - - [06/May/2026 12:51:56] "GET /penalties HTTP/1.1" 200 -
2026-05-06 12:52:01,239 - httpx - INFO - HTTP Request: POST https://tapi.bale.ai/bot2029474166:MzkMDmPbKHhF6JT0Dn9AYuq84mnTq20L1wk/getUpdates "HTTP/1.1 200 OK"
2026-05-06 12:52:01,255 - balethon.network.connection - INFO - [getUpdates] JSON{'offset': 91}
2026-05-06 12:52:06,337 - httpx - INFO - HTTP Request: POST https://tapi.bale.ai/bot2029474166:MzkMDmPbKHhF6JT0Dn9AYuq84mnTq20L1wk/getUpdates "HTTP/1.1 200 OK"
2026-05-06 12:52:06,348 - balethon.network.connection - INFO - [getUpdates] JSON{'offset': 91}
2026-05-06 12:52:11,552 - httpx - INFO - HTTP Request: POST https://tapi.bale.ai/bot2029474166:MzkMDmPbKHhF6JT0Dn9AYuq84mnTq20L1wk/getUpdates "HTTP/1.1 200 OK"
2026-05-06 12:52:11,555 - balethon.network.connection - INFO - [getUpdates] JSON{'offset': 91}
2026-05-06 12:52:16,598 - httpx - INFO - HTTP Request: POST https://tapi.bale.ai/bot2029474166:MzkMDmPbKHhF6JT0Dn9AYuq84mnTq20L1wk/getUpdates "HTTP/1.1 200 OK"
2026-05-06 12:52:16,627 - balethon.network.connection - INFO - [getUpdates] JSON{'offset': 91}
2026-05-06 12:52:21,728 - httpx - INFO - HTTP Request: POST https://tapi.bale.ai/bot2029474166:MzkMDmPbKHhF6JT0Dn9AYuq84mnTq20L1wk/getUpdates "HTTP/1.1 200 OK"
2026-05-06 12:52:21,781 - balethon.network.connection - INFO - [getUpdates] JSON{'offset': 91}
2026-05-06 12:52:25,209 - httpx - INFO - HTTP Request: POST https://tapi.bale.ai/bot2029474166:MzkMDmPbKHhF6JT0Dn9AYuq84mnTq20L1wk/getUpdates "HTTP/1.1 200 OK"
2026-05-06 12:52:25,254 - balethon.network.connection - INFO - [getUpdates] JSON{'offset': 92}
2026-05-06 12:52:25,261 - bot - INFO - Message from user 1336848033: علی حسنی پور
2026-05-06 12:52:25,308 - balethon.network.connection - INFO - [sendMessage] JSON{'chat_id': 1336848033, 'text': '👋 درود!\n\nدستورات موجود:\n/start - شروع/ثبت نام'}
2026-05-06 12:52:25,515 - httpx - INFO - HTTP Request: POST https://tapi.bale.ai/bot2029474166:MzkMDmPbKHhF6JT0Dn9AYuq84mnTq20L1wk/sendMessage "HTTP/1.1 200 OK"
2026-05-06 12:52:30,382 - httpx - INFO - HTTP Request: POST https://tapi.bale.ai/bot2029474166:MzkMDmPbKHhF6JT0Dn9AYuq84mnTq20L1wk/getUpdates "HTTP/1.1 200 OK"
2026-05-06 12:52:30,394 - balethon.network.connection - INFO - [getUpdates] JSON{'offset': 92}
2026-05-06 12:52:35,617 - httpx - INFO - HTTP Request: POST https://tapi.bale.ai/bot2029474166:MzkMDmPbKHhF6JT0Dn9AYuq84mnTq20L1wk/getUpdates "HTTP/1.1 200 OK"
2026-05-06 12:52:35,642 - balethon.network.connection - INFO - [getUpdates] JSON{'offset': 92}
2026-05-06 12:52:40,738 - httpx - INFO - HTTP Request: POST https://tapi.bale.ai/bot2029474166:MzkMDmPbKHhF6JT0Dn9AYuq84mnTq20L1wk/getUpdates "HTTP/1.1 200 OK"
2026-05-06 12:52:40,765 - balethon.network.connection - INFO - [getUpdates] JSON{'offset': 92}
2026-05-06 12:52:41,145 - httpx - INFO - HTTP Request: POST https://tapi.bale.ai/bot2029474166:MzkMDmPbKHhF6JT0Dn9AYuq84mnTq20L1wk/getUpdates "HTTP/1.1 200 OK"
2026-05-06 12:52:41,197 - balethon.network.connection - INFO - [getUpdates] JSON{'offset': 93}
2026-05-06 12:52:41,204 - bot - INFO - Message from user 1336848033: /start
2026-05-06 12:52:41,237 - balethon.network.connection - INFO - [sendMessage] JSON{'chat_id': 1336848033, 'text': 'خوش آمدید به سیستم مدیریت زمان EliteUniteTime! 🎉\n\nلطفاً اطلاعات خود را کامل کنید.\n\n🔤 لطفاً نام کامل خود را وارد کنید:'}
2026-05-06 12:52:41,642 - httpx - INFO - HTTP Request: POST https://tapi.bale.ai/bot2029474166:MzkMDmPbKHhF6JT0Dn9AYuq84mnTq20L1wk/sendMessage "HTTP/1.1 200 OK"
2026-05-06 12:52:46,468 - httpx - INFO - HTTP Request: POST https://tapi.bale.ai/bot2029474166:MzkMDmPbKHhF6JT0Dn9AYuq84mnTq20L1wk/getUpdates "HTTP/1.1 200 OK"
2026-05-06 12:52:46,549 - balethon.network.connection - INFO - [getUpdates] JSON{'offset': 93}
2026-05-06 12:52:48,831 - httpx - INFO - HTTP Request: POST https://tapi.bale.ai/bot2029474166:MzkMDmPbKHhF6JT0Dn9AYuq84mnTq20L1wk/getUpdates "HTTP/1.1 200 OK"
2026-05-06 12:52:48,933 - balethon.network.connection - INFO - [getUpdates] JSON{'offset': 94}
2026-05-06 12:52:48,943 - bot - INFO - Message from user 1336848033: علی حسنی پور
2026-05-06 12:52:49,006 - balethon.network.connection - INFO - [sendMessage] JSON{'chat_id': 1336848033, 'text': '📞 لطفاً شماره تماس خود را اشتراک گذاری کنید\nیا شماره را به صورت دستی وارد کنید (مثال: 09123456789):', 'reply_markup': {'keyboard': [[{'text': '📞 اشتراک گذاری شماره', 'request_contact': True}]], 'resize_keyboard': True, 'one_time_keyboard': True}}
2026-05-06 12:52:49,257 - httpx - INFO - HTTP Request: POST https://tapi.bale.ai/bot2029474166:MzkMDmPbKHhF6JT0Dn9AYuq84mnTq20L1wk/sendMessage "HTTP/1.1 200 OK"
2026-05-06 12:52:54,151 - httpx - INFO - HTTP Request: POST https://tapi.bale.ai/bot2029474166:MzkMDmPbKHhF6JT0Dn9AYuq84mnTq20L1wk/getUpdates "HTTP/1.1 200 OK"
2026-05-06 12:52:54,179 - balethon.network.connection - INFO - [getUpdates] JSON{'offset': 94}
2026-05-06 12:52:55,933 - httpx - INFO - HTTP Request: POST https://tapi.bale.ai/bot2029474166:MzkMDmPbKHhF6JT0Dn9AYuq84mnTq20L1wk/getUpdates "HTTP/1.1 200 OK"
2026-05-06 12:52:56,019 - balethon.network.connection - INFO - [getUpdates] JSON{'offset': 95}
2026-05-06 12:52:56,027 - bot - INFO - Message from user 1336848033: 09124619049
2026-05-06 12:52:56,062 - database.db - INFO - User added: علی حسنی پور (ID: 3)
2026-05-06 12:52:56,111 - balethon.network.connection - INFO - [sendMessage] JSON{'chat_id': 1336848033, 'text': '✅ ثبت نام شما با موفقیت انجام شد!\n\nمنوی اصلی:', 'reply_markup': {'keyboard': [], 'remove_keyboard': True}}
2026-05-06 12:52:56,400 - httpx - INFO - HTTP Request: POST https://tapi.bale.ai/bot2029474166:MzkMDmPbKHhF6JT0Dn9AYuq84mnTq20L1wk/sendMessage "HTTP/1.1 200 OK"
2026-05-06 12:52:56,459 - balethon.network.connection - INFO - [sendMessage] JSON{'chat_id': 1336848033, 'text': '📋 منوی اصلی:', 'reply_markup': {'inline_keyboard': [[{'text': '📊 ثبت گزارش روزانه', 'callback_data': 'daily_report'}], [{'text': '📈 گزارش هفتگی', 'callback_data': 'weekly_report'}, {'text': '📅 گزارش ماهانه', 'callback_data': 'monthly_report'}], [{'text': '👤 پروفایل من', 'callback_data': 'profile'}], [{'text': '👥 آشنایی با دوستان', 'callback_data': 'friends'}]]}}
2026-05-06 12:52:56,748 - httpx - INFO - HTTP Request: POST https://tapi.bale.ai/bot2029474166:MzkMDmPbKHhF6JT0Dn9AYuq84mnTq20L1wk/sendMessage "HTTP/1.1 200 OK"
2026-05-06 12:52:56,782 - handlers.start - INFO - User registered: علی حسنی پور (ID: 1336848033)
2026-05-06 12:53:01,257 - httpx - INFO - HTTP Request: POST https://tapi.bale.ai/bot2029474166:MzkMDmPbKHhF6JT0Dn9AYuq84mnTq20L1wk/getUpdates "HTTP/1.1 200 OK"
2026-05-06 12:53:01,282 - balethon.network.connection - INFO - [getUpdates] JSON{'offset': 95}
2026-05-06 12:53:06,368 - httpx - INFO - HTTP Request: POST https://tapi.bale.ai/bot2029474166:MzkMDmPbKHhF6JT0Dn9AYuq84mnTq20L1wk/getUpdates "HTTP/1.1 200 OK"
2026-05-06 12:53:06,401 - balethon.network.connection - INFO - [getUpdates] JSON{'offset': 95}
2026-05-06 12:53:11,666 - httpx - INFO - HTTP Request: POST https://tapi.bale.ai/bot2029474166:MzkMDmPbKHhF6JT0Dn9AYuq84mnTq20L1wk/getUpdates "HTTP/1.1 200 OK"
2026-05-06 12:53:11,703 - balethon.network.connection - INFO - [getUpdates] JSON{'offset': 95}
2026-05-06 12:53:16,755 - httpx - INFO - HTTP Request: POST https://tapi.bale.ai/bot2029474166:MzkMDmPbKHhF6JT0Dn9AYuq84mnTq20L1wk/getUpdates "HTTP/1.1 200 OK"
2026-05-06 12:53:16,783 - balethon.network.connection - INFO - [getUpdates] JSON{'offset': 95}
2026-05-06 12:53:21,853 - httpx - INFO - HTTP Request: POST https://tapi.bale.ai/bot2029474166:MzkMDmPbKHhF6JT0Dn9AYuq84mnTq20L1wk/getUpdates "HTTP/1.1 200 OK"
2026-05-06 12:53:21,898 - balethon.network.connection - INFO - [getUpdates] JSON{'offset': 95}
2026-05-06 12:53:25,629 - httpx - INFO - HTTP Request: POST https://tapi.bale.ai/bot2029474166:MzkMDmPbKHhF6JT0Dn9AYuq84mnTq20L1wk/getUpdates "HTTP/1.1 200 OK"
2026-05-06 12:53:25,711 - balethon.network.connection - INFO - [getUpdates] JSON{'offset': 96}
2026-05-06 12:53:25,720 - bot - INFO - Callback query from user 1336848033: daily_report
2026-05-06 12:53:25,825 - balethon.network.connection - INFO - [sendMessage] JSON{'chat_id': 1336848033, 'text': '📊 ثبت گزارش روزانه\n\n📅 امروز: دوشنبه 64510/05/09\n\n⬛️ لطفاً ساعت کاری اصلی را وارد کنید:\n(مثال: 6 یا 6.5)'}
2026-05-06 12:53:26,302 - httpx - INFO - HTTP Request: POST https://tapi.bale.ai/bot2029474166:MzkMDmPbKHhF6JT0Dn9AYuq84mnTq20L1wk/sendMessage "HTTP/1.1 200 OK"
2026-05-06 12:53:26,373 - balethon.network.connection - INFO - [answerCallbackQuery] JSON{'callback_query_id': '4107565012042113632', 'text': '', 'show_alert': False}
2026-05-06 12:53:26,427 - httpx - INFO - HTTP Request: POST https://tapi.bale.ai/bot2029474166:MzkMDmPbKHhF6JT0Dn9AYuq84mnTq20L1wk/answerCallbackQuery "HTTP/1.1 200 OK"
2026-05-06 12:53:30,941 - httpx - INFO - HTTP Request: POST https://tapi.bale.ai/bot2029474166:MzkMDmPbKHhF6JT0Dn9AYuq84mnTq20L1wk/getUpdates "HTTP/1.1 200 OK"
2026-05-06 12:53:30,961 - balethon.network.connection - INFO - [getUpdates] JSON{'offset': 96}
2026-05-06 12:53:36,082 - httpx - INFO - HTTP Request: POST https://tapi.bale.ai/bot2029474166:MzkMDmPbKHhF6JT0Dn9AYuq84mnTq20L1wk/getUpdates "HTTP/1.1 200 OK"
2026-05-06 12:53:36,117 - balethon.network.connection - INFO - [getUpdates] JSON{'offset': 96}
2026-05-06 12:53:41,499 - httpx - INFO - HTTP Request: POST https://tapi.bale.ai/bot2029474166:MzkMDmPbKHhF6JT0Dn9AYuq84mnTq20L1wk/getUpdates "HTTP/1.1 200 OK"
2026-05-06 12:53:41,519 - balethon.network.connection - INFO - [getUpdates] JSON{'offset': 96}
2026-05-06 12:53:46,595 - httpx - INFO - HTTP Request: POST https://tapi.bale.ai/bot2029474166:MzkMDmPbKHhF6JT0Dn9AYuq84mnTq20L1wk/getUpdates "HTTP/1.1 200 OK"
2026-05-06 12:53:46,643 - balethon.network.connection - INFO - [getUpdates] JSON{'offset': 96}
2026-05-06 12:53:49,689 - werkzeug - INFO - 127.0.0.1 - - [06/May/2026 12:53:49] "GET /penalties HTTP/1.1" 200 -
2026-05-06 12:53:51,417 - werkzeug - INFO - 127.0.0.1 - - [06/May/2026 12:53:51] "GET / HTTP/1.1" 200 -
2026-05-06 12:53:51,693 - httpx - INFO - HTTP Request: POST https://tapi.bale.ai/bot2029474166:MzkMDmPbKHhF6JT0Dn9AYuq84mnTq20L1wk/getUpdates "HTTP/1.1 200 OK"
2026-05-06 12:53:51,704 - balethon.network.connection - INFO - [getUpdates] JSON{'offset': 96}
2026-05-06 12:53:54,680 - werkzeug - INFO - 127.0.0.1 - - [06/May/2026 12:53:54] "GET /reports HTTP/1.1" 200 -
2026-05-06 12:53:56,974 - httpx - INFO - HTTP Request: POST https://tapi.bale.ai/bot2029474166:MzkMDmPbKHhF6JT0Dn9AYuq84mnTq20L1wk/getUpdates "HTTP/1.1 200 OK"
2026-05-06 12:53:57,094 - balethon.network.connection - INFO - [getUpdates] JSON{'offset': 96}
2026-05-06 12:53:57,602 - werkzeug - INFO - 127.0.0.1 - - [06/May/2026 12:53:57] "GET / HTTP/1.1" 200 -
2026-05-06 12:54:02,180 - httpx - INFO - HTTP Request: POST https://tapi.bale.ai/bot2029474166:MzkMDmPbKHhF6JT0Dn9AYuq84mnTq20L1wk/getUpdates "HTTP/1.1 200 OK"
2026-05-06 12:54:02,192 - balethon.network.connection - INFO - [getUpdates] JSON{'offset': 96}
2026-05-06 12:54:07,259 - httpx - INFO - HTTP Request: POST https://tapi.bale.ai/bot2029474166:MzkMDmPbKHhF6JT0Dn9AYuq84mnTq20L1wk/getUpdates "HTTP/1.1 200 OK"
2026-05-06 12:54:07,268 - balethon.network.connection - INFO - [getUpdates] JSON{'offset': 96}
2026-05-06 12:54:10,909 - werkzeug - INFO - 127.0.0.1 - - [06/May/2026 12:54:10] "GET / HTTP/1.1" 200 -
2026-05-06 12:54:12,315 - httpx - INFO - HTTP Request: POST https://tapi.bale.ai/bot2029474166:MzkMDmPbKHhF6JT0Dn9AYuq84mnTq20L1wk/getUpdates "HTTP/1.1 200 OK"
2026-05-06 12:54:12,329 - balethon.network.connection - INFO - [getUpdates] JSON{'offset': 96}
2026-05-06 12:54:13,290 - werkzeug - INFO - 127.0.0.1 - - [06/May/2026 12:54:13] "GET /users HTTP/1.1" 200 -
2026-05-06 12:54:17,390 - httpx - INFO - HTTP Request: POST https://tapi.bale.ai/bot2029474166:MzkMDmPbKHhF6JT0Dn9AYuq84mnTq20L1wk/getUpdates "HTTP/1.1 200 OK"
2026-05-06 12:54:17,406 - balethon.network.connection - INFO - [getUpdates] JSON{'offset': 96}
2026-05-06 12:54:19,078 - werkzeug - INFO - 127.0.0.1 - - [06/May/2026 12:54:19] "GET /reports HTTP/1.1" 200 -
2026-05-06 12:54:22,469 - httpx - INFO - HTTP Request: POST https://tapi.bale.ai/bot2029474166:MzkMDmPbKHhF6JT0Dn9AYuq84mnTq20L1wk/getUpdates "HTTP/1.1 200 OK"
2026-05-06 12:54:22,483 - balethon.network.connection - INFO - [getUpdates] JSON{'offset': 96}
2026-05-06 12:54:27,567 - httpx - INFO - HTTP Request: POST https://tapi.bale.ai/bot2029474166:MzkMDmPbKHhF6JT0Dn9AYuq84mnTq20L1wk/getUpdates "HTTP/1.1 200 OK"
2026-05-06 12:54:27,579 - balethon.network.connection - INFO - [getUpdates] JSON{'offset': 96}
2026-05-06 12:54:32,656 - httpx - INFO - HTTP Request: POST https://tapi.bale.ai/bot2029474166:MzkMDmPbKHhF6JT0Dn9AYuq84mnTq20L1wk/getUpdates "HTTP/1.1 200 OK"
2026-05-06 12:54:32,672 - balethon.network.connection - INFO - [getUpdates] JSON{'offset': 96}
2026-05-06 12:54:37,722 - httpx - INFO - HTTP Request: POST https://tapi.bale.ai/bot2029474166:MzkMDmPbKHhF6JT0Dn9AYuq84mnTq20L1wk/getUpdates "HTTP/1.1 200 OK"
2026-05-06 12:54:37,731 - balethon.network.connection - INFO - [getUpdates] JSON{'offset': 96}
2026-05-06 12:54:42,872 - httpx - INFO - HTTP Request: POST https://tapi.bale.ai/bot2029474166:MzkMDmPbKHhF6JT0Dn9AYuq84mnTq20L1wk/getUpdates "HTTP/1.1 200 OK"
2026-05-06 12:54:42,887 - balethon.network.connection - INFO - [getUpdates] JSON{'offset': 96}
2026-05-06 12:54:47,945 - httpx - INFO - HTTP Request: POST https://tapi.bale.ai/bot2029474166:MzkMDmPbKHhF6JT0Dn9AYuq84mnTq20L1wk/getUpdates "HTTP/1.1 200 OK"
2026-05-06 12:54:47,953 - balethon.network.connection - INFO - [getUpdates] JSON{'offset': 96}
2026-05-06 12:54:53,048 - httpx - INFO - HTTP Request: POST https://tapi.bale.ai/bot2029474166:MzkMDmPbKHhF6JT0Dn9AYuq84mnTq20L1wk/getUpdates "HTTP/1.1 200 OK"
2026-05-06 12:54:53,076 - balethon.network.connection - INFO - [getUpdates] JSON{'offset': 96}
2026-05-06 12:54:58,122 - httpx - INFO - HTTP Request: POST https://tapi.bale.ai/bot2029474166:MzkMDmPbKHhF6JT0Dn9AYuq84mnTq20L1wk/getUpdates "HTTP/1.1 200 OK"
2026-05-06 12:54:58,225 - balethon.network.connection - INFO - [getUpdates] JSON{'offset': 96}
2026-05-06 12:55:00,459 - httpx - INFO - HTTP Request: POST https://tapi.bale.ai/bot2029474166:MzkMDmPbKHhF6JT0Dn9AYuq84mnTq20L1wk/getUpdates "HTTP/1.1 200 OK"
2026-05-06 12:55:00,501 - balethon.network.connection - INFO - [getUpdates] JSON{'offset': 97}
2026-05-06 12:55:00,507 - bot - INFO - Callback query from user 1859314641: daily_report
2026-05-06 12:55:00,531 - balethon.network.connection - INFO - [sendMessage] JSON{'chat_id': 1859314641, 'text': '📊 ثبت گزارش روزانه\n\n📅 امروز: دوشنبه 64510/05/09\n\n⬛️ لطفاً ساعت کاری اصلی را وارد کنید:\n(مثال: 6 یا 6.5)'}
2026-05-06 12:55:00,849 - httpx - INFO - HTTP Request: POST https://tapi.bale.ai/bot2029474166:MzkMDmPbKHhF6JT0Dn9AYuq84mnTq20L1wk/sendMessage "HTTP/1.1 200 OK"
2026-05-06 12:55:00,889 - balethon.network.connection - INFO - [answerCallbackQuery] JSON{'callback_query_id': '4652886947118848893', 'text': '', 'show_alert': False}
2026-05-06 12:55:00,938 - httpx - INFO - HTTP Request: POST https://tapi.bale.ai/bot2029474166:MzkMDmPbKHhF6JT0Dn9AYuq84mnTq20L1wk/answerCallbackQuery "HTTP/1.1 200 OK"
2026-05-06 12:55:05,433 - httpx - INFO - HTTP Request: POST https://tapi.bale.ai/bot2029474166:MzkMDmPbKHhF6JT0Dn9AYuq84mnTq20L1wk/getUpdates "HTTP/1.1 200 OK"
2026-05-06 12:55:05,484 - balethon.network.connection - INFO - [getUpdates] JSON{'offset': 98}
2026-05-06 12:55:05,494 - bot - INFO - Message from user 1859314641: 6
2026-05-06 12:55:05,514 - balethon.network.connection - INFO - [sendMessage] JSON{'chat_id': 1859314641, 'text': '🔵 لطفاً ساعت کاری فرعی را وارد کنید:\n(ورزش، پادکست، یادگیری، ...)\n\n(مثال: 2 یا 2.5)'}
2026-05-06 12:55:05,625 - httpx - INFO - HTTP Request: POST https://tapi.bale.ai/bot2029474166:MzkMDmPbKHhF6JT0Dn9AYuq84mnTq20L1wk/sendMessage "HTTP/1.1 200 OK"
2026-05-06 12:55:08,318 - httpx - INFO - HTTP Request: POST https://tapi.bale.ai/bot2029474166:MzkMDmPbKHhF6JT0Dn9AYuq84mnTq20L1wk/getUpdates "HTTP/1.1 200 OK"
2026-05-06 12:55:08,380 - balethon.network.connection - INFO - [getUpdates] JSON{'offset': 99}
2026-05-06 12:55:08,387 - bot - INFO - Message from user 1859314641: 1
2026-05-06 12:55:08,406 - database.db - INFO - Report added: user_id=2, date=64510/05/09
2026-05-06 12:55:08,407 - services.reports - INFO - Report submitted: user_id=2, date=64510/05/09
2026-05-06 12:55:08,425 - balethon.network.connection - INFO - [sendMessage] JSON{'chat_id': 1859314641, 'text': '✅ گزارش شما ثبت شد!\n\n👤 رضا\n⬛️ اصلی: 6.0\n🔵 فرعی: 1.0\n➕ مجموع: 7.0', 'reply_markup': {'inline_keyboard': [[{'text': '🏠 بازگشت به منوی اصلی', 'callback_data': 'main_menu'}]]}}
2026-05-06 12:55:08,599 - httpx - INFO - HTTP Request: POST https://tapi.bale.ai/bot2029474166:MzkMDmPbKHhF6JT0Dn9AYuq84mnTq20L1wk/sendMessage "HTTP/1.1 200 OK"
2026-05-06 12:55:08,649 - balethon.network.connection - INFO - [sendMessage] JSON{'chat_id': 4365329116, 'text': '👤 رضا\n📌 اصلی: 6.0\n📌 فرعی: 1.0\n➕ مجموع: 7.0\n📅 دوشنبه 64510/05/09'}
2026-05-06 12:55:08,782 - httpx - INFO - HTTP Request: POST https://tapi.bale.ai/bot2029474166:MzkMDmPbKHhF6JT0Dn9AYuq84mnTq20L1wk/sendMessage "HTTP/1.1 200 OK"
2026-05-06 12:55:08,795 - handlers.tasks - INFO - Group notification sent for user رضا
2026-05-06 12:55:08,796 - handlers.tasks - INFO - Report submitted: user=رضا, main=6.0, side=1.0
2026-05-06 12:55:13,613 - httpx - INFO - HTTP Request: POST https://tapi.bale.ai/bot2029474166:MzkMDmPbKHhF6JT0Dn9AYuq84mnTq20L1wk/getUpdates "HTTP/1.1 200 OK"
2026-05-06 12:55:13,638 - balethon.network.connection - INFO - [getUpdates] JSON{'offset': 99}
2026-05-06 12:55:18,710 - httpx - INFO - HTTP Request: POST https://tapi.bale.ai/bot2029474166:MzkMDmPbKHhF6JT0Dn9AYuq84mnTq20L1wk/getUpdates "HTTP/1.1 200 OK"
2026-05-06 12:55:18,728 - balethon.network.connection - INFO - [getUpdates] JSON{'offset': 99}
2026-05-06 12:55:23,821 - httpx - INFO - HTTP Request: POST https://tapi.bale.ai/bot2029474166:MzkMDmPbKHhF6JT0Dn9AYuq84mnTq20L1wk/getUpdates "HTTP/1.1 200 OK"
2026-05-06 12:55:23,834 - balethon.network.connection - INFO - [getUpdates] JSON{'offset': 99}
2026-05-06 12:55:28,927 - httpx - INFO - HTTP Request: POST https://tapi.bale.ai/bot2029474166:MzkMDmPbKHhF6JT0Dn9AYuq84mnTq20L1wk/getUpdates "HTTP/1.1 200 OK"
2026-05-06 12:55:28,930 - balethon.network.connection - INFO - [getUpdates] JSON{'offset': 99}
2026-05-06 12:55:33,972 - httpx - INFO - HTTP Request: POST https://tapi.bale.ai/bot2029474166:MzkMDmPbKHhF6JT0Dn9AYuq84mnTq20L1wk/getUpdates "HTTP/1.1 200 OK"
2026-05-06 12:55:33,980 - balethon.network.connection - INFO - [getUpdates] JSON{'offset': 99}
2026-05-06 12:55:39,053 - httpx - INFO - HTTP Request: POST https://tapi.bale.ai/bot2029474166:MzkMDmPbKHhF6JT0Dn9AYuq84mnTq20L1wk/getUpdates "HTTP/1.1 200 OK"
2026-05-06 12:55:39,062 - balethon.network.connection - INFO - [getUpdates] JSON{'offset': 99}
2026-05-06 12:55:44,220 - httpx - INFO - HTTP Request: POST https://tapi.bale.ai/bot2029474166:MzkMDmPbKHhF6JT0Dn9AYuq84mnTq20L1wk/getUpdates "HTTP/1.1 200 OK"
2026-05-06 12:55:44,228 - balethon.network.connection - INFO - [getUpdates] JSON{'offset': 99}
2026-05-06 12:55:49,288 - httpx - INFO - HTTP Request: POST https://tapi.bale.ai/bot2029474166:MzkMDmPbKHhF6JT0Dn9AYuq84mnTq20L1wk/getUpdates "HTTP/1.1 200 OK"
2026-05-06 12:55:49,292 - balethon.network.connection - INFO - [getUpdates] JSON{'offset': 99}
2026-05-06 12:55:54,341 - httpx - INFO - HTTP Request: POST https://tapi.bale.ai/bot2029474166:MzkMDmPbKHhF6JT0Dn9AYuq84mnTq20L1wk/getUpdates "HTTP/1.1 200 OK"
2026-05-06 12:55:54,350 - balethon.network.connection - INFO - [getUpdates] JSON{'offset': 99}
2026-05-06 12:55:59,443 - httpx - INFO - HTTP Request: POST https://tapi.bale.ai/bot2029474166:MzkMDmPbKHhF6JT0Dn9AYuq84mnTq20L1wk/getUpdates "HTTP/1.1 200 OK"
2026-05-06 12:55:59,448 - balethon.network.connection - INFO - [getUpdates] JSON{'offset': 99}
2026-05-06 12:56:04,564 - httpx - INFO - HTTP Request: POST https://tapi.bale.ai/bot2029474166:MzkMDmPbKHhF6JT0Dn9AYuq84mnTq20L1wk/getUpdates "HTTP/1.1 200 OK"
2026-05-06 12:56:04,572 - balethon.network.connection - INFO - [getUpdates] JSON{'offset': 99}
2026-05-06 12:56:09,679 - httpx - INFO - HTTP Request: POST https://tapi.bale.ai/bot2029474166:MzkMDmPbKHhF6JT0Dn9AYuq84mnTq20L1wk/getUpdates "HTTP/1.1 200 OK"
2026-05-06 12:56:09,688 - balethon.network.connection - INFO - [getUpdates] JSON{'offset': 99}
2026-05-06 12:56:14,811 - httpx - INFO - HTTP Request: POST https://tapi.bale.ai/bot2029474166:MzkMDmPbKHhF6JT0Dn9AYuq84mnTq20L1wk/getUpdates "HTTP/1.1 200 OK"
2026-05-06 12:56:14,819 - balethon.network.connection - INFO - [getUpdates] JSON{'offset': 99}
2026-05-06 12:56:20,179 - httpx - INFO - HTTP Request: POST https://tapi.bale.ai/bot2029474166:MzkMDmPbKHhF6JT0Dn9AYuq84mnTq20L1wk/getUpdates "HTTP/1.1 200 OK"
2026-05-06 12:56:20,191 - balethon.network.connection - INFO - [getUpdates] JSON{'offset': 99}
2026-05-06 12:56:25,251 - httpx - INFO - HTTP Request: POST https://tapi.bale.ai/bot2029474166:MzkMDmPbKHhF6JT0Dn9AYuq84mnTq20L1wk/getUpdates "HTTP/1.1 200 OK"
2026-05-06 12:56:25,267 - balethon.network.connection - INFO - [getUpdates] JSON{'offset': 99}
2026-05-06 12:56:30,359 - httpx - INFO - HTTP Request: POST https://tapi.bale.ai/bot2029474166:MzkMDmPbKHhF6JT0Dn9AYuq84mnTq20L1wk/getUpdates "HTTP/1.1 200 OK"
2026-05-06 12:56:30,380 - balethon.network.connection - INFO - [getUpdates] JSON{'offset': 99}
2026-05-06 12:56:35,452 - httpx - INFO - HTTP Request: POST https://tapi.bale.ai/bot2029474166:MzkMDmPbKHhF6JT0Dn9AYuq84mnTq20L1wk/getUpdates "HTTP/1.1 200 OK"
2026-05-06 12:56:35,462 - balethon.network.connection - INFO - [getUpdates] JSON{'offset': 99}
2026-05-06 12:56:40,504 - httpx - INFO - HTTP Request: POST https://tapi.bale.ai/bot2029474166:MzkMDmPbKHhF6JT0Dn9AYuq84mnTq20L1wk/getUpdates "HTTP/1.1 200 OK"
2026-05-06 12:56:40,512 - balethon.network.connection - INFO - [getUpdates] JSON{'offset': 99}
2026-05-06 12:56:45,684 - httpx - INFO - HTTP Request: POST https://tapi.bale.ai/bot2029474166:MzkMDmPbKHhF6JT0Dn9AYuq84mnTq20L1wk/getUpdates "HTTP/1.1 200 OK"
2026-05-06 12:56:45,692 - balethon.network.connection - INFO - [getUpdates] JSON{'offset': 99}
2026-05-06 12:56:50,784 - httpx - INFO - HTTP Request: POST https://tapi.bale.ai/bot2029474166:MzkMDmPbKHhF6JT0Dn9AYuq84mnTq20L1wk/getUpdates "HTTP/1.1 200 OK"
2026-05-06 12:56:50,793 - balethon.network.connection - INFO - [getUpdates] JSON{'offset': 99}
2026-05-06 12:56:55,870 - httpx - INFO - HTTP Request: POST https://tapi.bale.ai/bot2029474166:MzkMDmPbKHhF6JT0Dn9AYuq84mnTq20L1wk/getUpdates "HTTP/1.1 200 OK"
2026-05-06 12:56:55,880 - balethon.network.connection - INFO - [getUpdates] JSON{'offset': 99}
2026-05-06 12:57:01,290 - httpx - INFO - HTTP Request: POST https://tapi.bale.ai/bot2029474166:MzkMDmPbKHhF6JT0Dn9AYuq84mnTq20L1wk/getUpdates "HTTP/1.1 200 OK"
2026-05-06 12:57:01,299 - balethon.network.connection - INFO - [getUpdates] JSON{'offset': 99}
2026-05-06 12:57:06,348 - httpx - INFO - HTTP Request: POST https://tapi.bale.ai/bot2029474166:MzkMDmPbKHhF6JT0Dn9AYuq84mnTq20L1wk/getUpdates "HTTP/1.1 200 OK"
2026-05-06 12:57:06,358 - balethon.network.connection - INFO - [getUpdates] JSON{'offset': 99}
2026-05-06 12:57:11,444 - httpx - INFO - HTTP Request: POST https://tapi.bale.ai/bot2029474166:MzkMDmPbKHhF6JT0Dn9AYuq84mnTq20L1wk/getUpdates "HTTP/1.1 200 OK"
2026-05-06 12:57:11,452 - balethon.network.connection - INFO - [getUpdates] JSON{'offset': 99}
2026-05-06 12:57:16,529 - httpx - INFO - HTTP Request: POST https://tapi.bale.ai/bot2029474166:MzkMDmPbKHhF6JT0Dn9AYuq84mnTq20L1wk/getUpdates "HTTP/1.1 200 OK"
2026-05-06 12:57:16,538 - balethon.network.connection - INFO - [getUpdates] JSON{'offset': 99}
2026-05-06 12:57:21,585 - httpx - INFO - HTTP Request: POST https://tapi.bale.ai/bot2029474166:MzkMDmPbKHhF6JT0Dn9AYuq84mnTq20L1wk/getUpdates "HTTP/1.1 200 OK"
2026-05-06 12:57:21,592 - balethon.network.connection - INFO - [getUpdates] JSON{'offset': 99}
2026-05-06 12:57:27,057 - httpx - INFO - HTTP Request: POST https://tapi.bale.ai/bot2029474166:MzkMDmPbKHhF6JT0Dn9AYuq84mnTq20L1wk/getUpdates "HTTP/1.1 200 OK"
2026-05-06 12:57:27,066 - balethon.network.connection - INFO - [getUpdates] JSON{'offset': 99}
2026-05-06 12:57:32,144 - httpx - INFO - HTTP Request: POST https://tapi.bale.ai/bot2029474166:MzkMDmPbKHhF6JT0Dn9AYuq84mnTq20L1wk/getUpdates "HTTP/1.1 200 OK"
2026-05-06 12:57:32,154 - balethon.network.connection - INFO - [getUpdates] JSON{'offset': 99}
2026-05-06 12:57:37,213 - httpx - INFO - HTTP Request: POST https://tapi.bale.ai/bot2029474166:MzkMDmPbKHhF6JT0Dn9AYuq84mnTq20L1wk/getUpdates "HTTP/1.1 200 OK"
2026-05-06 12:57:37,222 - balethon.network.connection - INFO - [getUpdates] JSON{'offset': 99}
2026-05-06 12:57:42,299 - httpx - INFO - HTTP Request: POST https://tapi.bale.ai/bot2029474166:MzkMDmPbKHhF6JT0Dn9AYuq84mnTq20L1wk/getUpdates "HTTP/1.1 200 OK"
2026-05-06 12:57:42,307 - balethon.network.connection - INFO - [getUpdates] JSON{'offset': 99}
2026-05-06 12:57:47,354 - httpx - INFO - HTTP Request: POST https://tapi.bale.ai/bot2029474166:MzkMDmPbKHhF6JT0Dn9AYuq84mnTq20L1wk/getUpdates "HTTP/1.1 200 OK"
2026-05-06 12:57:47,362 - balethon.network.connection - INFO - [getUpdates] JSON{'offset': 99}
2026-05-06 12:57:52,407 - httpx - INFO - HTTP Request: POST https://tapi.bale.ai/bot2029474166:MzkMDmPbKHhF6JT0Dn9AYuq84mnTq20L1wk/getUpdates "HTTP/1.1 200 OK"
2026-05-06 12:57:52,414 - balethon.network.connection - INFO - [getUpdates] JSON{'offset': 99}
2026-05-06 12:57:57,476 - httpx - INFO - HTTP Request: POST https://tapi.bale.ai/bot2029474166:MzkMDmPbKHhF6JT0Dn9AYuq84mnTq20L1wk/getUpdates "HTTP/1.1 200 OK"
2026-05-06 12:57:57,488 - balethon.network.connection - INFO - [getUpdates] JSON{'offset': 99}
2026-05-06 12:58:02,547 - httpx - INFO - HTTP Request: POST https://tapi.bale.ai/bot2029474166:MzkMDmPbKHhF6JT0Dn9AYuq84mnTq20L1wk/getUpdates "HTTP/1.1 200 OK"
2026-05-06 12:58:02,555 - balethon.network.connection - INFO - [getUpdates] JSON{'offset': 99}
2026-05-06 12:58:07,600 - httpx - INFO - HTTP Request: POST https://tapi.bale.ai/bot2029474166:MzkMDmPbKHhF6JT0Dn9AYuq84mnTq20L1wk/getUpdates "HTTP/1.1 200 OK"
2026-05-06 12:58:07,609 - balethon.network.connection - INFO - [getUpdates] JSON{'offset': 99}
2026-05-06 12:58:12,669 - httpx - INFO - HTTP Request: POST https://tapi.bale.ai/bot2029474166:MzkMDmPbKHhF6JT0Dn9AYuq84mnTq20L1wk/getUpdates "HTTP/1.1 200 OK"
2026-05-06 12:58:12,673 - balethon.network.connection - INFO - [getUpdates] JSON{'offset': 99}
2026-05-06 12:58:17,797 - httpx - INFO - HTTP Request: POST https://tapi.bale.ai/bot2029474166:MzkMDmPbKHhF6JT0Dn9AYuq84mnTq20L1wk/getUpdates "HTTP/1.1 200 OK"
2026-05-06 12:58:17,807 - balethon.network.connection - INFO - [getUpdates] JSON{'offset': 99}
2026-05-06 12:58:22,914 - httpx - INFO - HTTP Request: POST https://tapi.bale.ai/bot2029474166:MzkMDmPbKHhF6JT0Dn9AYuq84mnTq20L1wk/getUpdates "HTTP/1.1 200 OK"
2026-05-06 12:58:22,921 - balethon.network.connection - INFO - [getUpdates] JSON{'offset': 99}
2026-05-06 12:58:28,184 - httpx - INFO - HTTP Request: POST https://tapi.bale.ai/bot2029474166:MzkMDmPbKHhF6JT0Dn9AYuq84mnTq20L1wk/getUpdates "HTTP/1.1 200 OK"
2026-05-06 12:58:28,197 - balethon.network.connection - INFO - [getUpdates] JSON{'offset': 99}
2026-05-06 12:58:33,308 - httpx - INFO - HTTP Request: POST https://tapi.bale.ai/bot2029474166:MzkMDmPbKHhF6JT0Dn9AYuq84mnTq20L1wk/getUpdates "HTTP/1.1 200 OK"
2026-05-06 12:58:33,323 - balethon.network.connection - INFO - [getUpdates] JSON{'offset': 99}
2026-05-06 12:58:38,390 - httpx - INFO - HTTP Request: POST https://tapi.bale.ai/bot2029474166:MzkMDmPbKHhF6JT0Dn9AYuq84mnTq20L1wk/getUpdates "HTTP/1.1 200 OK"
2026-05-06 12:58:38,394 - balethon.network.connection - INFO - [getUpdates] JSON{'offset': 99}
2026-05-06 12:58:43,533 - httpx - INFO - HTTP Request: POST https://tapi.bale.ai/bot2029474166:MzkMDmPbKHhF6JT0Dn9AYuq84mnTq20L1wk/getUpdates "HTTP/1.1 200 OK"
2026-05-06 12:58:43,541 - balethon.network.connection - INFO - [getUpdates] JSON{'offset': 99}
2026-05-06 12:58:48,832 - httpx - INFO - HTTP Request: POST https://tapi.bale.ai/bot2029474166:MzkMDmPbKHhF6JT0Dn9AYuq84mnTq20L1wk/getUpdates "HTTP/1.1 200 OK"
2026-05-06 12:58:48,887 - balethon.network.connection - INFO - [getUpdates] JSON{'offset': 99}
2026-05-06 12:58:55,151 - httpx - INFO - HTTP Request: POST https://tapi.bale.ai/bot2029474166:MzkMDmPbKHhF6JT0Dn9AYuq84mnTq20L1wk/getUpdates "HTTP/1.1 200 OK"
2026-05-06 12:58:55,265 - balethon.network.connection - INFO - [getUpdates] JSON{'offset': 99}
2026-05-06 12:59:00,313 - httpx - INFO - HTTP Request: POST https://tapi.bale.ai/bot2029474166:MzkMDmPbKHhF6JT0Dn9AYuq84mnTq20L1wk/getUpdates "HTTP/1.1 200 OK"
2026-05-06 12:59:00,342 - balethon.network.connection - INFO - [getUpdates] JSON{'offset': 99}
2026-05-06 12:59:05,584 - httpx - INFO - HTTP Request: POST https://tapi.bale.ai/bot2029474166:MzkMDmPbKHhF6JT0Dn9AYuq84mnTq20L1wk/getUpdates "HTTP/1.1 200 OK"
2026-05-06 12:59:05,623 - balethon.network.connection - INFO - [getUpdates] JSON{'offset': 99}
2026-05-06 12:59:10,680 - httpx - INFO - HTTP Request: POST https://tapi.bale.ai/bot2029474166:MzkMDmPbKHhF6JT0Dn9AYuq84mnTq20L1wk/getUpdates "HTTP/1.1 200 OK"
2026-05-06 12:59:10,721 - balethon.network.connection - INFO - [getUpdates] JSON{'offset': 99}
2026-05-06 12:59:15,766 - httpx - INFO - HTTP Request: POST https://tapi.bale.ai/bot2029474166:MzkMDmPbKHhF6JT0Dn9AYuq84mnTq20L1wk/getUpdates "HTTP/1.1 200 OK"
2026-05-06 12:59:15,792 - balethon.network.connection - INFO - [getUpdates] JSON{'offset': 99}
2026-05-06 12:59:21,075 - httpx - INFO - HTTP Request: POST https://tapi.bale.ai/bot2029474166:MzkMDmPbKHhF6JT0Dn9AYuq84mnTq20L1wk/getUpdates "HTTP/1.1 200 OK"
2026-05-06 12:59:21,108 - balethon.network.connection - INFO - [getUpdates] JSON{'offset': 99}
2026-05-06 12:59:26,182 - httpx - INFO - HTTP Request: POST https://tapi.bale.ai/bot2029474166:MzkMDmPbKHhF6JT0Dn9AYuq84mnTq20L1wk/getUpdates "HTTP/1.1 200 OK"
2026-05-06 12:59:26,217 - balethon.network.connection - INFO - [getUpdates] JSON{'offset': 99}
2026-05-06 12:59:31,470 - httpx - INFO - HTTP Request: POST https://tapi.bale.ai/bot2029474166:MzkMDmPbKHhF6JT0Dn9AYuq84mnTq20L1wk/getUpdates "HTTP/1.1 200 OK"
2026-05-06 12:59:31,511 - balethon.network.connection - INFO - [getUpdates] JSON{'offset': 99}
2026-05-06 12:59:36,570 - httpx - INFO - HTTP Request: POST https://tapi.bale.ai/bot2029474166:MzkMDmPbKHhF6JT0Dn9AYuq84mnTq20L1wk/getUpdates "HTTP/1.1 200 OK"
2026-05-06 12:59:36,607 - balethon.network.connection - INFO - [getUpdates] JSON{'offset': 99}
2026-05-06 12:59:41,691 - httpx - INFO - HTTP Request: POST https://tapi.bale.ai/bot2029474166:MzkMDmPbKHhF6JT0Dn9AYuq84mnTq20L1wk/getUpdates "HTTP/1.1 200 OK"
2026-05-06 12:59:41,716 - balethon.network.connection - INFO - [getUpdates] JSON{'offset': 99}
2026-05-06 12:59:46,937 - httpx - INFO - HTTP Request: POST https://tapi.bale.ai/bot2029474166:MzkMDmPbKHhF6JT0Dn9AYuq84mnTq20L1wk/getUpdates "HTTP/1.1 200 OK"
2026-05-06 12:59:46,969 - balethon.network.connection - INFO - [getUpdates] JSON{'offset': 99}
2026-05-06 12:59:52,021 - httpx - INFO - HTTP Request: POST https://tapi.bale.ai/bot2029474166:MzkMDmPbKHhF6JT0Dn9AYuq84mnTq20L1wk/getUpdates "HTTP/1.1 200 OK"
2026-05-06 12:59:52,041 - balethon.network.connection - INFO - [getUpdates] JSON{'offset': 99}
2026-05-06 12:59:57,101 - httpx - INFO - HTTP Request: POST https://tapi.bale.ai/bot2029474166:MzkMDmPbKHhF6JT0Dn9AYuq84mnTq20L1wk/getUpdates "HTTP/1.1 200 OK"
2026-05-06 12:59:57,110 - balethon.network.connection - INFO - [getUpdates] JSON{'offset': 99}
2026-05-06 13:00:02,151 - httpx - INFO - HTTP Request: POST https://tapi.bale.ai/bot2029474166:MzkMDmPbKHhF6JT0Dn9AYuq84mnTq20L1wk/getUpdates "HTTP/1.1 200 OK"
2026-05-06 13:00:02,157 - balethon.network.connection - INFO - [getUpdates] JSON{'offset': 99}
2026-05-06 13:00:07,704 - httpx - INFO - HTTP Request: POST https://tapi.bale.ai/bot2029474166:MzkMDmPbKHhF6JT0Dn9AYuq84mnTq20L1wk/getUpdates "HTTP/1.1 200 OK"
2026-05-06 13:00:07,709 - balethon.network.connection - INFO - [getUpdates] JSON{'offset': 99}
2026-05-06 13:00:12,769 - httpx - INFO - HTTP Request: POST https://tapi.bale.ai/bot2029474166:MzkMDmPbKHhF6JT0Dn9AYuq84mnTq20L1wk/getUpdates "HTTP/1.1 200 OK"
2026-05-06 13:00:12,776 - balethon.network.connection - INFO - [getUpdates] JSON{'offset': 99}
2026-05-06 13:00:17,842 - httpx - INFO - HTTP Request: POST https://tapi.bale.ai/bot2029474166:MzkMDmPbKHhF6JT0Dn9AYuq84mnTq20L1wk/getUpdates "HTTP/1.1 200 OK"
2026-05-06 13:00:17,849 - balethon.network.connection - INFO - [getUpdates] JSON{'offset': 99}
2026-05-06 13:00:22,897 - httpx - INFO - HTTP Request: POST https://tapi.bale.ai/bot2029474166:MzkMDmPbKHhF6JT0Dn9AYuq84mnTq20L1wk/getUpdates "HTTP/1.1 200 OK"
2026-05-06 13:00:22,906 - balethon.network.connection - INFO - [getUpdates] JSON{'offset': 99}
2026-05-06 13:00:27,956 - httpx - INFO - HTTP Request: POST https://tapi.bale.ai/bot2029474166:MzkMDmPbKHhF6JT0Dn9AYuq84mnTq20L1wk/getUpdates "HTTP/1.1 200 OK"
2026-05-06 13:00:27,960 - balethon.network.connection - INFO - [getUpdates] JSON{'offset': 99}
2026-05-06 13:00:33,015 - httpx - INFO - HTTP Request: POST https://tapi.bale.ai/bot2029474166:MzkMDmPbKHhF6JT0Dn9AYuq84mnTq20L1wk/getUpdates "HTTP/1.1 200 OK"
2026-05-06 13:00:33,023 - balethon.network.connection - INFO - [getUpdates] JSON{'offset': 99}
2026-05-06 13:00:38,069 - httpx - INFO - HTTP Request: POST https://tapi.bale.ai/bot2029474166:MzkMDmPbKHhF6JT0Dn9AYuq84mnTq20L1wk/getUpdates "HTTP/1.1 200 OK"
2026-05-06 13:00:38,076 - balethon.network.connection - INFO - [getUpdates] JSON{'offset': 99}
2026-05-06 13:00:43,134 - httpx - INFO - HTTP Request: POST https://tapi.bale.ai/bot2029474166:MzkMDmPbKHhF6JT0Dn9AYuq84mnTq20L1wk/getUpdates "HTTP/1.1 200 OK"
2026-05-06 13:00:43,155 - balethon.network.connection - INFO - [getUpdates] JSON{'offset': 99}
2026-05-06 13:00:48,253 - httpx - INFO - HTTP Request: POST https://tapi.bale.ai/bot2029474166:MzkMDmPbKHhF6JT0Dn9AYuq84mnTq20L1wk/getUpdates "HTTP/1.1 200 OK"
2026-05-06 13:00:48,261 - balethon.network.connection - INFO - [getUpdates] JSON{'offset': 99}
2026-05-06 13:00:53,310 - httpx - INFO - HTTP Request: POST https://tapi.bale.ai/bot2029474166:MzkMDmPbKHhF6JT0Dn9AYuq84mnTq20L1wk/getUpdates "HTTP/1.1 200 OK"
2026-05-06 13:00:53,323 - balethon.network.connection - INFO - [getUpdates] JSON{'offset': 99}
2026-05-06 13:00:58,371 - httpx - INFO - HTTP Request: POST https://tapi.bale.ai/bot2029474166:MzkMDmPbKHhF6JT0Dn9AYuq84mnTq20L1wk/getUpdates "HTTP/1.1 200 OK"
2026-05-06 13:00:58,378 - balethon.network.connection - INFO - [getUpdates] JSON{'offset': 99}
2026-05-06 13:01:03,418 - httpx - INFO - HTTP Request: POST https://tapi.bale.ai/bot2029474166:MzkMDmPbKHhF6JT0Dn9AYuq84mnTq20L1wk/getUpdates "HTTP/1.1 200 OK"
2026-05-06 13:01:03,426 - balethon.network.connection - INFO - [getUpdates] JSON{'offset': 99}
2026-05-06 13:01:08,466 - httpx - INFO - HTTP Request: POST https://tapi.bale.ai/bot2029474166:MzkMDmPbKHhF6JT0Dn9AYuq84mnTq20L1wk/getUpdates "HTTP/1.1 200 OK"
2026-05-06 13:01:08,477 - balethon.network.connection - INFO - [getUpdates] JSON{'offset': 99}
2026-05-06 13:01:13,545 - httpx - INFO - HTTP Request: POST https://tapi.bale.ai/bot2029474166:MzkMDmPbKHhF6JT0Dn9AYuq84mnTq20L1wk/getUpdates "HTTP/1.1 200 OK"
2026-05-06 13:01:13,550 - balethon.network.connection - INFO - [getUpdates] JSON{'offset': 99}
2026-05-06 13:01:18,615 - httpx - INFO - HTTP Request: POST https://tapi.bale.ai/bot2029474166:MzkMDmPbKHhF6JT0Dn9AYuq84mnTq20L1wk/getUpdates "HTTP/1.1 200 OK"
2026-05-06 13:01:18,624 - balethon.network.connection - INFO - [getUpdates] JSON{'offset': 99}
2026-05-06 13:01:23,668 - httpx - INFO - HTTP Request: POST https://tapi.bale.ai/bot2029474166:MzkMDmPbKHhF6JT0Dn9AYuq84mnTq20L1wk/getUpdates "HTTP/1.1 200 OK"
2026-05-06 13:01:23,675 - balethon.network.connection - INFO - [getUpdates] JSON{'offset': 99}
2026-05-06 13:01:28,716 - httpx - INFO - HTTP Request: POST https://tapi.bale.ai/bot2029474166:MzkMDmPbKHhF6JT0Dn9AYuq84mnTq20L1wk/getUpdates "HTTP/1.1 200 OK"
2026-05-06 13:01:28,725 - balethon.network.connection - INFO - [getUpdates] JSON{'offset': 99}
2026-05-06 13:01:33,766 - httpx - INFO - HTTP Request: POST https://tapi.bale.ai/bot2029474166:MzkMDmPbKHhF6JT0Dn9AYuq84mnTq20L1wk/getUpdates "HTTP/1.1 200 OK"
2026-05-06 13:01:33,771 - balethon.network.connection - INFO - [getUpdates] JSON{'offset': 99}
2026-05-06 13:01:38,896 - httpx - INFO - HTTP Request: POST https://tapi.bale.ai/bot2029474166:MzkMDmPbKHhF6JT0Dn9AYuq84mnTq20L1wk/getUpdates "HTTP/1.1 200 OK"
2026-05-06 13:01:38,907 - balethon.network.connection - INFO - [getUpdates] JSON{'offset': 99}
2026-05-06 13:01:43,944 - httpx - INFO - HTTP Request: POST https://tapi.bale.ai/bot2029474166:MzkMDmPbKHhF6JT0Dn9AYuq84mnTq20L1wk/getUpdates "HTTP/1.1 200 OK"
2026-05-06 13:01:43,950 - balethon.network.connection - INFO - [getUpdates] JSON{'offset': 99}
2026-05-06 13:01:48,991 - httpx - INFO - HTTP Request: POST https://tapi.bale.ai/bot2029474166:MzkMDmPbKHhF6JT0Dn9AYuq84mnTq20L1wk/getUpdates "HTTP/1.1 200 OK"
2026-05-06 13:01:48,999 - balethon.network.connection - INFO - [getUpdates] JSON{'offset': 99}
2026-05-06 13:01:54,131 - httpx - INFO - HTTP Request: POST https://tapi.bale.ai/bot2029474166:MzkMDmPbKHhF6JT0Dn9AYuq84mnTq20L1wk/getUpdates "HTTP/1.1 200 OK"
2026-05-06 13:01:54,138 - balethon.network.connection - INFO - [getUpdates] JSON{'offset': 99}
2026-05-06 13:01:59,700 - httpx - INFO - HTTP Request: POST https://tapi.bale.ai/bot2029474166:MzkMDmPbKHhF6JT0Dn9AYuq84mnTq20L1wk/getUpdates "HTTP/1.1 200 OK"
2026-05-06 13:01:59,741 - balethon.network.connection - INFO - [getUpdates] JSON{'offset': 99}
2026-05-06 13:02:04,790 - httpx - INFO - HTTP Request: POST https://tapi.bale.ai/bot2029474166:MzkMDmPbKHhF6JT0Dn9AYuq84mnTq20L1wk/getUpdates "HTTP/1.1 200 OK"
2026-05-06 13:02:04,827 - balethon.network.connection - INFO - [getUpdates] JSON{'offset': 99}
2026-05-06 13:02:09,902 - httpx - INFO - HTTP Request: POST https://tapi.bale.ai/bot2029474166:MzkMDmPbKHhF6JT0Dn9AYuq84mnTq20L1wk/getUpdates "HTTP/1.1 200 OK"
2026-05-06 13:02:09,942 - balethon.network.connection - INFO - [getUpdates] JSON{'offset': 99}
2026-05-06 13:02:14,994 - httpx - INFO - HTTP Request: POST https://tapi.bale.ai/bot2029474166:MzkMDmPbKHhF6JT0Dn9AYuq84mnTq20L1wk/getUpdates "HTTP/1.1 200 OK"
2026-05-06 13:02:15,000 - balethon.network.connection - INFO - [getUpdates] JSON{'offset': 99}
2026-05-06 13:02:20,051 - httpx - INFO - HTTP Request: POST https://tapi.bale.ai/bot2029474166:MzkMDmPbKHhF6JT0Dn9AYuq84mnTq20L1wk/getUpdates "HTTP/1.1 200 OK"
2026-05-06 13:02:20,055 - balethon.network.connection - INFO - [getUpdates] JSON{'offset': 99}
2026-05-06 13:02:25,138 - httpx - INFO - HTTP Request: POST https://tapi.bale.ai/bot2029474166:MzkMDmPbKHhF6JT0Dn9AYuq84mnTq20L1wk/getUpdates "HTTP/1.1 200 OK"
2026-05-06 13:02:25,145 - balethon.network.connection - INFO - [getUpdates] JSON{'offset': 99}
2026-05-06 13:02:30,191 - httpx - INFO - HTTP Request: POST https://tapi.bale.ai/bot2029474166:MzkMDmPbKHhF6JT0Dn9AYuq84mnTq20L1wk/getUpdates "HTTP/1.1 200 OK"
2026-05-06 13:02:30,199 - balethon.network.connection - INFO - [getUpdates] JSON{'offset': 99}
2026-05-06 13:02:35,250 - httpx - INFO - HTTP Request: POST https://tapi.bale.ai/bot2029474166:MzkMDmPbKHhF6JT0Dn9AYuq84mnTq20L1wk/getUpdates "HTTP/1.1 200 OK"
2026-05-06 13:02:35,254 - balethon.network.connection - INFO - [getUpdates] JSON{'offset': 99}
2026-05-06 13:02:40,297 - httpx - INFO - HTTP Request: POST https://tapi.bale.ai/bot2029474166:MzkMDmPbKHhF6JT0Dn9AYuq84mnTq20L1wk/getUpdates "HTTP/1.1 200 OK"
2026-05-06 13:02:40,304 - balethon.network.connection - INFO - [getUpdates] JSON{'offset': 99}
2026-05-06 13:02:45,354 - httpx - INFO - HTTP Request: POST https://tapi.bale.ai/bot2029474166:MzkMDmPbKHhF6JT0Dn9AYuq84mnTq20L1wk/getUpdates "HTTP/1.1 200 OK"
2026-05-06 13:02:45,359 - balethon.network.connection - INFO - [getUpdates] JSON{'offset': 99}
2026-05-06 13:02:50,408 - httpx - INFO - HTTP Request: POST https://tapi.bale.ai/bot2029474166:MzkMDmPbKHhF6JT0Dn9AYuq84mnTq20L1wk/getUpdates "HTTP/1.1 200 OK"
2026-05-06 13:02:50,415 - balethon.network.connection - INFO - [getUpdates] JSON{'offset': 99}
2026-05-06 13:02:55,463 - httpx - INFO - HTTP Request: POST https://tapi.bale.ai/bot2029474166:MzkMDmPbKHhF6JT0Dn9AYuq84mnTq20L1wk/getUpdates "HTTP/1.1 200 OK"
2026-05-06 13:02:55,472 - balethon.network.connection - INFO - [getUpdates] JSON{'offset': 99}
2026-05-06 13:03:00,568 - httpx - INFO - HTTP Request: POST https://tapi.bale.ai/bot2029474166:MzkMDmPbKHhF6JT0Dn9AYuq84mnTq20L1wk/getUpdates "HTTP/1.1 200 OK"
2026-05-06 13:03:00,573 - balethon.network.connection - INFO - [getUpdates] JSON{'offset': 99}
2026-05-06 13:03:02,036 - bot - INFO - Bot started successfully
2026-05-06 13:03:02,972 - __main__ - INFO - ==================================================
2026-05-06 13:03:02,973 - __main__ - INFO -   EliteUniteTime — Bot + Dashboard
2026-05-06 13:03:02,973 - __main__ - INFO - ==================================================
2026-05-06 13:03:02,974 - __main__ - INFO - Dashboard thread started
2026-05-06 13:03:03,518 - database.db - INFO - Table 'users' initialized successfully
2026-05-06 13:03:03,519 - database.db - INFO - Table 'reports' initialized successfully
2026-05-06 13:03:03,519 - database.db - INFO - Table 'penalties' initialized successfully
2026-05-06 13:03:03,532 - __main__ - INFO - Dashboard starting on http://0.0.0.0:5000
2026-05-06 13:03:03,547 - werkzeug - INFO - [31m[1mWARNING: This is a development server. Do not use it in a production deployment. Use a production WSGI server instead.[0m
 * Running on all addresses (0.0.0.0)
 * Running on http://127.0.0.1:5000
 * Running on http://10.180.140.240:5000
2026-05-06 13:03:03,547 - werkzeug - INFO - [33mPress CTRL+C to quit[0m
2026-05-06 13:03:03,998 - database.db - INFO - Table 'users' initialized successfully
2026-05-06 13:03:03,998 - database.db - INFO - Table 'reports' initialized successfully
2026-05-06 13:03:03,999 - database.db - INFO - Table 'penalties' initialized successfully
2026-05-06 13:03:03,999 - bot - INFO - Database initialized
2026-05-06 13:03:03,999 - bot - INFO - Scheduler service initialized
2026-05-06 13:03:03,999 - bot - INFO - All handlers initialized
2026-05-06 13:03:04,000 - bot - INFO - Bale client initialized
2026-05-06 13:03:04,001 - bot - INFO - Message and callback handlers registered
2026-05-06 13:03:04,001 - bot - INFO - Starting EliteUniteTime bot...
2026-05-06 13:03:04,001 - apscheduler.scheduler - INFO - Adding job tentatively -- it will be properly scheduled when the scheduler starts
2026-05-06 13:03:04,001 - services.scheduler - INFO - Missing report check job added: daily at 10:00 Asia/Tehran
2026-05-06 13:03:04,002 - apscheduler.scheduler - INFO - Added job "Check missing daily reports" to job store "default"
2026-05-06 13:03:04,002 - apscheduler.scheduler - INFO - Scheduler started
2026-05-06 13:03:04,003 - services.scheduler - INFO - Scheduler started successfully
2026-05-06 13:03:04,003 - bot - INFO - Scheduler started successfully
2026-05-06 13:03:04,758 - httpx - INFO - HTTP Request: GET https://tapi.bale.ai/bot2029474166:MzkMDmPbKHhF6JT0Dn9AYuq84mnTq20L1wk/getMe "HTTP/1.1 200 OK"
2026-05-06 13:03:04,927 - httpx - INFO - HTTP Request: GET https://tapi.bale.ai/bot2029474166:MzkMDmPbKHhF6JT0Dn9AYuq84mnTq20L1wk/deleteWebhook "HTTP/1.1 200 OK"
2026-05-06 13:03:07,603 - werkzeug - INFO - 127.0.0.1 - - [06/May/2026 13:03:07] "GET /reports HTTP/1.1" 200 -
2026-05-06 13:03:10,022 - httpx - INFO - HTTP Request: POST https://tapi.bale.ai/bot2029474166:MzkMDmPbKHhF6JT0Dn9AYuq84mnTq20L1wk/getUpdates "HTTP/1.1 200 OK"
2026-05-06 13:03:10,697 - werkzeug - INFO - 127.0.0.1 - - [06/May/2026 13:03:10] "GET / HTTP/1.1" 200 -
2026-05-06 13:03:12,488 - werkzeug - INFO - 127.0.0.1 - - [06/May/2026 13:03:12] "GET /users HTTP/1.1" 200 -
2026-05-06 13:03:14,891 - werkzeug - INFO - 127.0.0.1 - - [06/May/2026 13:03:14] "GET /reports HTTP/1.1" 200 -
2026-05-06 13:03:15,113 - httpx - INFO - HTTP Request: POST https://tapi.bale.ai/bot2029474166:MzkMDmPbKHhF6JT0Dn9AYuq84mnTq20L1wk/getUpdates "HTTP/1.1 200 OK"
2026-05-06 13:03:20,184 - httpx - INFO - HTTP Request: POST https://tapi.bale.ai/bot2029474166:MzkMDmPbKHhF6JT0Dn9AYuq84mnTq20L1wk/getUpdates "HTTP/1.1 200 OK"
2026-05-06 13:03:25,234 - httpx - INFO - HTTP Request: POST https://tapi.bale.ai/bot2029474166:MzkMDmPbKHhF6JT0Dn9AYuq84mnTq20L1wk/getUpdates "HTTP/1.1 200 OK"
2026-05-06 13:03:30,387 - httpx - INFO - HTTP Request: POST https://tapi.bale.ai/bot2029474166:MzkMDmPbKHhF6JT0Dn9AYuq84mnTq20L1wk/getUpdates "HTTP/1.1 200 OK"
2026-05-06 13:03:35,504 - httpx - INFO - HTTP Request: POST https://tapi.bale.ai/bot2029474166:MzkMDmPbKHhF6JT0Dn9AYuq84mnTq20L1wk/getUpdates "HTTP/1.1 200 OK"
2026-05-06 13:03:40,594 - httpx - INFO - HTTP Request: POST https://tapi.bale.ai/bot2029474166:MzkMDmPbKHhF6JT0Dn9AYuq84mnTq20L1wk/getUpdates "HTTP/1.1 200 OK"
2026-05-06 13:03:45,648 - httpx - INFO - HTTP Request: POST https://tapi.bale.ai/bot2029474166:MzkMDmPbKHhF6JT0Dn9AYuq84mnTq20L1wk/getUpdates "HTTP/1.1 200 OK"
2026-05-06 13:03:50,733 - httpx - INFO - HTTP Request: POST https://tapi.bale.ai/bot2029474166:MzkMDmPbKHhF6JT0Dn9AYuq84mnTq20L1wk/getUpdates "HTTP/1.1 200 OK"
2026-05-06 13:03:56,079 - httpx - INFO - HTTP Request: POST https://tapi.bale.ai/bot2029474166:MzkMDmPbKHhF6JT0Dn9AYuq84mnTq20L1wk/getUpdates "HTTP/1.1 200 OK"
2026-05-06 13:04:01,176 - httpx - INFO - HTTP Request: POST https://tapi.bale.ai/bot2029474166:MzkMDmPbKHhF6JT0Dn9AYuq84mnTq20L1wk/getUpdates "HTTP/1.1 200 OK"
2026-05-06 13:04:06,259 - httpx - INFO - HTTP Request: POST https://tapi.bale.ai/bot2029474166:MzkMDmPbKHhF6JT0Dn9AYuq84mnTq20L1wk/getUpdates "HTTP/1.1 200 OK"
2026-05-06 13:04:11,357 - httpx - INFO - HTTP Request: POST https://tapi.bale.ai/bot2029474166:MzkMDmPbKHhF6JT0Dn9AYuq84mnTq20L1wk/getUpdates "HTTP/1.1 200 OK"
2026-05-06 13:04:16,430 - httpx - INFO - HTTP Request: POST https://tapi.bale.ai/bot2029474166:MzkMDmPbKHhF6JT0Dn9AYuq84mnTq20L1wk/getUpdates "HTTP/1.1 200 OK"
2026-05-06 13:04:21,985 - httpx - INFO - HTTP Request: POST https://tapi.bale.ai/bot2029474166:MzkMDmPbKHhF6JT0Dn9AYuq84mnTq20L1wk/getUpdates "HTTP/1.1 200 OK"
2026-05-06 13:04:27,329 - httpx - INFO - HTTP Request: POST https://tapi.bale.ai/bot2029474166:MzkMDmPbKHhF6JT0Dn9AYuq84mnTq20L1wk/getUpdates "HTTP/1.1 200 OK"
2026-05-06 13:04:32,945 - httpx - INFO - HTTP Request: POST https://tapi.bale.ai/bot2029474166:MzkMDmPbKHhF6JT0Dn9AYuq84mnTq20L1wk/getUpdates "HTTP/1.1 200 OK"
2026-05-06 13:04:38,029 - httpx - INFO - HTTP Request: POST https://tapi.bale.ai/bot2029474166:MzkMDmPbKHhF6JT0Dn9AYuq84mnTq20L1wk/getUpdates "HTTP/1.1 200 OK"
2026-05-06 13:04:43,337 - httpx - INFO - HTTP Request: POST https://tapi.bale.ai/bot2029474166:MzkMDmPbKHhF6JT0Dn9AYuq84mnTq20L1wk/getUpdates "HTTP/1.1 200 OK"
2026-05-06 13:04:48,548 - httpx - INFO - HTTP Request: POST https://tapi.bale.ai/bot2029474166:MzkMDmPbKHhF6JT0Dn9AYuq84mnTq20L1wk/getUpdates "HTTP/1.1 200 OK"
2026-05-06 13:04:53,897 - httpx - INFO - HTTP Request: POST https://tapi.bale.ai/bot2029474166:MzkMDmPbKHhF6JT0Dn9AYuq84mnTq20L1wk/getUpdates "HTTP/1.1 200 OK"
2026-05-06 13:04:59,034 - httpx - INFO - HTTP Request: POST https://tapi.bale.ai/bot2029474166:MzkMDmPbKHhF6JT0Dn9AYuq84mnTq20L1wk/getUpdates "HTTP/1.1 200 OK"
2026-05-06 13:05:04,145 - httpx - INFO - HTTP Request: POST https://tapi.bale.ai/bot2029474166:MzkMDmPbKHhF6JT0Dn9AYuq84mnTq20L1wk/getUpdates "HTTP/1.1 200 OK"
2026-05-06 13:05:09,259 - httpx - INFO - HTTP Request: POST https://tapi.bale.ai/bot2029474166:MzkMDmPbKHhF6JT0Dn9AYuq84mnTq20L1wk/getUpdates "HTTP/1.1 200 OK"
2026-05-06 13:05:14,362 - httpx - INFO - HTTP Request: POST https://tapi.bale.ai/bot2029474166:MzkMDmPbKHhF6JT0Dn9AYuq84mnTq20L1wk/getUpdates "HTTP/1.1 200 OK"
2026-05-06 13:05:19,460 - httpx - INFO - HTTP Request: POST https://tapi.bale.ai/bot2029474166:MzkMDmPbKHhF6JT0Dn9AYuq84mnTq20L1wk/getUpdates "HTTP/1.1 200 OK"
2026-05-06 13:05:24,604 - httpx - INFO - HTTP Request: POST https://tapi.bale.ai/bot2029474166:MzkMDmPbKHhF6JT0Dn9AYuq84mnTq20L1wk/getUpdates "HTTP/1.1 200 OK"
2026-05-06 13:05:29,707 - httpx - INFO - HTTP Request: POST https://tapi.bale.ai/bot2029474166:MzkMDmPbKHhF6JT0Dn9AYuq84mnTq20L1wk/getUpdates "HTTP/1.1 200 OK"
2026-05-06 13:05:34,861 - httpx - INFO - HTTP Request: POST https://tapi.bale.ai/bot2029474166:MzkMDmPbKHhF6JT0Dn9AYuq84mnTq20L1wk/getUpdates "HTTP/1.1 200 OK"
2026-05-06 13:05:39,938 - httpx - INFO - HTTP Request: POST https://tapi.bale.ai/bot2029474166:MzkMDmPbKHhF6JT0Dn9AYuq84mnTq20L1wk/getUpdates "HTTP/1.1 200 OK"
2026-05-06 13:05:45,055 - httpx - INFO - HTTP Request: POST https://tapi.bale.ai/bot2029474166:MzkMDmPbKHhF6JT0Dn9AYuq84mnTq20L1wk/getUpdates "HTTP/1.1 200 OK"
2026-05-06 13:05:49,139 - bot - INFO - Bot started successfully
2026-05-06 13:05:49,886 - __main__ - INFO - ==================================================
2026-05-06 13:05:49,887 - __main__ - INFO -   EliteUniteTime — Bot + Dashboard
2026-05-06 13:05:49,887 - __main__ - INFO - ==================================================
2026-05-06 13:05:49,887 - __main__ - INFO - Dashboard thread started
2026-05-06 13:05:50,293 - database.db - INFO - Table 'users' initialized successfully
2026-05-06 13:05:50,293 - database.db - INFO - Table 'reports' initialized successfully
2026-05-06 13:05:50,294 - database.db - INFO - Table 'penalties' initialized successfully
2026-05-06 13:05:50,308 - __main__ - INFO - Dashboard starting on http://0.0.0.0:5000
2026-05-06 13:05:50,353 - werkzeug - INFO - [31m[1mWARNING: This is a development server. Do not use it in a production deployment. Use a production WSGI server instead.[0m
 * Running on all addresses (0.0.0.0)
 * Running on http://127.0.0.1:5000
 * Running on http://10.180.140.240:5000
2026-05-06 13:05:50,377 - werkzeug - INFO - [33mPress CTRL+C to quit[0m
2026-05-06 13:05:50,869 - database.db - INFO - Table 'users' initialized successfully
2026-05-06 13:05:50,870 - database.db - INFO - Table 'reports' initialized successfully
2026-05-06 13:05:50,870 - database.db - INFO - Table 'penalties' initialized successfully
2026-05-06 13:05:50,871 - bot - INFO - Database initialized
2026-05-06 13:05:50,872 - bot - INFO - Scheduler service initialized
2026-05-06 13:05:50,872 - bot - INFO - All handlers initialized
2026-05-06 13:05:50,873 - bot - INFO - Bale client initialized
2026-05-06 13:05:50,874 - bot - INFO - Message and callback handlers registered
2026-05-06 13:05:50,874 - bot - INFO - Starting EliteUniteTime bot...
2026-05-06 13:05:50,875 - apscheduler.scheduler - INFO - Adding job tentatively -- it will be properly scheduled when the scheduler starts
2026-05-06 13:05:50,875 - services.scheduler - INFO - Missing report check job added: daily at 10:00 Asia/Tehran
2026-05-06 13:05:50,876 - apscheduler.scheduler - INFO - Added job "Check missing daily reports" to job store "default"
2026-05-06 13:05:50,877 - apscheduler.scheduler - INFO - Scheduler started
2026-05-06 13:05:50,879 - services.scheduler - INFO - Scheduler started successfully
2026-05-06 13:05:50,880 - bot - INFO - Scheduler started successfully
2026-05-06 13:05:51,574 - httpx - INFO - HTTP Request: GET https://tapi.bale.ai/bot2029474166:MzkMDmPbKHhF6JT0Dn9AYuq84mnTq20L1wk/getMe "HTTP/1.1 200 OK"
2026-05-06 13:05:51,622 - httpx - INFO - HTTP Request: GET https://tapi.bale.ai/bot2029474166:MzkMDmPbKHhF6JT0Dn9AYuq84mnTq20L1wk/deleteWebhook "HTTP/1.1 200 OK"
2026-05-06 13:05:52,436 - werkzeug - INFO - 127.0.0.1 - - [06/May/2026 13:05:52] "GET /reports HTTP/1.1" 200 -
2026-05-06 13:05:55,014 - werkzeug - INFO - 127.0.0.1 - - [06/May/2026 13:05:55] "GET / HTTP/1.1" 200 -
2026-05-06 13:05:56,898 - httpx - INFO - HTTP Request: POST https://tapi.bale.ai/bot2029474166:MzkMDmPbKHhF6JT0Dn9AYuq84mnTq20L1wk/getUpdates "HTTP/1.1 200 OK"
2026-05-06 13:05:57,649 - werkzeug - INFO - 127.0.0.1 - - [06/May/2026 13:05:57] "GET /users HTTP/1.1" 200 -
2026-05-06 13:06:02,009 - httpx - INFO - HTTP Request: POST https://tapi.bale.ai/bot2029474166:MzkMDmPbKHhF6JT0Dn9AYuq84mnTq20L1wk/getUpdates "HTTP/1.1 200 OK"
2026-05-06 13:06:03,813 - database.db - INFO - User 1 and all related data deleted
2026-05-06 13:06:03,817 - werkzeug - INFO - 127.0.0.1 - - [06/May/2026 13:06:03] "POST /users/delete/1 HTTP/1.1" 200 -
2026-05-06 13:06:05,464 - werkzeug - INFO - 127.0.0.1 - - [06/May/2026 13:06:05] "GET /users HTTP/1.1" 200 -
2026-05-06 13:06:07,094 - httpx - INFO - HTTP Request: POST https://tapi.bale.ai/bot2029474166:MzkMDmPbKHhF6JT0Dn9AYuq84mnTq20L1wk/getUpdates "HTTP/1.1 200 OK"
2026-05-06 13:06:12,160 - httpx - INFO - HTTP Request: POST https://tapi.bale.ai/bot2029474166:MzkMDmPbKHhF6JT0Dn9AYuq84mnTq20L1wk/getUpdates "HTTP/1.1 200 OK"
2026-05-06 13:06:12,976 - httpx - INFO - HTTP Request: POST https://tapi.bale.ai/bot2029474166:MzkMDmPbKHhF6JT0Dn9AYuq84mnTq20L1wk/getUpdates "HTTP/1.1 200 OK"
2026-05-06 13:06:13,070 - balethon.network.connection - INFO - [getUpdates] JSON{'offset': 100}
2026-05-06 13:06:13,082 - bot - INFO - Message from user 2062332444: /start
2026-05-06 13:06:13,168 - balethon.network.connection - INFO - [sendMessage] JSON{'chat_id': 2062332444, 'text': 'خوش آمدید به سیستم مدیریت زمان EliteUniteTime! 🎉\n\nلطفاً اطلاعات خود را کامل کنید.\n\n🔤 لطفاً نام کامل خود را وارد کنید:'}
2026-05-06 13:06:13,443 - httpx - INFO - HTTP Request: POST https://tapi.bale.ai/bot2029474166:MzkMDmPbKHhF6JT0Dn9AYuq84mnTq20L1wk/sendMessage "HTTP/1.1 200 OK"
2026-05-06 13:06:17,388 - httpx - INFO - HTTP Request: POST https://tapi.bale.ai/bot2029474166:MzkMDmPbKHhF6JT0Dn9AYuq84mnTq20L1wk/getUpdates "HTTP/1.1 200 OK"
2026-05-06 13:06:17,445 - balethon.network.connection - INFO - [getUpdates] JSON{'offset': 101}
2026-05-06 13:06:17,453 - bot - INFO - Message from user 2062332444: امیرحسین قدیمی
2026-05-06 13:06:17,487 - balethon.network.connection - INFO - [sendMessage] JSON{'chat_id': 2062332444, 'text': '📞 لطفاً شماره تماس خود را اشتراک گذاری کنید\nیا شماره را به صورت دستی وارد کنید (مثال: 09123456789):', 'reply_markup': {'keyboard': [[{'text': '📞 اشتراک گذاری شماره', 'request_contact': True}]], 'resize_keyboard': True, 'one_time_keyboard': True}}
2026-05-06 13:06:17,683 - httpx - INFO - HTTP Request: POST https://tapi.bale.ai/bot2029474166:MzkMDmPbKHhF6JT0Dn9AYuq84mnTq20L1wk/sendMessage "HTTP/1.1 200 OK"
2026-05-06 13:06:19,558 - httpx - INFO - HTTP Request: POST https://tapi.bale.ai/bot2029474166:MzkMDmPbKHhF6JT0Dn9AYuq84mnTq20L1wk/getUpdates "HTTP/1.1 200 OK"
2026-05-06 13:06:19,634 - balethon.network.connection - INFO - [getUpdates] JSON{'offset': 102}
2026-05-06 13:06:19,645 - bot - INFO - Message from user 2062332444: 
2026-05-06 13:06:19,667 - database.db - INFO - User added: امیرحسین قدیمی (ID: 4)
2026-05-06 13:06:19,707 - balethon.network.connection - INFO - [sendMessage] JSON{'chat_id': 2062332444, 'text': '✅ ثبت نام شما با موفقیت انجام شد!\n\nمنوی اصلی:', 'reply_markup': {'keyboard': [], 'remove_keyboard': True}}
2026-05-06 13:06:19,823 - httpx - INFO - HTTP Request: POST https://tapi.bale.ai/bot2029474166:MzkMDmPbKHhF6JT0Dn9AYuq84mnTq20L1wk/sendMessage "HTTP/1.1 200 OK"
2026-05-06 13:06:19,875 - balethon.network.connection - INFO - [sendMessage] JSON{'chat_id': 2062332444, 'text': '📋 منوی اصلی:', 'reply_markup': {'inline_keyboard': [[{'text': '📊 ثبت گزارش روزانه', 'callback_data': 'daily_report'}], [{'text': '📈 گزارش هفتگی', 'callback_data': 'weekly_report'}, {'text': '📅 گزارش ماهانه', 'callback_data': 'monthly_report'}], [{'text': '👤 پروفایل من', 'callback_data': 'profile'}], [{'text': '👥 آشنایی با دوستان', 'callback_data': 'friends'}]]}}
2026-05-06 13:06:20,001 - httpx - INFO - HTTP Request: POST https://tapi.bale.ai/bot2029474166:MzkMDmPbKHhF6JT0Dn9AYuq84mnTq20L1wk/sendMessage "HTTP/1.1 200 OK"
2026-05-06 13:06:20,040 - handlers.start - INFO - User registered: امیرحسین قدیمی (ID: 2062332444)
2026-05-06 13:06:24,780 - httpx - INFO - HTTP Request: POST https://tapi.bale.ai/bot2029474166:MzkMDmPbKHhF6JT0Dn9AYuq84mnTq20L1wk/getUpdates "HTTP/1.1 200 OK"
2026-05-06 13:06:24,817 - balethon.network.connection - INFO - [getUpdates] JSON{'offset': 102}
2026-05-06 13:06:29,882 - httpx - INFO - HTTP Request: POST https://tapi.bale.ai/bot2029474166:MzkMDmPbKHhF6JT0Dn9AYuq84mnTq20L1wk/getUpdates "HTTP/1.1 200 OK"
2026-05-06 13:06:29,896 - balethon.network.connection - INFO - [getUpdates] JSON{'offset': 102}
2026-05-06 13:06:30,810 - werkzeug - INFO - 127.0.0.1 - - [06/May/2026 13:06:30] "GET /penalties HTTP/1.1" 200 -
2026-05-06 13:06:34,976 - httpx - INFO - HTTP Request: POST https://tapi.bale.ai/bot2029474166:MzkMDmPbKHhF6JT0Dn9AYuq84mnTq20L1wk/getUpdates "HTTP/1.1 200 OK"
2026-05-06 13:06:34,996 - balethon.network.connection - INFO - [getUpdates] JSON{'offset': 102}
2026-05-06 13:06:40,060 - httpx - INFO - HTTP Request: POST https://tapi.bale.ai/bot2029474166:MzkMDmPbKHhF6JT0Dn9AYuq84mnTq20L1wk/getUpdates "HTTP/1.1 200 OK"
2026-05-06 13:06:40,082 - balethon.network.connection - INFO - [getUpdates] JSON{'offset': 102}
2026-05-06 13:06:45,135 - httpx - INFO - HTTP Request: POST https://tapi.bale.ai/bot2029474166:MzkMDmPbKHhF6JT0Dn9AYuq84mnTq20L1wk/getUpdates "HTTP/1.1 200 OK"
2026-05-06 13:06:45,139 - balethon.network.connection - INFO - [getUpdates] JSON{'offset': 102}
2026-05-06 13:06:50,194 - httpx - INFO - HTTP Request: POST https://tapi.bale.ai/bot2029474166:MzkMDmPbKHhF6JT0Dn9AYuq84mnTq20L1wk/getUpdates "HTTP/1.1 200 OK"
2026-05-06 13:06:50,201 - balethon.network.connection - INFO - [getUpdates] JSON{'offset': 102}
2026-05-06 13:06:55,447 - httpx - INFO - HTTP Request: POST https://tapi.bale.ai/bot2029474166:MzkMDmPbKHhF6JT0Dn9AYuq84mnTq20L1wk/getUpdates "HTTP/1.1 200 OK"
2026-05-06 13:06:55,452 - balethon.network.connection - INFO - [getUpdates] JSON{'offset': 102}
2026-05-06 13:07:00,500 - httpx - INFO - HTTP Request: POST https://tapi.bale.ai/bot2029474166:MzkMDmPbKHhF6JT0Dn9AYuq84mnTq20L1wk/getUpdates "HTTP/1.1 200 OK"
2026-05-06 13:07:00,506 - balethon.network.connection - INFO - [getUpdates] JSON{'offset': 102}
2026-05-06 13:07:05,541 - httpx - INFO - HTTP Request: POST https://tapi.bale.ai/bot2029474166:MzkMDmPbKHhF6JT0Dn9AYuq84mnTq20L1wk/getUpdates "HTTP/1.1 200 OK"
2026-05-06 13:07:05,548 - balethon.network.connection - INFO - [getUpdates] JSON{'offset': 102}
2026-05-06 13:07:10,600 - httpx - INFO - HTTP Request: POST https://tapi.bale.ai/bot2029474166:MzkMDmPbKHhF6JT0Dn9AYuq84mnTq20L1wk/getUpdates "HTTP/1.1 200 OK"
2026-05-06 13:07:10,603 - balethon.network.connection - INFO - [getUpdates] JSON{'offset': 102}
2026-05-06 13:07:15,632 - httpx - INFO - HTTP Request: POST https://tapi.bale.ai/bot2029474166:MzkMDmPbKHhF6JT0Dn9AYuq84mnTq20L1wk/getUpdates "HTTP/1.1 200 OK"
2026-05-06 13:07:15,635 - balethon.network.connection - INFO - [getUpdates] JSON{'offset': 102}
2026-05-06 13:07:20,687 - httpx - INFO - HTTP Request: POST https://tapi.bale.ai/bot2029474166:MzkMDmPbKHhF6JT0Dn9AYuq84mnTq20L1wk/getUpdates "HTTP/1.1 200 OK"
2026-05-06 13:07:20,694 - balethon.network.connection - INFO - [getUpdates] JSON{'offset': 102}
2026-05-06 13:07:25,751 - httpx - INFO - HTTP Request: POST https://tapi.bale.ai/bot2029474166:MzkMDmPbKHhF6JT0Dn9AYuq84mnTq20L1wk/getUpdates "HTTP/1.1 200 OK"
2026-05-06 13:07:25,761 - balethon.network.connection - INFO - [getUpdates] JSON{'offset': 102}
2026-05-06 13:07:30,902 - httpx - INFO - HTTP Request: POST https://tapi.bale.ai/bot2029474166:MzkMDmPbKHhF6JT0Dn9AYuq84mnTq20L1wk/getUpdates "HTTP/1.1 200 OK"
2026-05-06 13:07:30,909 - balethon.network.connection - INFO - [getUpdates] JSON{'offset': 102}
2026-05-06 13:07:35,980 - httpx - INFO - HTTP Request: POST https://tapi.bale.ai/bot2029474166:MzkMDmPbKHhF6JT0Dn9AYuq84mnTq20L1wk/getUpdates "HTTP/1.1 200 OK"
2026-05-06 13:07:35,991 - balethon.network.connection - INFO - [getUpdates] JSON{'offset': 102}
2026-05-06 13:07:41,077 - httpx - INFO - HTTP Request: POST https://tapi.bale.ai/bot2029474166:MzkMDmPbKHhF6JT0Dn9AYuq84mnTq20L1wk/getUpdates "HTTP/1.1 200 OK"
2026-05-06 13:07:41,086 - balethon.network.connection - INFO - [getUpdates] JSON{'offset': 102}
2026-05-06 13:07:46,181 - httpx - INFO - HTTP Request: POST https://tapi.bale.ai/bot2029474166:MzkMDmPbKHhF6JT0Dn9AYuq84mnTq20L1wk/getUpdates "HTTP/1.1 200 OK"
2026-05-06 13:07:46,188 - balethon.network.connection - INFO - [getUpdates] JSON{'offset': 102}
2026-05-06 13:07:51,323 - httpx - INFO - HTTP Request: POST https://tapi.bale.ai/bot2029474166:MzkMDmPbKHhF6JT0Dn9AYuq84mnTq20L1wk/getUpdates "HTTP/1.1 200 OK"
2026-05-06 13:07:51,334 - balethon.network.connection - INFO - [getUpdates] JSON{'offset': 102}
2026-05-06 13:07:56,395 - httpx - INFO - HTTP Request: POST https://tapi.bale.ai/bot2029474166:MzkMDmPbKHhF6JT0Dn9AYuq84mnTq20L1wk/getUpdates "HTTP/1.1 200 OK"
2026-05-06 13:07:56,399 - balethon.network.connection - INFO - [getUpdates] JSON{'offset': 102}
2026-05-06 13:08:01,451 - httpx - INFO - HTTP Request: POST https://tapi.bale.ai/bot2029474166:MzkMDmPbKHhF6JT0Dn9AYuq84mnTq20L1wk/getUpdates "HTTP/1.1 200 OK"
2026-05-06 13:08:01,457 - balethon.network.connection - INFO - [getUpdates] JSON{'offset': 102}
2026-05-06 13:08:06,583 - httpx - INFO - HTTP Request: POST https://tapi.bale.ai/bot2029474166:MzkMDmPbKHhF6JT0Dn9AYuq84mnTq20L1wk/getUpdates "HTTP/1.1 200 OK"
2026-05-06 13:08:06,594 - balethon.network.connection - INFO - [getUpdates] JSON{'offset': 102}
2026-05-06 13:08:11,691 - httpx - INFO - HTTP Request: POST https://tapi.bale.ai/bot2029474166:MzkMDmPbKHhF6JT0Dn9AYuq84mnTq20L1wk/getUpdates "HTTP/1.1 200 OK"
2026-05-06 13:08:11,704 - balethon.network.connection - INFO - [getUpdates] JSON{'offset': 102}
2026-05-06 13:08:16,839 - httpx - INFO - HTTP Request: POST https://tapi.bale.ai/bot2029474166:MzkMDmPbKHhF6JT0Dn9AYuq84mnTq20L1wk/getUpdates "HTTP/1.1 200 OK"
2026-05-06 13:08:16,848 - balethon.network.connection - INFO - [getUpdates] JSON{'offset': 102}
2026-05-06 13:08:22,026 - httpx - INFO - HTTP Request: POST https://tapi.bale.ai/bot2029474166:MzkMDmPbKHhF6JT0Dn9AYuq84mnTq20L1wk/getUpdates "HTTP/1.1 200 OK"
2026-05-06 13:08:22,034 - balethon.network.connection - INFO - [getUpdates] JSON{'offset': 102}
2026-05-06 13:08:27,099 - httpx - INFO - HTTP Request: POST https://tapi.bale.ai/bot2029474166:MzkMDmPbKHhF6JT0Dn9AYuq84mnTq20L1wk/getUpdates "HTTP/1.1 200 OK"
2026-05-06 13:08:27,102 - balethon.network.connection - INFO - [getUpdates] JSON{'offset': 102}
2026-05-06 13:08:32,263 - httpx - INFO - HTTP Request: POST https://tapi.bale.ai/bot2029474166:MzkMDmPbKHhF6JT0Dn9AYuq84mnTq20L1wk/getUpdates "HTTP/1.1 200 OK"
2026-05-06 13:08:32,271 - balethon.network.connection - INFO - [getUpdates] JSON{'offset': 102}
2026-05-06 13:08:37,327 - httpx - INFO - HTTP Request: POST https://tapi.bale.ai/bot2029474166:MzkMDmPbKHhF6JT0Dn9AYuq84mnTq20L1wk/getUpdates "HTTP/1.1 200 OK"
2026-05-06 13:08:37,330 - balethon.network.connection - INFO - [getUpdates] JSON{'offset': 102}
2026-05-06 13:08:41,222 - httpx - INFO - HTTP Request: POST https://tapi.bale.ai/bot2029474166:MzkMDmPbKHhF6JT0Dn9AYuq84mnTq20L1wk/getUpdates "HTTP/1.1 200 OK"
2026-05-06 13:08:41,243 - balethon.network.connection - INFO - [getUpdates] JSON{'offset': 103}
2026-05-06 13:08:41,244 - bot - INFO - Callback query from user 2062332444: daily_report
2026-05-06 13:08:41,252 - balethon.network.connection - INFO - [sendMessage] JSON{'chat_id': 2062332444, 'text': '📊 ثبت گزارش روزانه\n\n📅 امروز: چهارشنبه 1405/02/16\n\n⬛️ لطفاً ساعت کاری اصلی را وارد کنید:\n(مثال: 6 یا 6.5)'}
2026-05-06 13:08:41,569 - httpx - INFO - HTTP Request: POST https://tapi.bale.ai/bot2029474166:MzkMDmPbKHhF6JT0Dn9AYuq84mnTq20L1wk/sendMessage "HTTP/1.1 200 OK"
2026-05-06 13:08:41,583 - balethon.network.connection - INFO - [answerCallbackQuery] JSON{'callback_query_id': '4279681562189488080', 'text': '', 'show_alert': False}
2026-05-06 13:08:41,622 - httpx - INFO - HTTP Request: POST https://tapi.bale.ai/bot2029474166:MzkMDmPbKHhF6JT0Dn9AYuq84mnTq20L1wk/answerCallbackQuery "HTTP/1.1 200 OK"
2026-05-06 13:08:46,296 - httpx - INFO - HTTP Request: POST https://tapi.bale.ai/bot2029474166:MzkMDmPbKHhF6JT0Dn9AYuq84mnTq20L1wk/getUpdates "HTTP/1.1 200 OK"
2026-05-06 13:08:46,301 - balethon.network.connection - INFO - [getUpdates] JSON{'offset': 103}
2026-05-06 13:08:46,487 - httpx - INFO - HTTP Request: POST https://tapi.bale.ai/bot2029474166:MzkMDmPbKHhF6JT0Dn9AYuq84mnTq20L1wk/getUpdates "HTTP/1.1 200 OK"
2026-05-06 13:08:46,501 - balethon.network.connection - INFO - [getUpdates] JSON{'offset': 104}
2026-05-06 13:08:46,503 - bot - INFO - Message from user 2062332444: 4
2026-05-06 13:08:46,507 - balethon.network.connection - INFO - [sendMessage] JSON{'chat_id': 2062332444, 'text': '🔵 لطفاً ساعت کاری فرعی را وارد کنید:\n(ورزش، پادکست، یادگیری، ...)\n\n(مثال: 2 یا 2.5)'}
2026-05-06 13:08:46,596 - httpx - INFO - HTTP Request: POST https://tapi.bale.ai/bot2029474166:MzkMDmPbKHhF6JT0Dn9AYuq84mnTq20L1wk/sendMessage "HTTP/1.1 200 OK"
2026-05-06 13:08:49,720 - httpx - INFO - HTTP Request: POST https://tapi.bale.ai/bot2029474166:MzkMDmPbKHhF6JT0Dn9AYuq84mnTq20L1wk/getUpdates "HTTP/1.1 200 OK"
2026-05-06 13:08:49,735 - balethon.network.connection - INFO - [getUpdates] JSON{'offset': 105}
2026-05-06 13:08:49,737 - bot - INFO - Message from user 2062332444: 1
2026-05-06 13:08:49,763 - database.db - INFO - Report added: user_id=4, date=1405/02/16
2026-05-06 13:08:49,764 - services.reports - INFO - Report submitted: user_id=4, date=1405/02/16
2026-05-06 13:08:49,770 - balethon.network.connection - INFO - [sendMessage] JSON{'chat_id': 2062332444, 'text': '✅ گزارش شما ثبت شد!\n\n👤 امیرحسین قدیمی\n⬛️ اصلی: 4.0\n🔵 فرعی: 1.0\n➕ مجموع: 5.0\n\n📅 چهارشنبه 1405/02/16\n🕐 ساعت ثبت: 13:08', 'reply_markup': {'inline_keyboard': [[{'text': '🏠 بازگشت به منوی اصلی', 'callback_data': 'main_menu'}]]}}
2026-05-06 13:08:49,865 - httpx - INFO - HTTP Request: POST https://tapi.bale.ai/bot2029474166:MzkMDmPbKHhF6JT0Dn9AYuq84mnTq20L1wk/sendMessage "HTTP/1.1 200 OK"
2026-05-06 13:08:49,882 - balethon.network.connection - INFO - [sendMessage] JSON{'chat_id': 4365329116, 'text': '👤 امیرحسین قدیمی\n📌 اصلی: 4.0\n📌 فرعی: 1.0\n➕ مجموع: 5.0\n📅 چهارشنبه 1405/02/16  🕐 13:08'}
2026-05-06 13:08:49,974 - httpx - INFO - HTTP Request: POST https://tapi.bale.ai/bot2029474166:MzkMDmPbKHhF6JT0Dn9AYuq84mnTq20L1wk/sendMessage "HTTP/1.1 200 OK"
2026-05-06 13:08:49,983 - handlers.tasks - INFO - Group notification sent for user امیرحسین قدیمی
2026-05-06 13:08:49,984 - handlers.tasks - INFO - Report submitted: user=امیرحسین قدیمی, main=4.0, side=1.0
2026-05-06 13:08:54,838 - httpx - INFO - HTTP Request: POST https://tapi.bale.ai/bot2029474166:MzkMDmPbKHhF6JT0Dn9AYuq84mnTq20L1wk/getUpdates "HTTP/1.1 200 OK"
2026-05-06 13:08:54,842 - balethon.network.connection - INFO - [getUpdates] JSON{'offset': 105}
2026-05-06 13:08:56,731 - httpx - INFO - HTTP Request: POST https://tapi.bale.ai/bot2029474166:MzkMDmPbKHhF6JT0Dn9AYuq84mnTq20L1wk/getUpdates "HTTP/1.1 200 OK"
2026-05-06 13:08:56,750 - balethon.network.connection - INFO - [getUpdates] JSON{'offset': 106}
2026-05-06 13:08:56,752 - bot - INFO - Callback query from user 2062332444: main_menu
2026-05-06 13:08:56,754 - balethon.network.connection - INFO - [sendMessage] JSON{'chat_id': 2062332444, 'text': '📋 منوی اصلی:', 'reply_markup': {'inline_keyboard': [[{'text': '📊 ثبت گزارش روزانه', 'callback_data': 'daily_report'}], [{'text': '📈 گزارش هفتگی', 'callback_data': 'weekly_report'}, {'text': '📅 گزارش ماهانه', 'callback_data': 'monthly_report'}], [{'text': '👤 پروفایل من', 'callback_data': 'profile'}], [{'text': '👥 آشنایی با دوستان', 'callback_data': 'friends'}]]}}
2026-05-06 13:08:56,976 - httpx - INFO - HTTP Request: POST https://tapi.bale.ai/bot2029474166:MzkMDmPbKHhF6JT0Dn9AYuq84mnTq20L1wk/sendMessage "HTTP/1.1 200 OK"
2026-05-06 13:08:56,990 - balethon.network.connection - INFO - [answerCallbackQuery] JSON{'callback_query_id': '6445671077192539929', 'text': '', 'show_alert': False}
2026-05-06 13:08:57,053 - httpx - INFO - HTTP Request: POST https://tapi.bale.ai/bot2029474166:MzkMDmPbKHhF6JT0Dn9AYuq84mnTq20L1wk/answerCallbackQuery "HTTP/1.1 200 OK"
2026-05-06 13:09:01,823 - httpx - INFO - HTTP Request: POST https://tapi.bale.ai/bot2029474166:MzkMDmPbKHhF6JT0Dn9AYuq84mnTq20L1wk/getUpdates "HTTP/1.1 200 OK"
2026-05-06 13:09:01,830 - balethon.network.connection - INFO - [getUpdates] JSON{'offset': 106}
2026-05-06 13:09:06,876 - httpx - INFO - HTTP Request: POST https://tapi.bale.ai/bot2029474166:MzkMDmPbKHhF6JT0Dn9AYuq84mnTq20L1wk/getUpdates "HTTP/1.1 200 OK"
2026-05-06 13:09:06,886 - balethon.network.connection - INFO - [getUpdates] JSON{'offset': 106}
2026-05-06 13:09:11,946 - httpx - INFO - HTTP Request: POST https://tapi.bale.ai/bot2029474166:MzkMDmPbKHhF6JT0Dn9AYuq84mnTq20L1wk/getUpdates "HTTP/1.1 200 OK"
2026-05-06 13:09:11,953 - balethon.network.connection - INFO - [getUpdates] JSON{'offset': 106}
2026-05-06 13:09:17,022 - httpx - INFO - HTTP Request: POST https://tapi.bale.ai/bot2029474166:MzkMDmPbKHhF6JT0Dn9AYuq84mnTq20L1wk/getUpdates "HTTP/1.1 200 OK"
2026-05-06 13:09:17,030 - balethon.network.connection - INFO - [getUpdates] JSON{'offset': 106}
2026-05-06 13:09:20,979 - bot - INFO - Bot started successfully
2026-05-31 12:28:57,865 - __main__ - INFO - ==================================================
2026-05-31 12:28:57,867 - __main__ - INFO -   EliteUniteTime — Bot + Dashboard
2026-05-31 12:28:57,868 - __main__ - INFO - ==================================================
2026-05-31 12:28:57,871 - __main__ - INFO - Dashboard thread started
2026-05-31 12:29:00,622 - database.db - INFO - Table 'users' initialized successfully
2026-05-31 12:29:00,623 - database.db - INFO - Table 'reports' initialized successfully
2026-05-31 12:29:00,623 - database.db - INFO - Table 'penalties' initialized successfully
2026-05-31 12:29:00,636 - __main__ - INFO - Dashboard starting on http://0.0.0.0:5000
